{
"type": "FeatureCollection",
"name": "COT_mafatev3",
"crs": { "type": "name", "properties": { "name": "urn:ogc:def:crs:OGC:1.3:CRS84" } },
"features": [
{ "type": "Feature", "properties": { "objectid": 1446 }, "geometry": { "type": "MultiPolygon", "coordinates": [ [ [ [ 55.387938549934439, -21.06892404950165 ], [ 55.387938643181741, -21.068923166065709 ], [ 55.387938896843586, -21.068922310348533 ], [ 55.387939305826364, -21.068921508497187 ], [ 55.387939856385891, -21.068920785673278 ], [ 55.387940531920414, -21.068920164301421 ], [ 55.387941312990087, -21.068919662262825 ], [ 55.387942174410739, -21.068919294674252 ], [ 55.387943091037151, -21.068919073039716 ], [ 55.387944034876227, -21.068919005222977 ], [ 55.387944977050573, -21.068919091853122 ], [ 55.387945887759422, -21.068919329937259 ], [ 55.387946742042509, -21.06891971381863 ], [ 55.3879475111587, -21.068920231481528 ], [ 55.387948174133051, -21.068920864660949 ], [ 55.38794870802716, -21.068921598686423 ], [ 55.387949099661512, -21.068922406334078 ], [ 55.387949335778679, -21.06892326760563 ], [ 55.387949408039603, -21.068924152613292 ], [ 55.38794931670715, -21.068925036970722 ], [ 55.387949062083095, -21.068925892678777 ], [ 55.387948653110094, -21.068926693626953 ], [ 55.387948102560316, -21.068927415547698 ], [ 55.387947427016059, -21.068928037822772 ], [ 55.38794664690861, -21.068928539870541 ], [ 55.387945784525648, -21.06892890744999 ], [ 55.387944867908921, -21.068929128181345 ], [ 55.387943925022292, -21.068929196910418 ], [ 55.387942982838155, -21.068929111183465 ], [ 55.387942071176738, -21.068928872186973 ], [ 55.387941216893616, -21.06892848830557 ], [ 55.387940447767676, -21.068927971545847 ], [ 55.387939785775053, -21.068927336569139 ], [ 55.387939250899237, -21.068926604340891 ], [ 55.387938859274662, -21.068925795790015 ], [ 55.387938624110085, -21.06892493543079 ], [ 55.387938549934439, -21.06892404950165 ] ] ], [ [ [ 55.387911053448128, -21.068923788384136 ], [ 55.387911145743068, -21.06892290403588 ], [ 55.387911400367315, -21.068922048327892 ], [ 55.38791180933076, -21.068921248283015 ], [ 55.387912359890414, -21.068920525459212 ], [ 55.387913035434778, -21.068919903184273 ], [ 55.387913815542269, -21.068919401136661 ], [ 55.387914677925245, -21.068919033557375 ], [ 55.387915594541937, -21.068918812826187 ], [ 55.387916537428509, -21.068918744097264 ], [ 55.387917480565079, -21.068918830736699 ], [ 55.387918391273864, -21.068919068820975 ], [ 55.387919245556873, -21.068919452702488 ], [ 55.387920014682699, -21.068919969462303 ], [ 55.387920677637453, -21.068920604448227 ], [ 55.387921211550896, -21.06892133666738 ], [ 55.38792160317535, -21.068922145218288 ], [ 55.387921839302088, -21.068923005586669 ], [ 55.387921911553114, -21.068923891497526 ], [ 55.38792182023024, -21.068924774951743 ], [ 55.387921565596294, -21.068925631562937 ], [ 55.387921156623143, -21.068926432511038 ], [ 55.387920606063517, -21.068927155334876 ], [ 55.387919930528881, -21.068927776706644 ], [ 55.387919150421354, -21.068928278754282 ], [ 55.387918288038342, -21.068928646333585 ], [ 55.387917371411852, -21.068928867967987 ], [ 55.387916428534957, -21.068928935793704 ], [ 55.387915486360576, -21.068928849163406 ], [ 55.387914573727222, -21.068928611060826 ], [ 55.387913720406438, -21.06892822718843 ], [ 55.387912951280605, -21.068927710428589 ], [ 55.387912289278376, -21.068927076354978 ], [ 55.387911754412436, -21.068926343223456 ], [ 55.387911362788017, -21.068925534672523 ], [ 55.387911127633338, -21.068924673410077 ], [ 55.387911053448128, -21.068923788384136 ] ] ], [ [ [ 55.387967075750971, -21.068923364707977 ], [ 55.387967168045577, -21.068922480359671 ], [ 55.387967421707259, -21.068921624642435 ], [ 55.387967830680154, -21.068920823694214 ], [ 55.387968381239546, -21.068920100870209 ], [ 55.387969056773954, -21.068919479498227 ], [ 55.387969837853277, -21.068918976556294 ], [ 55.38797070022639, -21.068918609879908 ], [ 55.387971615890507, -21.068918388236078 ], [ 55.387972559729583, -21.068918320419172 ], [ 55.38797350190395, -21.068918407049161 ], [ 55.387974413575101, -21.068918645142283 ], [ 55.387975266896014, -21.068919029014381 ], [ 55.387976036984298, -21.068919545783096 ], [ 55.38797669898679, -21.06892017985648 ], [ 55.387977233853043, -21.06892091298781 ], [ 55.387977625477809, -21.068921721538604 ], [ 55.387977860642621, -21.068922581897795 ], [ 55.387977933856234, -21.068923467817786 ], [ 55.387977841561693, -21.068924352166107 ], [ 55.387977586947535, -21.06892520697102 ], [ 55.387977178936943, -21.068926007928411 ], [ 55.387976628377565, -21.068926730752448 ], [ 55.387975952833422, -21.068927353027654 ], [ 55.387975171763806, -21.06892785506642 ], [ 55.387974310352895, -21.068928221751957 ], [ 55.387973392764216, -21.068928443377537 ], [ 55.387972449887322, -21.068928511203559 ], [ 55.387971507703163, -21.068928425476766 ], [ 55.387970596994208, -21.068928187392764 ], [ 55.387969742711007, -21.068927803511503 ], [ 55.387968973584968, -21.068927286751897 ], [ 55.387968310629965, -21.068926651766155 ], [ 55.387967775753992, -21.068925919537989 ], [ 55.387967384129269, -21.06892511098717 ], [ 55.387967148964528, -21.068924250627976 ], [ 55.387967075750971, -21.068923364707977 ] ] ], [ [ [ 55.387635570626493, -21.068730527172217 ], [ 55.38763582524215, -21.068729672367908 ], [ 55.387636234225901, -21.068728870517337 ], [ 55.387636784776305, -21.06872814859765 ], [ 55.387637461283063, -21.068727526332953 ], [ 55.387638241390341, -21.068727024286595 ], [ 55.387639102810489, -21.068726656699535 ], [ 55.387640019426279, -21.068726435969783 ], [ 55.387640962301909, -21.068726368145526 ], [ 55.387641904484489, -21.068726453874056 ], [ 55.387642817116088, -21.068726691978 ], [ 55.387643670434962, -21.068727075851648 ], [ 55.387644439558798, -21.0687275926126 ], [ 55.387645102521248, -21.068728226696283 ], [ 55.387645637385177, -21.068728959828533 ], [ 55.387646028045417, -21.068729768370826 ], [ 55.387646264160573, -21.06873062964268 ], [ 55.387646337381952, -21.068731514659511 ], [ 55.387646245085648, -21.068732399007544 ], [ 55.387645990460314, -21.068733254715085 ], [ 55.387645582448599, -21.068734055671609 ], [ 55.387645031888468, -21.06873477849453 ], [ 55.387644355391444, -21.068735399856056 ], [ 55.387643575284137, -21.068735901902436 ], [ 55.387642713863947, -21.06873626948952 ], [ 55.387641797248094, -21.068736490219283 ], [ 55.387640853390678, -21.068736559840801 ], [ 55.387639911217775, -21.068736473209057 ], [ 55.387638999558114, -21.068736234211038 ], [ 55.387638146239198, -21.068735850337369 ], [ 55.387637376153087, -21.068735333567247 ], [ 55.387636713190645, -21.068734699483535 ], [ 55.387636179288997, -21.068733966360405 ], [ 55.387635787666554, -21.06873315780895 ], [ 55.387635552503966, -21.068732297449415 ], [ 55.387635479292399, -21.068731411529392 ], [ 55.387635570626493, -21.068730527172217 ] ] ], [ [ [ 55.390087392994005, -21.054239695787953 ], [ 55.390146799505729, -21.054172923796546 ], [ 55.390126955911825, -21.054163336958759 ], [ 55.390196472861867, -21.054007363961091 ], [ 55.390273258515649, -21.05403078781886 ], [ 55.390287430722573, -21.05401485797093 ], [ 55.390300982859578, -21.053970778351523 ], [ 55.390334541829731, -21.053961905379875 ], [ 55.390337098664617, -21.05395903184694 ], [ 55.390321702115905, -21.053762132502598 ], [ 55.390398565979723, -21.053746150888951 ], [ 55.39039757798583, -21.053606896222064 ], [ 55.390455116243622, -21.053533244076696 ], [ 55.390589059704538, -21.053570278234226 ], [ 55.390716165889536, -21.053569412181336 ], [ 55.390728037468158, -21.053557399754592 ], [ 55.390735092132225, -21.053563542140797 ], [ 55.390729379610704, -21.053569322388356 ], [ 55.390744379420141, -21.053569219707398 ], [ 55.390945340432665, -21.053547083286343 ], [ 55.390969640264672, -21.053560604530549 ], [ 55.39091049299131, -21.053682982409676 ], [ 55.390898430302535, -21.053731031720567 ], [ 55.390978714035413, -21.053783342286163 ], [ 55.390915310700059, -21.054085174097732 ], [ 55.39086654975771, -21.054027292536318 ], [ 55.390822442886872, -21.054014469756556 ], [ 55.390768601358509, -21.053983519590947 ], [ 55.390643982590838, -21.054092014902746 ], [ 55.390485989074008, -21.054188741008595 ], [ 55.39034968722715, -21.054214460532908 ], [ 55.390322562071489, -21.054176878511718 ], [ 55.390248818525471, -21.054222212339464 ], [ 55.390155567298365, -21.054177159333374 ], [ 55.390095345519349, -21.054244847669086 ], [ 55.389958345371149, -21.054618055125854 ], [ 55.389958316603625, -21.054618135246205 ], [ 55.389786525186601, -21.055116451136698 ], [ 55.389749215647562, -21.055490976452248 ], [ 55.389749087893549, -21.055491670776249 ], [ 55.389748845922959, -21.05549233782191 ], [ 55.389748497608089, -21.055492961404603 ], [ 55.389477559189075, -21.055897050195117 ], [ 55.389469416267737, -21.055892237921363 ], [ 55.389739742486313, -21.055489062891951 ], [ 55.389776993881583, -21.055115114232368 ], [ 55.389777055051496, -21.055114705620774 ], [ 55.389777206392893, -21.055114144304326 ], [ 55.389949205351982, -21.054615233315623 ], [ 55.390086536664931, -21.054241119390355 ], [ 55.390086760545572, -21.054240612958566 ], [ 55.39008704761811, -21.054240136031098 ], [ 55.390087392994005, -21.054239695787953 ] ] ], [ [ [ 55.391577413067296, -21.053578119850503 ], [ 55.391578392648469, -21.053298463205529 ], [ 55.39168183208151, -21.053162806896466 ], [ 55.391739271189792, -21.053118728057196 ], [ 55.391948829109644, -21.053153572061408 ], [ 55.392016317715054, -21.053551820852043 ], [ 55.391663771783136, -21.053676542938227 ], [ 55.391622939586973, -21.053679382865155 ], [ 55.391577413067296, -21.053578119850503 ] ] ], [ [ [ 55.390960337712279, -21.053315198270052 ], [ 55.390934855035937, -21.053350307250053 ], [ 55.390937596696432, -21.05345457053167 ], [ 55.390947896927806, -21.053505570475998 ], [ 55.390590454773033, -21.053535395439891 ], [ 55.390410121861144, -21.053479484588539 ], [ 55.390404737877354, -21.053351629368294 ], [ 55.390387112167694, -21.053262780661406 ], [ 55.390396627204773, -21.053174348122475 ], [ 55.390308912705173, -21.053045158088029 ], [ 55.390562597031966, -21.052961612719209 ], [ 55.390751728045345, -21.052934841604667 ], [ 55.390900523858228, -21.053130630855748 ], [ 55.390918370967135, -21.053087291003912 ], [ 55.390957125431143, -21.053074968657878 ], [ 55.390990654267135, -21.053099760088099 ], [ 55.390979528337226, -21.05314678762786 ], [ 55.39093207390713, -21.053159934470429 ], [ 55.390938520320127, -21.053189001181014 ], [ 55.390969941808002, -21.053230087030141 ], [ 55.390951452144982, -21.053243507345996 ], [ 55.390938715683312, -21.053260608881036 ], [ 55.390960337712279, -21.053315198270052 ] ] ], [ [ [ 55.390740002813445, -21.052324709607255 ], [ 55.390653700386338, -21.052216701801299 ], [ 55.390789490130672, -21.05202773935606 ], [ 55.390855052808732, -21.051961773281342 ], [ 55.390859616608331, -21.051914254514553 ], [ 55.390857515071936, -21.051870839498889 ], [ 55.390955001316257, -21.051838335677893 ], [ 55.391153783226116, -21.051848980428211 ], [ 55.391172926931304, -21.051992695043339 ], [ 55.391168941975707, -21.052202311669568 ], [ 55.391156214445509, -21.05236586786101 ], [ 55.391156653360433, -21.052562011303603 ], [ 55.39103289765599, -21.052762502935202 ], [ 55.390987307460271, -21.052872217752842 ], [ 55.390970273071403, -21.052974230589115 ], [ 55.390876325086126, -21.05297515173184 ], [ 55.390836190013303, -21.052962303366112 ], [ 55.390810459721621, -21.052904985037934 ], [ 55.390826538654238, -21.05280718245308 ], [ 55.390846607061633, -21.052747421005261 ], [ 55.390812644992373, -21.052692405776618 ], [ 55.390772198346646, -21.052505099646925 ], [ 55.390740002813445, -21.052324709607255 ] ] ], [ [ [ 55.390707811140317, -21.052018212652936 ], [ 55.390551978916122, -21.051895613685765 ], [ 55.390625958726282, -21.051784508596981 ], [ 55.390827835387562, -21.051778656392184 ], [ 55.390775191863511, -21.051905492218175 ], [ 55.390707811140317, -21.052018212652936 ] ] ], [ [ [ 55.39098760848124, -21.051594254938227 ], [ 55.391077751178955, -21.051561434876952 ], [ 55.391141328763418, -21.051733049430425 ], [ 55.39105207285224, -21.051761332547628 ], [ 55.39098760848124, -21.051594254938227 ] ] ], [ [ [ 55.388370447713925, -21.055819359755624 ], [ 55.388370925034415, -21.055818731077228 ], [ 55.388708169317511, -21.055446555162614 ], [ 55.388708466989463, -21.055446256287009 ], [ 55.389043808749605, -21.055137764430334 ], [ 55.389080306692769, -21.054826902015503 ], [ 55.389080427888636, -21.054826280796565 ], [ 55.389080638332686, -21.054825682103125 ], [ 55.389080936955807, -21.054825115861231 ], [ 55.389352209862743, -21.054389750667319 ], [ 55.389623242184044, -21.053954771067396 ], [ 55.389725820224804, -21.053675331730844 ], [ 55.38973119625723, -21.053175614350824 ], [ 55.389731277815137, -21.053174831065927 ], [ 55.389731337390465, -21.05317457057912 ], [ 55.389904896790981, -21.052519707157462 ], [ 55.389944564601578, -21.051926399345479 ], [ 55.389916977315643, -21.051394606899503 ], [ 55.389916989665295, -21.051393995487242 ], [ 55.389954682058196, -21.050987695671328 ], [ 55.38995474642239, -21.050987258184271 ], [ 55.389954852975151, -21.050986834646466 ], [ 55.390014841250895, -21.050791762578307 ], [ 55.389683741950208, -21.050726329584901 ], [ 55.389732984123633, -21.050438674819436 ], [ 55.389953890422603, -21.050327661902578 ], [ 55.390138717020179, -21.050276186976458 ], [ 55.390139576466169, -21.050196354849451 ], [ 55.390220305463387, -21.050102991293077 ], [ 55.390230414948221, -21.050108785063404 ], [ 55.390299767391738, -21.049895410520797 ], [ 55.390405058553405, -21.049396130941254 ], [ 55.390405164938365, -21.049395722757353 ], [ 55.390543147986179, -21.048959091747093 ], [ 55.390543368570746, -21.04895853289165 ], [ 55.390543665795548, -21.048958005474251 ], [ 55.390544033781019, -21.048957519375413 ], [ 55.390813958641957, -21.048647249549592 ], [ 55.391251254875769, -21.048152288775889 ], [ 55.391192876222256, -21.047403447464269 ], [ 55.39108681561391, -21.047139571996361 ], [ 55.391067902744567, -21.047350675099874 ], [ 55.391005494858554, -21.047386079435832 ], [ 55.390972153761759, -21.047404995705271 ], [ 55.390873320181399, -21.047504766968459 ], [ 55.390844431824604, -21.047455763378021 ], [ 55.390808273838218, -21.047439177883607 ], [ 55.390771932574104, -21.047439645732318 ], [ 55.390649202171396, -21.047589545510053 ], [ 55.390359706596634, -21.04771999813639 ], [ 55.390289356025228, -21.047504108393014 ], [ 55.390320722405683, -21.047456136283532 ], [ 55.390371158825438, -21.04737899773836 ], [ 55.390392854520087, -21.047292301935148 ], [ 55.390367802492484, -21.047208412389075 ], [ 55.390647833108595, -21.047072996762825 ], [ 55.390753575246798, -21.047080477683526 ], [ 55.390806898220923, -21.047084249950029 ], [ 55.390881957209139, -21.047184044034775 ], [ 55.390992754337596, -21.047178596873302 ], [ 55.391067765000969, -21.047092174620111 ], [ 55.390966166594588, -21.0468394012765 ], [ 55.390605076813593, -21.046367240485971 ], [ 55.39060479454043, -21.046366825006977 ], [ 55.390604500603359, -21.04636624140489 ], [ 55.390474589878636, -21.046052197504014 ], [ 55.390474367419401, -21.046051498957272 ], [ 55.39047426839192, -21.04605077538428 ], [ 55.39047429451653, -21.046050045770496 ], [ 55.390474445569915, -21.046049330889588 ], [ 55.390577995535025, -21.045706556150819 ], [ 55.390614134257227, -21.045426952381437 ], [ 55.390451778920948, -21.045082451926739 ], [ 55.390451547746743, -21.045081848143258 ], [ 55.39045140920642, -21.045081219945054 ], [ 55.390451367012489, -21.045080580013405 ], [ 55.390451422953213, -21.045079941011366 ], [ 55.390463533384526, -21.045005715560126 ], [ 55.390442007357571, -21.044977931381894 ], [ 55.390445919189382, -21.044881653840388 ], [ 55.390439711584605, -21.044834787258964 ], [ 55.39044404958166, -21.044788021476581 ], [ 55.390415934255415, -21.044638330487583 ], [ 55.390422315496316, -21.044579880986216 ], [ 55.390446369912574, -21.044482893661236 ], [ 55.390453012220974, -21.044401674593367 ], [ 55.390487804221884, -21.044438122360837 ], [ 55.390489150176549, -21.044436078310213 ], [ 55.39049496824039, -21.044422771898937 ], [ 55.390498388785907, -21.044408454574022 ], [ 55.390499130368042, -21.044393350396479 ], [ 55.390497754783766, -21.044378097896828 ], [ 55.390492024827495, -21.044355812657276 ], [ 55.390514162586719, -21.044336610567143 ], [ 55.390533950455755, -21.044315009649512 ], [ 55.390546940656968, -21.044297323351515 ], [ 55.390557908284251, -21.044278476131346 ], [ 55.390566775756319, -21.044258345309935 ], [ 55.390573553186726, -21.044237422375279 ], [ 55.390578213806855, -21.044216049422463 ], [ 55.390580739252528, -21.044194413259611 ], [ 55.390580685380243, -21.044172925195248 ], [ 55.390577044632906, -21.044144704329785 ], [ 55.390568278539661, -21.044109743317431 ], [ 55.390554476982878, -21.044069975154464 ], [ 55.390537670666838, -21.044021596334954 ], [ 55.390533079559361, -21.044004361359807 ], [ 55.39052279631801, -21.043999461144029 ], [ 55.390532510482096, -21.043937344211617 ], [ 55.390554964149089, -21.043861076803726 ], [ 55.390580552390311, -21.043802736945416 ], [ 55.390585729507386, -21.043791856124702 ], [ 55.390589461235749, -21.04378645273734 ], [ 55.390660563816908, -21.043688207357437 ], [ 55.390840251957549, -21.043787299545954 ], [ 55.390815389826209, -21.043812713207839 ], [ 55.390842261585867, -21.043786172297143 ], [ 55.390758198991399, -21.04374010310892 ], [ 55.390660869909503, -21.043686764082882 ], [ 55.390700512105113, -21.043667145928552 ], [ 55.390705002426252, -21.043622067211437 ], [ 55.390721736437136, -21.043454043198782 ], [ 55.390702239461618, -21.043413309683366 ], [ 55.390731219166035, -21.043358830974828 ], [ 55.390737090879732, -21.043299873483548 ], [ 55.390737133664281, -21.043299563155607 ], [ 55.390738752408097, -21.043290308882931 ], [ 55.390723769158825, -21.043101735340521 ], [ 55.390719460490381, -21.043100838212634 ], [ 55.390624411332553, -21.043143922116663 ], [ 55.390550733053225, -21.043153368279484 ], [ 55.390470531978089, -21.042903461201298 ], [ 55.390465007583074, -21.042809947760496 ], [ 55.390405436092486, -21.042757264339205 ], [ 55.390309058366363, -21.042700437508429 ], [ 55.390269753264839, -21.042669172524711 ], [ 55.39029179884237, -21.042527467564465 ], [ 55.390465047291521, -21.042483052374752 ], [ 55.390515693311862, -21.042484805719074 ], [ 55.390551049168998, -21.042510918791645 ], [ 55.390603786733791, -21.042528007269933 ], [ 55.390515788290863, -21.04242681424072 ], [ 55.390224181035158, -21.042346123075497 ], [ 55.390199250572572, -21.042325199667019 ], [ 55.390199455131786, -21.042268840581446 ], [ 55.390195663196515, -21.042255052009647 ], [ 55.390165543501318, -21.042128787886863 ], [ 55.390148295631619, -21.042117756057689 ], [ 55.390180351542234, -21.042258492131037 ], [ 55.390116107329547, -21.042289295555019 ], [ 55.390021785912573, -21.042390294400281 ], [ 55.389829494654876, -21.042484040035898 ], [ 55.389190253985127, -21.042588184418879 ], [ 55.389123083640044, -21.04256216512891 ], [ 55.389277513444718, -21.042168709046262 ], [ 55.389309133701616, -21.042109301051607 ], [ 55.389330210826493, -21.042078656060553 ], [ 55.389393922344219, -21.042025187863455 ], [ 55.389418521186073, -21.042010364908194 ], [ 55.389447601263321, -21.042004903701375 ], [ 55.389471452587557, -21.0419886392229 ], [ 55.389489239960106, -21.041968015786178 ], [ 55.389546838549826, -21.041938446747416 ], [ 55.38961589841832, -21.041908270892975 ], [ 55.389664270466305, -21.041884352097572 ], [ 55.389707435914211, -21.041847477688165 ], [ 55.389763784102598, -21.041792086004314 ], [ 55.389795502649342, -21.041754385887039 ], [ 55.389816483303747, -21.041720886406889 ], [ 55.389835659654665, -21.041713181449069 ], [ 55.389859324953385, -21.041714122895986 ], [ 55.389901157048953, -21.041730292569639 ], [ 55.38996120797254, -21.041756673152996 ], [ 55.39001221163457, -21.041772213383918 ], [ 55.390057262521943, -21.041785046939779 ], [ 55.390065435716217, -21.041794226864482 ], [ 55.390073727772354, -21.04180434372741 ], [ 55.390077847794601, -21.041847402132401 ], [ 55.390084404006153, -21.041876860138398 ], [ 55.390094077439826, -21.04190061266295 ], [ 55.390096678339738, -21.041942940363622 ], [ 55.390104137161309, -21.041959501560019 ], [ 55.390127555905643, -21.041983384301442 ], [ 55.390141703880964, -21.042017216615637 ], [ 55.390149741650148, -21.042050991947445 ], [ 55.390138780285611, -21.042075982513126 ], [ 55.390145381107089, -21.042104962194109 ], [ 55.390162467479747, -21.042115890421364 ], [ 55.390154008109413, -21.042080429162755 ], [ 55.390166410574999, -21.042063338907294 ], [ 55.390168161843093, -21.04204256257491 ], [ 55.390157894994424, -21.042003030210367 ], [ 55.39014296866636, -21.041970624954391 ], [ 55.390113478256872, -21.041943099520822 ], [ 55.39011596933652, -21.041924481843846 ], [ 55.390113307743484, -21.04188788948451 ], [ 55.390096206314944, -21.041844708098427 ], [ 55.390090636518948, -21.041794466515 ], [ 55.390077102028194, -21.041778306632029 ], [ 55.390177569276894, -21.041786172220259 ], [ 55.390318288688754, -21.041767604755805 ], [ 55.390421018683604, -21.041690087892505 ], [ 55.390538367639273, -21.041710821607698 ], [ 55.390610150684331, -21.04189308072884 ], [ 55.390488601405174, -21.042191286589933 ], [ 55.390356937884462, -21.042261490941108 ], [ 55.390364776927719, -21.04226899930422 ], [ 55.390534619720988, -21.042286646906415 ], [ 55.390547751084192, -21.042216232142849 ], [ 55.390540688280872, -21.042133177820162 ], [ 55.390647995208766, -21.042100999860391 ], [ 55.390707785108653, -21.042048454206761 ], [ 55.390789646792889, -21.041878926871885 ], [ 55.390984984363051, -21.041967130557907 ], [ 55.390915827268607, -21.04210811225467 ], [ 55.390894607479751, -21.042184662421285 ], [ 55.3908808155903, -21.04231648051482 ], [ 55.390823333940453, -21.042391680117444 ], [ 55.390967364982885, -21.042899867859028 ], [ 55.390905618686787, -21.042887665909259 ], [ 55.390815071797441, -21.042887677436447 ], [ 55.390817300186768, -21.04289251670944 ], [ 55.390817527462858, -21.042893124972018 ], [ 55.390817659239637, -21.042893755815879 ], [ 55.390817694661763, -21.042894399296689 ], [ 55.390817632922428, -21.042895040954104 ], [ 55.39081435752977, -21.042913765934323 ], [ 55.390885815315947, -21.042920673537637 ], [ 55.390939608006356, -21.042932801084913 ], [ 55.390965125114853, -21.042943829846141 ], [ 55.390990544140685, -21.042963988171813 ], [ 55.39103763162889, -21.043024184225597 ], [ 55.391059416936628, -21.043053435922872 ], [ 55.391075378184077, -21.043101757919747 ], [ 55.391083015803922, -21.043160712366078 ], [ 55.391086247984113, -21.04323153864572 ], [ 55.391079339087561, -21.043256112382863 ], [ 55.391070071458195, -21.04329585899923 ], [ 55.391053231637237, -21.043325640136491 ], [ 55.391011487348599, -21.04340163735392 ], [ 55.390972194944581, -21.043437668947799 ], [ 55.390936956360591, -21.043475659321601 ], [ 55.390773884679078, -21.043617788483715 ], [ 55.390773781618314, -21.043603202923254 ], [ 55.390739787002971, -21.043491755045199 ], [ 55.390729732671176, -21.043470748569799 ], [ 55.390714636735872, -21.043622348147224 ], [ 55.390710676731707, -21.043662115651841 ], [ 55.390723646280406, -21.043655697273547 ], [ 55.390733280592301, -21.04365597820842 ], [ 55.390787457272566, -21.043637408297919 ], [ 55.390928206461837, -21.043522110560865 ], [ 55.390952890163312, -21.043499400630814 ], [ 55.390988918339396, -21.04346341491372 ], [ 55.391030089263822, -21.043422696748017 ], [ 55.391068728296894, -21.043333200202273 ], [ 55.391084330162968, -21.043302756066861 ], [ 55.391098914127568, -21.043272302291754 ], [ 55.3911145673204, -21.043237079309463 ], [ 55.391132082557597, -21.043280742371849 ], [ 55.391181032005278, -21.043342822227356 ], [ 55.391189269913937, -21.043392656373214 ], [ 55.391238466910643, -21.043415664763813 ], [ 55.39128559005249, -21.043431808344042 ], [ 55.391327739070562, -21.043489566555152 ], [ 55.391349134312584, -21.043567593316123 ], [ 55.391331225159959, -21.043502280001611 ], [ 55.391363366724654, -21.043490859525633 ], [ 55.39139962073537, -21.04344647070128 ], [ 55.391429436897695, -21.043443807314436 ], [ 55.391472582264953, -21.043467037470371 ], [ 55.391504355681704, -21.04346825655529 ], [ 55.391570247351524, -21.043398983700122 ], [ 55.3918159236013, -21.043147857246467 ], [ 55.391873105935026, -21.043089406064187 ], [ 55.391881314344559, -21.043075610047389 ], [ 55.391874405762614, -21.043046314060494 ], [ 55.39183991201768, -21.04299937943598 ], [ 55.391828072438287, -21.042889240711702 ], [ 55.391923507140405, -21.042799722289896 ], [ 55.391969220643098, -21.042735656047395 ], [ 55.392051868996532, -21.042691183075451 ], [ 55.392052134906912, -21.042690523476768 ], [ 55.392094984402824, -21.042573891775827 ], [ 55.392151764572617, -21.042542741459812 ], [ 55.392191409920443, -21.042563142613837 ], [ 55.392212103287143, -21.042529927346784 ], [ 55.392212612702011, -21.04252926101876 ], [ 55.392414884252503, -21.042312187166072 ], [ 55.392415137129312, -21.04231193482925 ], [ 55.392617055847424, -21.042126156522801 ], [ 55.39261732967622, -21.042125924256307 ], [ 55.392668934327709, -21.042085238394019 ], [ 55.392664405127988, -21.042060064087455 ], [ 55.392699381877605, -21.042053840610386 ], [ 55.392719452109617, -21.042045409397339 ], [ 55.392852584325375, -21.041940445600311 ], [ 55.392853184208157, -21.041940045694329 ], [ 55.392853842771025, -21.041939736672813 ], [ 55.392854544543091, -21.041939525615767 ], [ 55.392855271196254, -21.041939416866345 ], [ 55.392884274780762, -21.041937218847192 ], [ 55.392962525303759, -21.041839117636027 ], [ 55.393030594368362, -21.041745367926662 ], [ 55.393180004017047, -21.04171110058676 ], [ 55.393433655577859, -21.041727228884422 ], [ 55.39348735679102, -21.041744639928176 ], [ 55.393470000105999, -21.041905999447522 ], [ 55.393461640142284, -21.041913851343672 ], [ 55.393467102865273, -21.041913902987709 ], [ 55.393476147432395, -21.041905377382232 ], [ 55.393492796546589, -21.0417427059114 ], [ 55.393560419671331, -21.041718665356623 ], [ 55.39369532413523, -21.041719940590504 ], [ 55.393695439868488, -21.041720543279023 ], [ 55.3939130005189, -21.041723621251947 ], [ 55.394008347155534, -21.041969827535084 ], [ 55.394032588613925, -21.04194217190943 ], [ 55.394213342174133, -21.042044779020944 ], [ 55.394217475369054, -21.04209892546368 ], [ 55.394130702749749, -21.042328819725153 ], [ 55.394118443581014, -21.042361299281254 ], [ 55.394019198649346, -21.042625568823297 ], [ 55.393992655259929, -21.042696137203741 ], [ 55.393835579647792, -21.042777983374368 ], [ 55.393789593553819, -21.042700308849604 ], [ 55.39320935337247, -21.043157249709509 ], [ 55.393043094167211, -21.043183906369887 ], [ 55.392991951824278, -21.043227749196678 ], [ 55.392738748336903, -21.043268441576984 ], [ 55.392647813489361, -21.043287001361346 ], [ 55.392544098569921, -21.043290073351429 ], [ 55.392411855790421, -21.043465139077099 ], [ 55.392372942078005, -21.043581457604301 ], [ 55.39232054342547, -21.043738082703879 ], [ 55.392170129999741, -21.043753253952474 ], [ 55.391975434278997, -21.043794963026592 ], [ 55.391878122464306, -21.043847223555435 ], [ 55.391647904599438, -21.044002856454984 ], [ 55.391603325011211, -21.043957980669525 ], [ 55.391723349802362, -21.043856515152992 ], [ 55.391767187035555, -21.043804942765092 ], [ 55.391855734739138, -21.043679698085331 ], [ 55.391900045304908, -21.043600255376298 ], [ 55.391931963497065, -21.043567968384558 ], [ 55.391962858889379, -21.043525463577172 ], [ 55.391986526887031, -21.043475374056506 ], [ 55.391997003675513, -21.04345319976678 ], [ 55.392026380914196, -21.043390241736066 ], [ 55.392127713373803, -21.043306524880929 ], [ 55.392170371337954, -21.04326035555783 ], [ 55.392192160611032, -21.043232441266468 ], [ 55.392219571035071, -21.043180414320055 ], [ 55.392239207246377, -21.043111508920962 ], [ 55.392261082115951, -21.043056527304849 ], [ 55.392297554546666, -21.042957070981487 ], [ 55.392301556596479, -21.042908373395029 ], [ 55.39231162214395, -21.042876456770458 ], [ 55.392319800694118, -21.042830301725903 ], [ 55.392320478585972, -21.042805784595433 ], [ 55.392337217666366, -21.042782849333484 ], [ 55.392362699496644, -21.042754327705499 ], [ 55.392380303262513, -21.042699421280684 ], [ 55.392381061212234, -21.042675781102204 ], [ 55.392402863274178, -21.042656075134246 ], [ 55.392426626346214, -21.042640754240999 ], [ 55.392446898902882, -21.042637147669886 ], [ 55.392558256747414, -21.042630601677907 ], [ 55.392685758520834, -21.042630478082859 ], [ 55.392837488971082, -21.042617728757453 ], [ 55.392893440508267, -21.042687457534683 ], [ 55.392977643980572, -21.042766322930259 ], [ 55.392972653430725, -21.04282045264501 ], [ 55.39306206299733, -21.042827350254207 ], [ 55.39301351359812, -21.042743080734294 ], [ 55.39303685186173, -21.042532672961297 ], [ 55.393138739021005, -21.042514360128965 ], [ 55.393465902559974, -21.042386927360699 ], [ 55.393613789399737, -21.042494238576015 ], [ 55.393678517692429, -21.042484366813021 ], [ 55.393583113742899, -21.04235153509708 ], [ 55.393587356760342, -21.042321684272135 ], [ 55.393657400452966, -21.04220565332848 ], [ 55.393556658266085, -21.042159406169855 ], [ 55.393468782372537, -21.042317771223779 ], [ 55.393268955489873, -21.042410876948615 ], [ 55.393145029100715, -21.042474966398327 ], [ 55.393076344025268, -21.042492125357214 ], [ 55.39299525834474, -21.042486411213901 ], [ 55.392934688154007, -21.042459380894059 ], [ 55.39286537162841, -21.042467058232731 ], [ 55.392804930574336, -21.042532272646312 ], [ 55.392650084168594, -21.042450932396729 ], [ 55.392608176435594, -21.04245709029718 ], [ 55.392538757541487, -21.042370673940663 ], [ 55.392587630775665, -21.042291696902144 ], [ 55.392617528239988, -21.042276236182119 ], [ 55.392709598528434, -21.042311316630073 ], [ 55.39267079023201, -21.042095562541416 ], [ 55.392623794971541, -21.042132612884597 ], [ 55.392623522095121, -21.042132846063392 ], [ 55.392422131052896, -21.042318138880283 ], [ 55.39242187722369, -21.0423183903048 ], [ 55.392353090903832, -21.042392219813728 ], [ 55.392411975490617, -21.042470496357797 ], [ 55.392335281734717, -21.042478723347358 ], [ 55.392274766193673, -21.042476282800745 ], [ 55.392220171114893, -21.042534867018208 ], [ 55.392199849781505, -21.042567486018733 ], [ 55.392253886925779, -21.042595293945425 ], [ 55.392254147395832, -21.042526216054853 ], [ 55.392266211653933, -21.042485490443202 ], [ 55.392295502213315, -21.042488388924316 ], [ 55.39230993709144, -21.04249312506801 ], [ 55.392322127763336, -21.042495746141608 ], [ 55.392338126175893, -21.042497078105271 ], [ 55.3923570137867, -21.042496730174321 ], [ 55.392375452669953, -21.042494621991345 ], [ 55.392394662614151, -21.042490240281982 ], [ 55.392412487762407, -21.042484354130387 ], [ 55.392419435784419, -21.042481389307163 ], [ 55.39240742341655, -21.042523380035391 ], [ 55.392414262977859, -21.042568526367592 ], [ 55.392405428553509, -21.042633388769914 ], [ 55.392381193963736, -21.042650416942603 ], [ 55.392364336068383, -21.042670439767871 ], [ 55.392359331818199, -21.042699831698133 ], [ 55.392292581542087, -21.042682750283873 ], [ 55.392285185305767, -21.042765200781552 ], [ 55.392303507283351, -21.042774075564093 ], [ 55.392297517013219, -21.042810346686817 ], [ 55.392297265598138, -21.042833766735875 ], [ 55.392283845440375, -21.042898168418006 ], [ 55.392272494792316, -21.042957206042868 ], [ 55.392239631467703, -21.042951509110814 ], [ 55.392266853110605, -21.04295939102898 ], [ 55.392226223034889, -21.043068347699879 ], [ 55.392191992091107, -21.043174198857134 ], [ 55.392123159634522, -21.043169812539798 ], [ 55.392145353989207, -21.043172920213969 ], [ 55.392190706422639, -21.043175380847632 ], [ 55.392167321452618, -21.043219374038504 ], [ 55.392109983834573, -21.043283959029164 ], [ 55.392064358421436, -21.043324753655938 ], [ 55.392002685221932, -21.043378123826969 ], [ 55.391932570417737, -21.043506518496354 ], [ 55.391877250446235, -21.043560964944 ], [ 55.391823897147383, -21.04355089954111 ], [ 55.391811444488773, -21.043525090189682 ], [ 55.391900122089872, -21.043228407752586 ], [ 55.391896980419496, -21.043142037530746 ], [ 55.391884442393945, -21.043088874719498 ], [ 55.391881230356475, -21.043094274024494 ], [ 55.391880928269075, -21.04309471829637 ], [ 55.391880573654518, -21.043095125939363 ], [ 55.391812407627427, -21.043164804098399 ], [ 55.391577378473059, -21.043405046364256 ], [ 55.391516799595493, -21.043468734004339 ], [ 55.3915387461549, -21.043469576051635 ], [ 55.391577448986951, -21.043468986715407 ], [ 55.391618280017482, -21.043459812733293 ], [ 55.391707327814679, -21.04341763618627 ], [ 55.391707071168192, -21.043441534020957 ], [ 55.391732610030367, -21.043494901187103 ], [ 55.391770253908476, -21.043531994449495 ], [ 55.391781197034064, -21.043555997380828 ], [ 55.391787955644247, -21.043590477763424 ], [ 55.391806333659723, -21.043597365885631 ], [ 55.391833624435684, -21.043604795424521 ], [ 55.391865453139111, -21.043604498671314 ], [ 55.391832320648156, -21.043668413846923 ], [ 55.391713354019053, -21.043839090843676 ], [ 55.391512913476276, -21.044011081316832 ], [ 55.391454242534799, -21.043958057173942 ], [ 55.391486839144278, -21.043935992052653 ], [ 55.391683528866068, -21.043791068544131 ], [ 55.391715015866957, -21.043753157220472 ], [ 55.391453181027863, -21.043915615785199 ], [ 55.391356548127419, -21.043982849107365 ], [ 55.391299591982026, -21.043981767010465 ], [ 55.391270908518194, -21.044044054889348 ], [ 55.391141458386571, -21.04407460443365 ], [ 55.390861128327032, -21.044239181259446 ], [ 55.391294180498228, -21.044062030366188 ], [ 55.391293402782104, -21.044072713488827 ], [ 55.391294641378707, -21.044100725525578 ], [ 55.391303693823239, -21.04416431099736 ], [ 55.391162941232437, -21.044336672782105 ], [ 55.391091314800022, -21.044434506924205 ], [ 55.391069876318419, -21.044458751578052 ], [ 55.390948471601817, -21.044605812624912 ], [ 55.390829360248503, -21.044568444483826 ], [ 55.390967164464854, -21.044907751233527 ], [ 55.39096709252712, -21.04490817781031 ], [ 55.391020109421781, -21.044887172427604 ], [ 55.391004853178011, -21.044931370658301 ], [ 55.391036516064958, -21.045025516402081 ], [ 55.39100277686147, -21.045038103174388 ], [ 55.391014578652793, -21.045076932818233 ], [ 55.391046329784579, -21.045107346591195 ], [ 55.390902134928865, -21.045168959656625 ], [ 55.390756296713391, -21.045164477472973 ], [ 55.390575036738269, -21.045160729149622 ], [ 55.390584024724873, -21.045086955566958 ], [ 55.390561894476008, -21.045070981664765 ], [ 55.39047204948951, -21.045013177946785 ], [ 55.390461146293731, -21.045080004212913 ], [ 55.390623469685806, -21.045424434803589 ], [ 55.390623690646855, -21.045425004164976 ], [ 55.390623828614302, -21.045425596225904 ], [ 55.390623880818339, -21.045426200120588 ], [ 55.390623845441525, -21.045426805895605 ], [ 55.39058750207947, -21.045707993913407 ], [ 55.390587355166737, -21.045708681734919 ], [ 55.39048414246254, -21.046050338687866 ], [ 55.390613248536908, -21.046362437395715 ], [ 55.390974351609984, -21.046834616361629 ], [ 55.390974633894707, -21.046835030936911 ], [ 55.390974944705683, -21.046835656249772 ], [ 55.391078883224736, -21.047094250895153 ], [ 55.391090513256003, -21.047098305712993 ], [ 55.391088690627015, -21.047118650500408 ], [ 55.391202123875203, -21.047400871219381 ], [ 55.39120232117741, -21.047401493650487 ], [ 55.391202422044422, -21.047402135944171 ], [ 55.391260992683087, -21.04815344235503 ], [ 55.391260990069497, -21.048154133349943 ], [ 55.391260874974641, -21.048154815150124 ], [ 55.391260651412011, -21.048155472437568 ], [ 55.391260322413551, -21.048156091691585 ], [ 55.391259897794605, -21.048156654939238 ], [ 55.390821387871007, -21.048652989892084 ], [ 55.390552098225491, -21.048962530466792 ], [ 55.390414452908132, -21.049398090669577 ], [ 55.39030915869489, -21.049897388293431 ], [ 55.390309040413989, -21.049897828883058 ], [ 55.390238894829665, -21.050113644742094 ], [ 55.390379573621566, -21.050194275140278 ], [ 55.390455583009249, -21.050468808782234 ], [ 55.390319110417579, -21.050637174912563 ], [ 55.39025116632385, -21.050838466776483 ], [ 55.390024282878215, -21.050793628838001 ], [ 55.389964227808967, -21.050988917970649 ], [ 55.389926604070915, -21.051394473224097 ], [ 55.389954188125479, -21.051926211442179 ], [ 55.389954184648431, -21.051926713640071 ], [ 55.389914473202346, -21.05252068225311 ], [ 55.389914399973996, -21.052521228051152 ], [ 55.389914339427456, -21.052521489432166 ], [ 55.38974081211709, -21.05317623574167 ], [ 55.389735433930291, -21.053676156344153 ], [ 55.389735352381656, -21.053676938725772 ], [ 55.389735172264821, -21.053677581065891 ], [ 55.389632183854637, -21.053958136601047 ], [ 55.389632138341646, -21.053958252694287 ], [ 55.389631787357764, -21.053958945805231 ], [ 55.389360516104475, -21.054394311569606 ], [ 55.389089759255853, -21.05482884702986 ], [ 55.389053185084805, -21.055140356385277 ], [ 55.389053024876475, -21.055141115437838 ], [ 55.389052729391246, -21.055141837075645 ], [ 55.389052307512202, -21.055142500607243 ], [ 55.389051770027379, -21.055143087165778 ], [ 55.388715356289715, -21.05545256339326 ], [ 55.388378813176551, -21.055823965531228 ], [ 55.388173817491683, -21.056352116159331 ], [ 55.388232570584108, -21.057070430340499 ], [ 55.38846011531718, -21.05757240903371 ], [ 55.388451261755762, -21.057575946318188 ], [ 55.388223406863794, -21.057073283589123 ], [ 55.388223160328685, -21.057072586618034 ], [ 55.388223037273718, -21.057071861010176 ], [ 55.388164143911894, -21.0563518328557 ], [ 55.388164139262713, -21.056351192377655 ], [ 55.388164232706842, -21.056350557347006 ], [ 55.388164420249659, -21.056349941275226 ], [ 55.388370077067449, -21.055820090614937 ], [ 55.388370447713925, -21.055819359755624 ] ], [ [ 55.390546732520178, -21.042435377884516 ], [ 55.390532144916527, -21.042431340200555 ], [ 55.390640985593237, -21.042556501700545 ], [ 55.390682186655475, -21.042503649943232 ], [ 55.390649074202877, -21.042407015395082 ], [ 55.390595313110438, -21.0423146069054 ], [ 55.390534619720988, -21.042286646906415 ], [ 55.390546732520178, -21.042435377884516 ] ], [ [ 55.393399742812235, -21.041973416574368 ], [ 55.393399906245172, -21.041974019515809 ], [ 55.393399911459149, -21.041974019763277 ], [ 55.393400563162331, -21.041976416384141 ], [ 55.393402923898009, -21.041974393302446 ], [ 55.39345761409939, -21.04192284623198 ], [ 55.393452118665188, -21.041922794278367 ], [ 55.393398282888711, -21.041973353993875 ], [ 55.393399742812235, -21.041973416574368 ] ], [ [ 55.392855000176738, -21.042118000204187 ], [ 55.392855195286053, -21.042118304433959 ], [ 55.392855195286053, -21.042118304433956 ], [ 55.392855000176738, -21.042118000204187 ] ], [ [ 55.390924044778004, -21.043956806685262 ], [ 55.390800710722331, -21.043827818480931 ], [ 55.390802707289225, -21.043829907363129 ], [ 55.390924044778004, -21.043956806685262 ] ], [ [ 55.392857576472025, -21.041948304507141 ], [ 55.392751466865668, -21.042031959537589 ], [ 55.392790594388195, -21.042015522000497 ], [ 55.392875626762226, -21.041948060604216 ], [ 55.392876581582925, -21.041946863735717 ], [ 55.392857576472025, -21.041948304507141 ] ], [ [ 55.392001114644302, -21.04299093349146 ], [ 55.392021108047665, -21.042859193821776 ], [ 55.391993318284854, -21.043021642427107 ], [ 55.392001114644302, -21.04299093349146 ] ], [ [ 55.392038789926836, -21.043137537648185 ], [ 55.392019059374064, -21.043124291536959 ], [ 55.392022487995597, -21.043128380494341 ], [ 55.392038789926836, -21.043137537648185 ] ], [ [ 55.392066537139939, -21.04315312386894 ], [ 55.392067278212679, -21.043153540145823 ], [ 55.392092371522011, -21.043163814999314 ], [ 55.392114993361908, -21.043168477022952 ], [ 55.392066537139939, -21.04315312386894 ] ], [ [ 55.390349666330543, -21.042267429870581 ], [ 55.39034828347598, -21.042266105188833 ], [ 55.390346430266199, -21.042267093903998 ], [ 55.390349666330543, -21.042267429870581 ] ], [ [ 55.390693842044179, -21.042852465244458 ], [ 55.390617127933531, -21.042748941135127 ], [ 55.390609540179881, -21.042715717478423 ], [ 55.390609904348878, -21.042681739910307 ], [ 55.390619601355077, -21.042604461004792 ], [ 55.390635951575987, -21.042564994669537 ], [ 55.390615375460257, -21.042541334024119 ], [ 55.390616598812201, -21.042551682003861 ], [ 55.390590111725714, -21.042634057254816 ], [ 55.390577827858969, -21.042707799649783 ], [ 55.390587015711347, -21.042757678040935 ], [ 55.390624602996596, -21.042804470569621 ], [ 55.390682136835103, -21.04287227111892 ], [ 55.3907357244031, -21.04290348429247 ], [ 55.390800158828114, -21.042912393057758 ], [ 55.390804769659546, -21.042912838687901 ], [ 55.390807909749931, -21.042894885646334 ], [ 55.390804589703428, -21.042887678437857 ], [ 55.390803971011131, -21.042887678901941 ], [ 55.390738643424257, -21.04287861534651 ], [ 55.390693842044179, -21.042852465244458 ] ] ], [ [ [ 55.390716606881099, -21.050748739984737 ], [ 55.390782999228932, -21.050767380594625 ], [ 55.390824232296268, -21.05081651108625 ], [ 55.390832714390037, -21.050867450459293 ], [ 55.390831735001527, -21.050958561794264 ], [ 55.390844947857232, -21.050989414282498 ], [ 55.390879762472323, -21.051005637510457 ], [ 55.390841073514892, -21.051139834624582 ], [ 55.390790869654737, -21.05119021716941 ], [ 55.390750990448041, -21.051192101234065 ], [ 55.3906050632255, -21.051178885623603 ], [ 55.390398322282927, -21.05126250570115 ], [ 55.390293603471257, -21.051114309167783 ], [ 55.390566428016662, -21.05098666011521 ], [ 55.390623744455297, -21.050882423835581 ], [ 55.390624792315336, -21.050784954875692 ], [ 55.390666960238782, -21.050747210096713 ], [ 55.390716606881099, -21.050748739984737 ] ] ], [ [ [ 55.39190148506831, -21.046522064424824 ], [ 55.391944079797774, -21.046522468472702 ], [ 55.391986602011762, -21.04652953542406 ], [ 55.39201053914406, -21.04654842492948 ], [ 55.391996939813914, -21.046580088561445 ], [ 55.391931969741343, -21.046814962415603 ], [ 55.391880576937815, -21.046851782032835 ], [ 55.391871455348458, -21.046903725431672 ], [ 55.391820192156985, -21.046951855495326 ], [ 55.391822587579497, -21.046993201159061 ], [ 55.391847228112482, -21.047078746894464 ], [ 55.391864684268157, -21.047172222390291 ], [ 55.391872199823972, -21.047265603794827 ], [ 55.391839115060279, -21.047305280363801 ], [ 55.391792032693886, -21.047326163278715 ], [ 55.39175658015904, -21.047321828808933 ], [ 55.391721371021823, -21.047294834797981 ], [ 55.391699340671039, -21.047230642333009 ], [ 55.391693459106072, -21.047117281079778 ], [ 55.39172278290846, -21.046898946170721 ], [ 55.391711695443597, -21.0468571885256 ], [ 55.391730751962982, -21.046691293799835 ], [ 55.391814167862968, -21.04656661584265 ], [ 55.391847360781156, -21.046537548575667 ], [ 55.39190148506831, -21.046522064424824 ] ] ], [ [ [ 55.391102623637479, -21.044995029327193 ], [ 55.39106782554974, -21.044963868594404 ], [ 55.391062417148518, -21.044898571557184 ], [ 55.391071293521655, -21.044783220061689 ], [ 55.391082578485104, -21.044728118495506 ], [ 55.391123731406836, -21.04473639482525 ], [ 55.391105544695314, -21.04486528074456 ], [ 55.391158949917461, -21.04501276951417 ], [ 55.391102623637479, -21.044995029327193 ] ] ], [ [ [ 55.391206912366641, -21.042832521782241 ], [ 55.391170212480233, -21.042916903314556 ], [ 55.391110954221098, -21.042960514247525 ], [ 55.391026189496294, -21.042861613017266 ], [ 55.391035609347966, -21.042808770076959 ], [ 55.391018670558886, -21.042737520442465 ], [ 55.391067659527742, -21.042745209742318 ], [ 55.391151465318629, -21.042745281489228 ], [ 55.391206912366641, -21.042832521782241 ] ] ], [ [ [ 55.392429076132238, -21.042538201989768 ], [ 55.392608176435594, -21.04245709029718 ], [ 55.392772244824627, -21.042550945336647 ], [ 55.39271021500052, -21.042611778158253 ], [ 55.392425509520244, -21.042619215455023 ], [ 55.392430729291007, -21.042569295480462 ], [ 55.392429076132238, -21.042538201989768 ] ] ], [ [ [ 55.391168774464759, -21.042175499238301 ], [ 55.391168784293285, -21.04217458429428 ], [ 55.391217266723736, -21.041997776312119 ], [ 55.391273542992231, -21.041909085281791 ], [ 55.391328103546684, -21.041872447484714 ], [ 55.391396339034763, -21.041869722325217 ], [ 55.391448367781749, -21.041871900371785 ], [ 55.391502047024638, -21.041887573887195 ], [ 55.3915686246634, -21.041847131264547 ], [ 55.391508137530273, -21.041821914160064 ], [ 55.391732217774958, -21.04151398460851 ], [ 55.391901209564786, -21.04142085354847 ], [ 55.392016312533855, -21.041508025791316 ], [ 55.392026371585501, -21.041533618268918 ], [ 55.392084019204951, -21.041513943484265 ], [ 55.392040698130309, -21.041480233624608 ], [ 55.392027401691784, -21.041437580701988 ], [ 55.392051837528633, -21.041335022409797 ], [ 55.392134194235972, -21.041282505458806 ], [ 55.392169652962281, -21.041170599359422 ], [ 55.392131738043091, -21.041063251702806 ], [ 55.392436652011135, -21.040710857867669 ], [ 55.392460487372929, -21.040767123746821 ], [ 55.392520203282075, -21.040828945550945 ], [ 55.392514427770784, -21.040879378777028 ], [ 55.392525980557721, -21.040925913796066 ], [ 55.392527201755833, -21.040993582128664 ], [ 55.392503634692254, -21.041011644600822 ], [ 55.392446694646829, -21.041054077521505 ], [ 55.392455990320059, -21.041095307821486 ], [ 55.392454692892656, -21.041125467400345 ], [ 55.392384220427431, -21.041249142881529 ], [ 55.392337076366843, -21.041286181815497 ], [ 55.392307381933733, -21.041330700698474 ], [ 55.392293306690107, -21.041371709902471 ], [ 55.392287977334156, -21.04141463101838 ], [ 55.392259550888383, -21.041431733343419 ], [ 55.392210184696445, -21.041494351487113 ], [ 55.392227369398235, -21.041526514189467 ], [ 55.392164508441574, -21.041559119138611 ], [ 55.392128115311706, -21.041592603187297 ], [ 55.392108060811729, -21.041646356384732 ], [ 55.392077559456034, -21.041675324593168 ], [ 55.392010204521384, -21.041701971281292 ], [ 55.391993391890303, -21.041713841366533 ], [ 55.391989152879297, -21.041745801367824 ], [ 55.391983980463138, -21.041774095096777 ], [ 55.391946412238283, -21.041792361017716 ], [ 55.391925032862588, -21.041821994525993 ], [ 55.391904192327218, -21.041879584675566 ], [ 55.391891576116549, -21.041884520123041 ], [ 55.391873610197941, -21.04189465037512 ], [ 55.391844112791432, -21.041920884730853 ], [ 55.391811869245203, -21.041930636873577 ], [ 55.391766838963825, -21.04195215354649 ], [ 55.391696088900908, -21.04201091170048 ], [ 55.391654531908287, -21.042071776199645 ], [ 55.39159348957125, -21.042133368586139 ], [ 55.391587489732132, -21.042147940650121 ], [ 55.391597730346696, -21.042191923231925 ], [ 55.391593589412885, -21.042214740998933 ], [ 55.391551334568796, -21.042249997692185 ], [ 55.391557817136352, -21.042281145023551 ], [ 55.391554304373052, -21.042307647852635 ], [ 55.39155429551861, -21.042308561902708 ], [ 55.39155438474009, -21.042328654723544 ], [ 55.391537114329047, -21.042395233865648 ], [ 55.391503307927664, -21.042459827310612 ], [ 55.391528959139038, -21.042483989347847 ], [ 55.391550549266881, -21.042505704759229 ], [ 55.39155301217248, -21.042535655116158 ], [ 55.391549658218374, -21.042588671135746 ], [ 55.391110001830192, -21.042682847961849 ], [ 55.391032390146137, -21.04237482056929 ], [ 55.391014912235654, -21.042255149261205 ], [ 55.39104881001019, -21.042154031181891 ], [ 55.391116824509723, -21.042146183274831 ], [ 55.391168774464759, -21.042175499238301 ] ] ], [ [ [ 55.385795214223094, -21.041991560933361 ], [ 55.385864471072615, -21.041955581251891 ], [ 55.385976993609688, -21.041952340419474 ], [ 55.386064265340124, -21.041948858791667 ], [ 55.386116590716227, -21.041939657090456 ], [ 55.386184114707113, -21.041904737540346 ], [ 55.386229677384094, -21.041898526514814 ], [ 55.386286372394089, -21.041897235741381 ], [ 55.386677256727289, -21.041674614535793 ], [ 55.386687048500981, -21.041648383737428 ], [ 55.38676769294166, -21.041581265972866 ], [ 55.386790286328619, -21.041578453520732 ], [ 55.387060607524447, -21.041337228846903 ], [ 55.387300434528214, -21.040953031937391 ], [ 55.387387073992983, -21.041010991012076 ], [ 55.387411902568552, -21.041059818366811 ], [ 55.387489018053543, -21.041132298688503 ], [ 55.387481658734487, -21.041177396223141 ], [ 55.3874487829233, -21.041198591674977 ], [ 55.387404296581252, -21.041287430248563 ], [ 55.387385767624387, -21.041359307398199 ], [ 55.387367377587459, -21.041418280514705 ], [ 55.387169837525249, -21.041505765885709 ], [ 55.387130340516784, -21.041524490248975 ], [ 55.387022989042144, -21.041600365050524 ], [ 55.386972046138204, -21.041650426165351 ], [ 55.386958278687942, -21.041652446224138 ], [ 55.386902223255461, -21.041645461909475 ], [ 55.38684495251249, -21.041644917357537 ], [ 55.386828274611055, -21.041651212161291 ], [ 55.386793448675306, -21.041693898171108 ], [ 55.386772281109629, -21.041744779336835 ], [ 55.386750988669583, -21.041760980998852 ], [ 55.386718931391741, -21.041800492907779 ], [ 55.386648541536388, -21.041859053549288 ], [ 55.386621560443686, -21.04188769011073 ], [ 55.386592874998762, -21.041931718853235 ], [ 55.386554383307612, -21.041981433750465 ], [ 55.386506114569357, -21.042033944535476 ], [ 55.386474035678788, -21.042059643033088 ], [ 55.386434243211106, -21.042087194100972 ], [ 55.386407961575046, -21.042098502175197 ], [ 55.386289871879143, -21.042215318310241 ], [ 55.386228133081907, -21.042280446548258 ], [ 55.386187905888761, -21.042373690795834 ], [ 55.386148305199917, -21.042389771794113 ], [ 55.38612247975631, -21.042400258542795 ], [ 55.386044016192812, -21.042512968678764 ], [ 55.385996027430991, -21.042466970682799 ], [ 55.385944756841539, -21.0425349677257 ], [ 55.385891169588596, -21.042520800942036 ], [ 55.385649532969204, -21.042456919962309 ], [ 55.385602893478833, -21.042352978538613 ], [ 55.385320555827093, -21.04231490319976 ], [ 55.385319895285996, -21.042314769559091 ], [ 55.385319261655994, -21.042314549458066 ], [ 55.385318666413959, -21.042314249328783 ], [ 55.385318122990107, -21.042313872912036 ], [ 55.385119898779976, -21.042155578798475 ], [ 55.385119344457038, -21.042155053234353 ], [ 55.385118888132332, -21.042154451821677 ], [ 55.385118542186326, -21.04215378642089 ], [ 55.385118316015863, -21.04215307789703 ], [ 55.385054768987281, -21.04187116981986 ], [ 55.384958033923681, -21.04158924530185 ], [ 55.384827726181562, -21.041338260981657 ], [ 55.384532861731238, -21.040897908879721 ], [ 55.384532732856876, -21.040897725189609 ], [ 55.384204845941284, -21.040457420899376 ], [ 55.383808672003333, -21.040172541067058 ], [ 55.383808325705388, -21.040172265882838 ], [ 55.383445961694214, -21.039856648922076 ], [ 55.383148083826462, -21.039760273017315 ], [ 55.383151218375986, -21.039751733309441 ], [ 55.383450056003646, -21.039848420036794 ], [ 55.383450669163352, -21.039848663435006 ], [ 55.38345124202047, -21.039848985939535 ], [ 55.383451760231729, -21.039849379284338 ], [ 55.383814702836389, -21.040165500352312 ], [ 55.384211287322771, -21.040450674933876 ], [ 55.384211836555778, -21.040451136318413 ], [ 55.384212304166041, -21.040451671900133 ], [ 55.384540749650306, -21.040892733025618 ], [ 55.384540880448824, -21.040892916734027 ], [ 55.384836010098823, -21.041333660662563 ], [ 55.38483626242499, -21.04133408489826 ], [ 55.384966831240199, -21.041585575730863 ], [ 55.384967086536761, -21.041586170716862 ], [ 55.385064002591889, -21.041868622666751 ], [ 55.385064129556753, -21.04186907280959 ], [ 55.385127389241212, -21.04214970089836 ], [ 55.385323299105899, -21.042306148362005 ], [ 55.385598535573315, -21.042343265585437 ], [ 55.385591934798505, -21.04232855598962 ], [ 55.385732663371066, -21.042234053582803 ], [ 55.385775965373767, -21.04221870518305 ], [ 55.385805876516855, -21.042208102833992 ], [ 55.385688249037479, -21.042185848395441 ], [ 55.385646727748565, -21.042160430037416 ], [ 55.385795214223094, -21.041991560933361 ] ] ], [ [ [ 55.389188446024988, -21.042141157102996 ], [ 55.389188641378837, -21.042139275587644 ], [ 55.389189182461628, -21.042137455160315 ], [ 55.389190051363251, -21.042135750752117 ], [ 55.389191223477845, -21.04213421361754 ], [ 55.389192660769211, -21.042132891270612 ], [ 55.389194321440293, -21.042131823060011 ], [ 55.389196154141132, -21.042131041920854 ], [ 55.389198103790036, -21.042130569913354 ], [ 55.389200110543456, -21.042130424536122 ], [ 55.389202113751182, -21.042130608827421 ], [ 55.389204053831932, -21.042131115899412 ], [ 55.389205869358001, -21.042131931620428 ], [ 55.389207506705198, -21.042133031996535 ], [ 55.389208915261868, -21.042134381319521 ], [ 55.389210053113956, -21.042135940350487 ], [ 55.389210885179168, -21.042137660882315 ], [ 55.389211387959072, -21.042139491204527 ], [ 55.389211541842435, -21.042141376030351 ], [ 55.389211347460666, -21.042143256651656 ], [ 55.389210806378109, -21.042145077079077 ], [ 55.389209936514575, -21.042146781478262 ], [ 55.389208765362156, -21.04214831862209 ], [ 55.389207328061033, -21.042149641872374 ], [ 55.389205667389831, -21.042150710083085 ], [ 55.389203834688793, -21.042151491222327 ], [ 55.389201884096963, -21.042151961414351 ], [ 55.389199877333546, -21.042152107694783 ], [ 55.389197874125536, -21.042151923403452 ], [ 55.389195935006626, -21.042151416340488 ], [ 55.389194119490099, -21.042150599716159 ], [ 55.389192481161317, -21.042149501137203 ], [ 55.389191072614395, -21.042148150910872 ], [ 55.389189934752721, -21.042146592782995 ], [ 55.389189102697422, -21.04214487134788 ], [ 55.389188600879862, -21.042143041034727 ], [ 55.389188446024988, -21.042141157102996 ] ] ], [ [ [ 55.39169731725346, -21.042332518720581 ], [ 55.391638763299589, -21.042328143593881 ], [ 55.391608628227253, -21.042330150929885 ], [ 55.391574530185601, -21.042322188125546 ], [ 55.391575720586481, -21.042287051305934 ], [ 55.391571190812286, -21.04225415290491 ], [ 55.39161058166281, -21.042223962776106 ], [ 55.391616614574914, -21.042192692724477 ], [ 55.391615989357284, -21.04217511321454 ], [ 55.391608943956591, -21.042149067783939 ], [ 55.39163245548702, -21.042119090475207 ], [ 55.391663610736117, -21.042087935347805 ], [ 55.391698987209949, -21.042037951247721 ], [ 55.391730154976493, -21.042005537935452 ], [ 55.391776102397792, -21.041969490525606 ], [ 55.391854505297275, -21.041935762783893 ], [ 55.391886915714799, -21.041910469223598 ], [ 55.391916821442493, -21.041900600097396 ], [ 55.391927724468644, -21.04188988632059 ], [ 55.391941317199226, -21.041832355850953 ], [ 55.39195871373483, -21.041810194642871 ], [ 55.392007140056911, -21.041779035765018 ], [ 55.392013254864047, -21.041722652168438 ], [ 55.392054646540593, -21.041708171984979 ], [ 55.392096736188698, -21.041688456576541 ], [ 55.392130187877079, -21.041656772973994 ], [ 55.392145364417672, -21.041603887754803 ], [ 55.392176819739127, -21.041576757729874 ], [ 55.392252281510899, -21.041532670978693 ], [ 55.392255497750689, -21.041505273767982 ], [ 55.392239090404274, -21.041491403816597 ], [ 55.392273031507635, -21.041454455893629 ], [ 55.392360509413443, -21.041464821366226 ], [ 55.392383799067012, -21.041789401266335 ], [ 55.392302171809725, -21.041813025217166 ], [ 55.392192692357668, -21.041858955329086 ], [ 55.392138628405483, -21.041902053961127 ], [ 55.392146685337387, -21.041944034932499 ], [ 55.392208815726562, -21.041994288625617 ], [ 55.392462257167921, -21.042040238680887 ], [ 55.392423263317809, -21.042185044608782 ], [ 55.392353345000437, -21.042329557057041 ], [ 55.392275000151351, -21.042425089890628 ], [ 55.392048793284268, -21.042448012386064 ], [ 55.391965530750866, -21.042442791130505 ], [ 55.391945472570995, -21.04241585928753 ], [ 55.391839784143798, -21.042404926496637 ], [ 55.391814653757017, -21.042395519327954 ], [ 55.391810839403966, -21.042371797043049 ], [ 55.391810304409859, -21.042345813232007 ], [ 55.391759198840276, -21.042330047636604 ], [ 55.39169731725346, -21.042332518720581 ] ] ], [ [ [ 55.386845451795146, -21.04166198800911 ], [ 55.386890008085331, -21.041662821061244 ], [ 55.386930239800527, -21.041666563206253 ], [ 55.386782498596354, -21.041756740181601 ], [ 55.38680906413822, -21.041699860002229 ], [ 55.386824210344088, -21.041677477467516 ], [ 55.386845451795146, -21.04166198800911 ] ] ], [ [ [ 55.39110292268942, -21.041327902812764 ], [ 55.391213901523592, -21.041237593385429 ], [ 55.391237611323959, -21.041178221190275 ], [ 55.391247064225155, -21.04097895360978 ], [ 55.391664232271822, -21.040981908642536 ], [ 55.391625658177738, -21.041187133394775 ], [ 55.391625401688465, -21.041253219604982 ], [ 55.391650516571758, -21.041323457205593 ], [ 55.391633349747977, -21.04136329441765 ], [ 55.39131002223192, -21.041714516867049 ], [ 55.391158393382973, -21.041805938248377 ], [ 55.391019442092677, -21.04185033659305 ], [ 55.390972908850387, -21.041854116187825 ], [ 55.39077782155978, -21.041842033656636 ], [ 55.390732622800535, -21.04170102054611 ], [ 55.390663072339251, -21.041533767359425 ], [ 55.390689032315557, -21.041519943495416 ], [ 55.390774499945046, -21.041441309944233 ], [ 55.390887289026999, -21.041445025525686 ], [ 55.39089439187881, -21.041411884976213 ], [ 55.390969538798508, -21.041401876218206 ], [ 55.391042476235476, -21.041363503842533 ], [ 55.39110292268942, -21.041327902812764 ] ] ], [ [ [ 55.387736189758257, -21.041223096147466 ], [ 55.387830359589202, -21.041254235416162 ], [ 55.387937575642262, -21.041270712387028 ], [ 55.388084628770173, -21.041297647917826 ], [ 55.388022906498655, -21.041353480341151 ], [ 55.387751785054455, -21.041362861617959 ], [ 55.387647620390226, -21.041403195389744 ], [ 55.387471903889214, -21.041445082190517 ], [ 55.387436258971292, -21.041425070228541 ], [ 55.387194849841308, -21.041532168959066 ], [ 55.387180573281384, -21.041517671105847 ], [ 55.387384442622874, -21.041429197061667 ], [ 55.387418087231801, -21.041313099917708 ], [ 55.387495838426815, -21.041190435217136 ], [ 55.387505705216022, -21.041151679106544 ], [ 55.387552020021552, -21.041172282780558 ], [ 55.387626977375028, -21.041192486155541 ], [ 55.387641006586925, -21.041219504882044 ], [ 55.387736189758257, -21.041223096147466 ] ] ], [ [ [ 55.389699369501116, -21.041009072314925 ], [ 55.389646527437954, -21.041012591246854 ], [ 55.389552225577326, -21.041140906565293 ], [ 55.389518784469935, -21.041214789817584 ], [ 55.389356905107071, -21.041140771727161 ], [ 55.389389375461391, -21.041091849961937 ], [ 55.389427001221961, -21.041094548800135 ], [ 55.389451304241916, -21.04110408937612 ], [ 55.389513143650497, -21.041050907771126 ], [ 55.389532370333207, -21.04102222883785 ], [ 55.389605176513591, -21.040972004629172 ], [ 55.389635774944999, -21.040950859422541 ], [ 55.389710207559922, -21.040930128669352 ], [ 55.38972982503946, -21.040963808693736 ], [ 55.389699369501116, -21.041009072314925 ] ] ], [ [ [ 55.388317044502053, -21.040755711063575 ], [ 55.388314376647919, -21.040639623394625 ], [ 55.388482955689923, -21.040644585035228 ], [ 55.388549467251714, -21.040602161153132 ], [ 55.388585236099559, -21.04069391362815 ], [ 55.388745536066509, -21.040784617527546 ], [ 55.38874724564598, -21.040633122497283 ], [ 55.388792473901376, -21.040514577604828 ], [ 55.388901321364294, -21.04051728424783 ], [ 55.388922466813305, -21.040542619760114 ], [ 55.388982911563282, -21.040564975701077 ], [ 55.389000946410874, -21.040582252339153 ], [ 55.389243182044332, -21.04064310450368 ], [ 55.38925670633698, -21.040664758180515 ], [ 55.38927850139244, -21.040795664137637 ], [ 55.389222600578734, -21.040848754711952 ], [ 55.389229075411343, -21.040906428157275 ], [ 55.389188816647135, -21.04099727109568 ], [ 55.389168089175868, -21.041057327023214 ], [ 55.389222593905053, -21.041181028530172 ], [ 55.389117785933543, -21.041321564920374 ], [ 55.388964506113084, -21.041296524163965 ], [ 55.388822534180328, -21.041258484596121 ], [ 55.388690091245032, -21.041113076758336 ], [ 55.388529170923469, -21.041019817815542 ], [ 55.388503793942611, -21.040783692016188 ], [ 55.388317044502053, -21.040755711063575 ] ] ], [ [ [ 55.392547286004088, -21.04096455684186 ], [ 55.392537383443056, -21.040879551654385 ], [ 55.392540232944611, -21.040842658238439 ], [ 55.392588513748542, -21.040840079846635 ], [ 55.392880511846109, -21.040822795586742 ], [ 55.392819060986106, -21.041005317736616 ], [ 55.392818822748964, -21.041005282061612 ], [ 55.392547286004088, -21.04096455684186 ] ] ], [ [ [ 55.392524645043885, -21.003215904338447 ], [ 55.392524898551009, -21.003215047696028 ], [ 55.392525307295273, -21.003214246717775 ], [ 55.392525857559399, -21.0032135247599 ], [ 55.392526532769644, -21.003212902441696 ], [ 55.392527313466765, -21.003212400355256 ], [ 55.392528175450039, -21.00321203272475 ], [ 55.39252909165257, -21.00321181194073 ], [ 55.392530034113392, -21.00321174406216 ], [ 55.392530975891376, -21.003211829737872 ], [ 55.392531887179246, -21.003212067783043 ], [ 55.392532740151474, -21.003212451611759 ], [ 55.392533508964206, -21.00321296923704 ], [ 55.392534171679017, -21.003213603289009 ], [ 55.392534706367144, -21.003214335494565 ], [ 55.392535097871388, -21.003215144031376 ], [ 55.392535332987222, -21.003216004385688 ], [ 55.392535406224205, -21.00321689030995 ], [ 55.392535314025196, -21.00321777467164 ], [ 55.392535060527791, -21.003218630410878 ], [ 55.392534651783578, -21.003219431389152 ], [ 55.392534101509781, -21.003220154250272 ], [ 55.392533425347366, -21.00322077565621 ], [ 55.392532645612064, -21.003221277751759 ], [ 55.392531784590581, -21.003221645391367 ], [ 55.392530868378309, -21.003221867078611 ], [ 55.392529924955596, -21.003221934948098 ], [ 55.392528983177549, -21.003221849272375 ], [ 55.392528072861133, -21.003221610333068 ], [ 55.392527218927029, -21.003221226495235 ], [ 55.392526449133094, -21.00322071066725 ], [ 55.3925257873898, -21.003220075721131 ], [ 55.392525252711373, -21.003219342612343 ], [ 55.392524862169012, -21.003218534084588 ], [ 55.392524626091401, -21.003217673721196 ], [ 55.392524552854489, -21.003216787796919 ], [ 55.392524645043885, -21.003215904338447 ] ] ], [ [ [ 55.390020790450102, -21.001633179571837 ], [ 55.390053593677152, -21.001500040259227 ], [ 55.390082241617606, -21.001410188312612 ], [ 55.390173225175644, -21.001359054171616 ], [ 55.390270976336986, -21.001365179004011 ], [ 55.390552959938674, -21.001574087642396 ], [ 55.390431038739486, -21.001756646510977 ], [ 55.390209196463154, -21.001790944064588 ], [ 55.390020790450102, -21.001633179571837 ] ] ], [ [ [ 55.390861338289376, -21.001054142001575 ], [ 55.391374366769284, -21.000861809651777 ], [ 55.391569354001831, -21.001226370971079 ], [ 55.391213330602334, -21.001363762559215 ], [ 55.390861338289376, -21.001054142001575 ] ] ], [ [ [ 55.389131691677534, -21.000916717977315 ], [ 55.389172691216743, -21.000857772001652 ], [ 55.388940379868714, -21.000590222331788 ], [ 55.389016001431436, -21.00057610415131 ], [ 55.389406892927525, -21.000785822198896 ], [ 55.389364584847996, -21.000966717300614 ], [ 55.389290506214472, -21.00100062702662 ], [ 55.389185104699806, -21.001009518828344 ], [ 55.389131691677534, -21.000916717977315 ] ] ], [ [ [ 55.391162159798355, -21.000611255963889 ], [ 55.390921888927522, -21.000937796957054 ], [ 55.390814831323205, -21.000943434893273 ], [ 55.390761359812913, -21.000955399367943 ], [ 55.390637268454689, -21.000958981019576 ], [ 55.390290311062827, -21.000974844482105 ], [ 55.390710549929317, -21.000472142236195 ], [ 55.391115576394299, -21.000201123784517 ], [ 55.391170563831118, -21.000294852189288 ], [ 55.390977986231064, -21.000453161288895 ], [ 55.391081554860492, -21.000525839633067 ], [ 55.391162159798355, -21.000611255963889 ] ] ], [ [ [ 55.390507209572199, -20.999978313190478 ], [ 55.390679146405574, -20.999846099949043 ], [ 55.390852654363364, -20.999804720784184 ], [ 55.391032083082358, -20.999793376973365 ], [ 55.391193247207298, -21.000103836527867 ], [ 55.390628765904573, -21.000476088684241 ], [ 55.390392828975997, -21.000201889034621 ], [ 55.390507209572199, -20.999978313190478 ] ] ], [ [ [ 55.383495564262432, -20.997567171601474 ], [ 55.383495823880502, -20.997564679163187 ], [ 55.383496540516198, -20.997562265135159 ], [ 55.383497692183262, -20.997560006088747 ], [ 55.383499244499077, -20.997557968541354 ], [ 55.383501149654784, -20.997556215269679 ], [ 55.383503349368752, -20.997554799014729 ], [ 55.383505778724064, -20.997553763421514 ], [ 55.383508362360182, -20.997553139389773 ], [ 55.383511022147921, -20.997552946953359 ], [ 55.383513676285972, -20.997553189851953 ], [ 55.383516245945948, -20.997553863723795 ], [ 55.383518652513409, -20.997554944336677 ], [ 55.383520821279497, -20.997556402075666 ], [ 55.383522688280379, -20.997558192071871 ], [ 55.383524196421014, -20.997560256875449 ], [ 55.383525300157608, -20.997562538242988 ], [ 55.38352596371022, -20.997564964474321 ], [ 55.383526169592486, -20.997567462236422 ], [ 55.383525909965186, -20.99756995557799 ], [ 55.383525193339629, -20.997572368702972 ], [ 55.383524041672864, -20.997574627749579 ], [ 55.383522489357176, -20.997576665297213 ], [ 55.383520584201435, -20.997578418569109 ], [ 55.383518384496973, -20.997579833921069 ], [ 55.383515955131578, -20.997580870417639 ], [ 55.383513371504719, -20.997581493546271 ], [ 55.383510711706734, -20.997581686885894 ], [ 55.383508057568193, -20.997581443987219 ], [ 55.383505486936293, -20.997580771009289 ], [ 55.383503081340052, -20.997579689502135 ], [ 55.383500912573844, -20.997578231762919 ], [ 55.383499044601479, -20.997576442660559 ], [ 55.38349753744231, -20.997574376059486 ], [ 55.383496433706071, -20.997572094691808 ], [ 55.383495770153921, -20.997569668460379 ], [ 55.383495564262432, -20.997567171601474 ] ] ], [ [ [ 55.35772620121292, -20.975286420155815 ], [ 55.357727176780116, -20.97527705793042 ], [ 55.357729868643389, -20.975267997688626 ], [ 55.357734193995732, -20.975259512328883 ], [ 55.357740023038133, -20.975251862553829 ], [ 55.357747178215327, -20.975245278797249 ], [ 55.357755440937396, -20.97523996219206 ], [ 55.357764561304776, -20.975236074728006 ], [ 55.357774262023909, -20.975233732966274 ], [ 55.357784248965459, -20.975233009947988 ], [ 55.357794217042709, -20.975233925314626 ], [ 55.357803864557219, -20.975236452672593 ], [ 55.357812899008046, -20.975240516036113 ], [ 55.357821043813331, -20.975245990795273 ], [ 55.3578280536275, -20.975252710186609 ], [ 55.357833713310448, -20.975260471606315 ], [ 55.357837853294136, -20.975269038564747 ], [ 55.35784034564719, -20.97527814877823 ], [ 55.357841116418413, -20.975287528740544 ], [ 55.357840140858144, -20.975296890967048 ], [ 55.357837449952534, -20.975305952123414 ], [ 55.357833123652519, -20.975314436573576 ], [ 55.357827294602075, -20.975322087255098 ], [ 55.357820139434111, -20.975328670111786 ], [ 55.357811877660751, -20.975333987632361 ], [ 55.35780275632662, -20.975337875089338 ], [ 55.357793055610841, -20.975340215949046 ], [ 55.357783068652267, -20.975340939870563 ], [ 55.357773100577937, -20.975340023599628 ], [ 55.357763453057551, -20.975337496239543 ], [ 55.35775441956428, -20.975333432882408 ], [ 55.357746273785629, -20.975327959013899 ], [ 55.357739264943632, -20.975321238725332 ], [ 55.357733604292243, -20.975313478196647 ], [ 55.357729465275291, -20.975304911245292 ], [ 55.35772697197698, -20.975295800118172 ], [ 55.35772620121292, -20.975286420155815 ] ] ], [ [ [ 55.39939358987445, -21.071852655514064 ], [ 55.399354472538448, -21.071883811600216 ], [ 55.399278706312764, -21.071922300059683 ], [ 55.399243181083868, -21.07187860692126 ], [ 55.399263564794595, -21.071808432550817 ], [ 55.399300130493316, -21.071808867713248 ], [ 55.399348966076374, -21.071831820266727 ], [ 55.399387089800513, -21.071830553844386 ], [ 55.39939358987445, -21.071852655514064 ] ] ], [ [ [ 55.398873860753532, -21.07123909804988 ], [ 55.399003537831192, -21.070885819863445 ], [ 55.399012637307933, -21.070888762806717 ], [ 55.398882959295612, -21.071242040088922 ], [ 55.398873860753532, -21.07123909804988 ] ] ], [ [ [ 55.398481215010079, -21.069828689813054 ], [ 55.39831602131553, -21.06954913528595 ], [ 55.398204316262053, -21.06933642957442 ], [ 55.398215669584211, -21.069291650222574 ], [ 55.39825999262488, -21.069247480951905 ], [ 55.398101067135393, -21.069169335931193 ], [ 55.398100898686451, -21.069169249431997 ], [ 55.397767114821029, -21.06898884962353 ], [ 55.397771916165063, -21.068981021831782 ], [ 55.398105533515114, -21.069161333342795 ], [ 55.398105700992112, -21.069161420736105 ], [ 55.398266841730297, -21.069240653444474 ], [ 55.398475565807892, -21.069032649340826 ], [ 55.398720775206044, -21.069101216442856 ], [ 55.398785329003019, -21.069076171802578 ], [ 55.399035492802007, -21.06929658739444 ], [ 55.399421901533408, -21.069401224915893 ], [ 55.399489048417337, -21.069065623863551 ], [ 55.399435620685303, -21.069049653014144 ], [ 55.399484048959422, -21.06890042832277 ], [ 55.399521285236098, -21.068904501868047 ], [ 55.399572873555101, -21.068646656875643 ], [ 55.39958233204927, -21.068648324102043 ], [ 55.399530866819447, -21.068905549695387 ], [ 55.399548505462676, -21.068907479221959 ], [ 55.399624004982769, -21.068909050038627 ], [ 55.399557376835396, -21.069086049313345 ], [ 55.39952956313212, -21.069077735120466 ], [ 55.399528235758787, -21.069078300714306 ], [ 55.399526606117725, -21.069078694542295 ], [ 55.399524929338625, -21.069078816937523 ], [ 55.399523254554907, -21.069078662943486 ], [ 55.399521633661159, -21.069078239372484 ], [ 55.399520116579062, -21.069077557534747 ], [ 55.399518748312694, -21.069076638630332 ], [ 55.399517570911677, -21.06907551015453 ], [ 55.399516619593129, -21.069074208571148 ], [ 55.399516426591696, -21.069073808398684 ], [ 55.399498287353424, -21.069068385625236 ], [ 55.399431190287835, -21.069403739649292 ], [ 55.399715966387738, -21.069480855048226 ], [ 55.399693872148397, -21.069628289323955 ], [ 55.399830477262796, -21.069788257005406 ], [ 55.400233591160536, -21.069810985935575 ], [ 55.4005107757811, -21.069265035238047 ], [ 55.400510836755231, -21.069264912964485 ], [ 55.400768436901828, -21.068716016705551 ], [ 55.400777242995431, -21.06871965864574 ], [ 55.400519583833002, -21.069268676307974 ], [ 55.400519523811475, -21.069268799493809 ], [ 55.400240883254753, -21.069817619801967 ], [ 55.400240472010452, -21.069818278944528 ], [ 55.400239948001079, -21.06981886385752 ], [ 55.400239325844232, -21.069819357516103 ], [ 55.400238624930182, -21.069819746553591 ], [ 55.400237864639585, -21.069820018506508 ], [ 55.400237065257343, -21.069820166339674 ], [ 55.400236250898139, -21.069820184860561 ], [ 55.399838597035341, -21.069797763036764 ], [ 55.399845846156332, -21.069806252784083 ], [ 55.399864679250115, -21.069886070166365 ], [ 55.399835902759669, -21.07003994609174 ], [ 55.39990830417814, -21.070041144356463 ], [ 55.399882103326142, -21.070252732557964 ], [ 55.399459894170924, -21.070402814368251 ], [ 55.399372986968231, -21.070215836809126 ], [ 55.399106063431162, -21.070048830716701 ], [ 55.399079967053254, -21.070116784211521 ], [ 55.398856500560726, -21.070547976739164 ], [ 55.398564168720831, -21.070384737145094 ], [ 55.398481215010079, -21.069828689813054 ] ] ], [ [ [ 55.394522886344838, -21.069288759138363 ], [ 55.394757902151923, -21.069297653391025 ], [ 55.394713455590768, -21.069342927054354 ], [ 55.394599937361178, -21.069392875112705 ], [ 55.39456744989517, -21.069478499005776 ], [ 55.394478206242631, -21.069557659595965 ], [ 55.39441459787168, -21.069601504489899 ], [ 55.394398337676236, -21.069645798110539 ], [ 55.394438501578044, -21.069719419672445 ], [ 55.394444222723337, -21.069782536255872 ], [ 55.394418589244651, -21.069817851918845 ], [ 55.394361896633249, -21.069805462679927 ], [ 55.394313495578423, -21.069773908107965 ], [ 55.394304539437904, -21.06968834481431 ], [ 55.394295495163071, -21.069601937914285 ], [ 55.394330865208865, -21.069461445548434 ], [ 55.394328216974827, -21.06941401118624 ], [ 55.394316131912873, -21.069363522052551 ], [ 55.394323016918918, -21.069310252263875 ], [ 55.394392589664335, -21.069299057319952 ], [ 55.394522886344838, -21.069288759138363 ] ] ], [ [ [ 55.399276264027925, -21.069228621399422 ], [ 55.399157030821769, -21.06921176616688 ], [ 55.399052546740705, -21.069187184064361 ], [ 55.398937903223434, -21.069133010815801 ], [ 55.399018640141563, -21.069027587329149 ], [ 55.39919688278885, -21.069011570909272 ], [ 55.399257778699905, -21.068998380747963 ], [ 55.399429581069853, -21.069192705892547 ], [ 55.399420886034925, -21.069222120082173 ], [ 55.399276264027925, -21.069228621399422 ] ] ], [ [ [ 55.396969312316948, -21.068876454415332 ], [ 55.396977338862115, -21.068881437804212 ], [ 55.396742968249342, -21.069214030192256 ], [ 55.396734941686049, -21.069209047695043 ], [ 55.396969312316948, -21.068876454415332 ] ] ], [ [ [ 55.399002583666324, -21.068697158113029 ], [ 55.398958765481368, -21.068787246807279 ], [ 55.398958074484895, -21.068851885443141 ], [ 55.3988365849345, -21.068944153755332 ], [ 55.398638911350666, -21.068882425156101 ], [ 55.398649266697461, -21.068717999562253 ], [ 55.398751650729871, -21.068651955358405 ], [ 55.398787774982068, -21.06867539332772 ], [ 55.399004586834458, -21.068652610274132 ], [ 55.399002583666324, -21.068697158113029 ] ] ], [ [ [ 55.398649266697461, -21.068717999562253 ], [ 55.398512385623739, -21.068738502971762 ], [ 55.398600780415848, -21.068909601470473 ], [ 55.398414242228213, -21.068973346741195 ], [ 55.398161345992193, -21.068891561044179 ], [ 55.398160486984089, -21.068887931633164 ], [ 55.398003180348283, -21.069068740039381 ], [ 55.397995727451018, -21.069063025925825 ], [ 55.398157831805051, -21.068876703024085 ], [ 55.398127394757459, -21.068747996323989 ], [ 55.397827851356098, -21.068659505637189 ], [ 55.398078318056996, -21.068540473861749 ], [ 55.398518560626883, -21.068304721722459 ], [ 55.398541355637278, -21.068435878276986 ], [ 55.398675526081092, -21.068281660820915 ], [ 55.398682979941661, -21.068287374010161 ], [ 55.398543424287681, -21.068447780625821 ], [ 55.398553262628973, -21.068504386225811 ], [ 55.39859699829023, -21.068499673514115 ], [ 55.398597641548378, -21.068500085161251 ], [ 55.398629538905631, -21.068520482544454 ], [ 55.398649266697461, -21.068717999562253 ] ] ], [ [ [ 55.396961892135344, -21.068470298790025 ], [ 55.396990125408657, -21.068475894825713 ], [ 55.39700498135938, -21.068481545197795 ], [ 55.397018511836777, -21.06849413841335 ], [ 55.397043804524749, -21.068513707724371 ], [ 55.397066166103279, -21.068519338633759 ], [ 55.397090048499585, -21.068517938209997 ], [ 55.397115373321157, -21.068516551402354 ], [ 55.397146752057019, -21.068524977322689 ], [ 55.39717347477427, -21.068527849185301 ], [ 55.397216801016079, -21.068534852298615 ], [ 55.397240563394789, -21.068544651562018 ], [ 55.397264460319313, -21.06854180598112 ], [ 55.397277808771499, -21.068526485684249 ], [ 55.397289921770813, -21.068509708452307 ], [ 55.39730625418639, -21.068494325995179 ], [ 55.397324141697567, -21.068477512947755 ], [ 55.397352474266832, -21.068464863328483 ], [ 55.397377807378298, -21.068453720987122 ], [ 55.397404605578522, -21.068449547834415 ], [ 55.397427058131214, -21.068446778923565 ], [ 55.397456780295705, -21.068448143457143 ], [ 55.397477706788713, -21.068444005192816 ], [ 55.397498605210679, -21.06844257654215 ], [ 55.397519459111287, -21.068445392949304 ], [ 55.397541851663789, -21.068448223878118 ], [ 55.397561305740929, -21.068446871011844 ], [ 55.397580546601247, -21.068438472245752 ], [ 55.397613474217472, -21.068437066798296 ], [ 55.397628323959054, -21.068434316425897 ], [ 55.397647211313917, -21.068431965480414 ], [ 55.397671446253405, -21.068424515329465 ], [ 55.397683468234483, -21.068416229072479 ], [ 55.397692858260321, -21.068411078597617 ], [ 55.397698424411558, -21.068403543466257 ], [ 55.397723685999054, -21.068381108319823 ], [ 55.397747553954481, -21.068362997632711 ], [ 55.397790892416225, -21.068341998603906 ], [ 55.397822194467629, -21.068312665991716 ], [ 55.397868290197799, -21.068267846005394 ], [ 55.397913118518993, -21.068224549643602 ], [ 55.3979455449265, -21.068191588245213 ], [ 55.397969006919517, -21.068231857192682 ], [ 55.397907032949924, -21.068441121962962 ], [ 55.397812038823744, -21.068427467317626 ], [ 55.397681255109205, -21.068647237318217 ], [ 55.397288939625994, -21.068628301639659 ], [ 55.396893177223163, -21.068811727167041 ], [ 55.396808109976057, -21.068775334049718 ], [ 55.396760605491131, -21.068520608292459 ], [ 55.396851423402786, -21.068422889543807 ], [ 55.396876597457457, -21.068443198458446 ], [ 55.396899185440617, -21.068457692836851 ], [ 55.396921614181245, -21.068466124608868 ], [ 55.396943992198558, -21.068470310419283 ], [ 55.396961892135344, -21.068470298790025 ] ] ], [ [ [ 55.397224669764235, -21.068375404929483 ], [ 55.397435617007766, -21.068281640068577 ], [ 55.39760752861622, -21.068273333839855 ], [ 55.397636863721218, -21.068171054366211 ], [ 55.397659442260682, -21.068134423931692 ], [ 55.397690227076183, -21.068128307435288 ], [ 55.397761898809641, -21.068128983897406 ], [ 55.397848757549298, -21.068145821769882 ], [ 55.3979032264211, -21.068159150848622 ], [ 55.397931962012336, -21.068185052997961 ], [ 55.397905621177586, -21.068214723314714 ], [ 55.39785951096264, -21.068260898117074 ], [ 55.397808751889258, -21.068309829240668 ], [ 55.397787836943913, -21.068330768922308 ], [ 55.397740233588237, -21.068354618237368 ], [ 55.397704423414602, -21.068382553342083 ], [ 55.397672988867953, -21.068406284257986 ], [ 55.397651009172122, -21.068418813238395 ], [ 55.397622285497626, -21.068423058585456 ], [ 55.397580473181456, -21.068427270709766 ], [ 55.397551603919617, -21.068436211798051 ], [ 55.397526495755862, -21.068435342482573 ], [ 55.397505187818609, -21.068430082897194 ], [ 55.397478328236971, -21.0684310036292 ], [ 55.397452289202334, -21.068436177583553 ], [ 55.397433821588884, -21.0684352806121 ], [ 55.397415148942869, -21.06843555598493 ], [ 55.397376372289585, -21.068443951866996 ], [ 55.397334522622764, -21.068460719359813 ], [ 55.397303228752619, -21.068480296379999 ], [ 55.397279329746318, -21.068501298150306 ], [ 55.397258405428282, -21.068532083573242 ], [ 55.397228071616823, -21.068524932149856 ], [ 55.397207795062769, -21.068522211486986 ], [ 55.397152661122263, -21.068512387004439 ], [ 55.397110985255807, -21.068503954188458 ], [ 55.397085577768259, -21.068503985274596 ], [ 55.397055812034388, -21.068506775414729 ], [ 55.397034902172543, -21.06849131231175 ], [ 55.397018513960433, -21.068475982232115 ], [ 55.397127421212339, -21.068434013791631 ], [ 55.39722500280336, -21.068389228467062 ], [ 55.397224669764235, -21.068375404929483 ] ] ], [ [ [ 55.395685258333664, -21.068099972832439 ], [ 55.395572163062795, -21.068002149563632 ], [ 55.395604084229618, -21.067904187401613 ], [ 55.395641556292723, -21.067853136927546 ], [ 55.395728769686471, -21.067611667157095 ], [ 55.395982455903912, -21.067672930102844 ], [ 55.396060776393448, -21.06780308673741 ], [ 55.396095635924119, -21.067872788114343 ], [ 55.396214203934854, -21.067934213959543 ], [ 55.396272095320974, -21.067844359255577 ], [ 55.396371431967417, -21.067892930110304 ], [ 55.395935202062866, -21.067592668622712 ], [ 55.395940891636897, -21.067585384929977 ], [ 55.39675319955829, -21.068144503578399 ], [ 55.396747509036338, -21.068151787289995 ], [ 55.396402845145069, -21.067914552698799 ], [ 55.396361988925229, -21.067997267952748 ], [ 55.396458343002983, -21.068034653107723 ], [ 55.396631893444905, -21.068093921560347 ], [ 55.396623464967192, -21.068153007679431 ], [ 55.39642042807165, -21.068079368406956 ], [ 55.396213754935197, -21.068048692217413 ], [ 55.396441599839356, -21.068133133695692 ], [ 55.396435149923164, -21.068160261902712 ], [ 55.39632114391312, -21.068157197722869 ], [ 55.396321110432737, -21.068196310913976 ], [ 55.395992129514518, -21.068425167639475 ], [ 55.395939073927181, -21.068392057440374 ], [ 55.395905427526813, -21.068352808477936 ], [ 55.395855651754452, -21.068220275757923 ], [ 55.395909144397386, -21.06800624997495 ], [ 55.395836608484629, -21.067994905707003 ], [ 55.395685258333664, -21.068099972832439 ] ] ], [ [ [ 55.398758897904976, -21.068185377429408 ], [ 55.398777751371171, -21.068186277894753 ], [ 55.398802395795023, -21.068185426390095 ], [ 55.39882028941085, -21.068177013866944 ], [ 55.398838915586893, -21.068163098156365 ], [ 55.398856770987067, -21.068149265503237 ], [ 55.398897239924246, -21.068144588740786 ], [ 55.398921002330482, -21.068136321886879 ], [ 55.398934826877223, -21.068121457585004 ], [ 55.398946763188569, -21.068112175898086 ], [ 55.398967502951081, -21.068107584036738 ], [ 55.398988203072534, -21.068106695305488 ], [ 55.39899599831881, -21.068106678492011 ], [ 55.399010932178598, -21.068114045684602 ], [ 55.39901451673326, -21.068154252599797 ], [ 55.399018262961228, -21.068233298177176 ], [ 55.398986319983869, -21.068256179974959 ], [ 55.398963994473156, -21.068298867770107 ], [ 55.398902171977269, -21.068304157020226 ], [ 55.398673963019633, -21.068208513574682 ], [ 55.398685879055535, -21.068201127730699 ], [ 55.398698632092156, -21.068196461470052 ], [ 55.398714541246314, -21.068193630663689 ], [ 55.398732298028271, -21.068189010695054 ], [ 55.398742259559725, -21.068184407526417 ], [ 55.398758897904976, -21.068185377429408 ] ] ], [ [ [ 55.395079265626613, -21.068157484446182 ], [ 55.395315623945713, -21.068144601288356 ], [ 55.395591919666948, -21.068162330277318 ], [ 55.39564770467836, -21.068217028883279 ], [ 55.395375069066247, -21.06823334897992 ], [ 55.395007286038748, -21.068236170872382 ], [ 55.394862482437908, -21.06822220355296 ], [ 55.394787230761061, -21.068105591405079 ], [ 55.394930975774521, -21.068093093129871 ], [ 55.395079265626613, -21.068157484446182 ] ] ], [ [ [ 55.399321684442683, -21.067922199562368 ], [ 55.39927126886694, -21.067894579293636 ], [ 55.399246411436458, -21.067870558456313 ], [ 55.399245314571381, -21.067866401992404 ], [ 55.399186139877393, -21.067861873124698 ], [ 55.399149083691725, -21.067891439900102 ], [ 55.399060863414824, -21.067927355791515 ], [ 55.398997956601889, -21.067893168125046 ], [ 55.398952988853381, -21.067854951109233 ], [ 55.398909529491661, -21.067840703672967 ], [ 55.39877551915739, -21.067830448342985 ], [ 55.398696917986427, -21.067869379636726 ], [ 55.398611158313635, -21.067843730998266 ], [ 55.398587218959804, -21.067816036903565 ], [ 55.39833799509902, -21.067796963070915 ], [ 55.398333017667362, -21.067803537256438 ], [ 55.398328809288607, -21.067796259456252 ], [ 55.398244701331571, -21.067789822123611 ], [ 55.398251329544898, -21.067801637420864 ], [ 55.398218427468265, -21.067827808854368 ], [ 55.398207967741598, -21.067898880701215 ], [ 55.398127459986036, -21.067924602928731 ], [ 55.398098854292328, -21.067869860763913 ], [ 55.397975826702336, -21.067954723219543 ], [ 55.397922251389851, -21.067902811172765 ], [ 55.397939096736906, -21.067884451713748 ], [ 55.397819414840093, -21.067809342461853 ], [ 55.397730447640349, -21.067858545276984 ], [ 55.397652414706833, -21.067839201817065 ], [ 55.397338084114139, -21.06781482660174 ], [ 55.397388743518029, -21.067747980552312 ], [ 55.397409674383965, -21.067725911046924 ], [ 55.397404986765856, -21.067725552449229 ], [ 55.397405768415162, -21.06771655037571 ], [ 55.397417686982237, -21.067717462302504 ], [ 55.397425305376586, -21.067709428964708 ], [ 55.397444076241761, -21.067685607449825 ], [ 55.397449763763568, -21.06764842014147 ], [ 55.397460680649864, -21.067617075019736 ], [ 55.397490038405223, -21.067592526018263 ], [ 55.397549379192121, -21.067567431708412 ], [ 55.397570981437475, -21.067526256625548 ], [ 55.397580997213396, -21.067496557822555 ], [ 55.397581379370116, -21.067460977070592 ], [ 55.397613556079918, -21.067410531020951 ], [ 55.397598210664484, -21.067391558824237 ], [ 55.397560708850037, -21.067460818093096 ], [ 55.397557961990394, -21.067512316951028 ], [ 55.397531129798324, -21.067557404512222 ], [ 55.397489216472295, -21.067575558014454 ], [ 55.397453822553089, -21.06759995609367 ], [ 55.397329041003459, -21.067415875600318 ], [ 55.397303804784748, -21.067858149234766 ], [ 55.397294196064465, -21.067857666491676 ], [ 55.397320029367002, -21.067404937451425 ], [ 55.397320101985301, -21.067404357319063 ], [ 55.397320256269154, -21.067403789700482 ], [ 55.397320483422817, -21.067403247158751 ], [ 55.397308998380346, -21.067386307660861 ], [ 55.397244878737943, -21.06722288362047 ], [ 55.397245981889519, -21.067119845375146 ], [ 55.397283251704835, -21.066920281141456 ], [ 55.397539188397658, -21.066999965786319 ], [ 55.397600411724724, -21.066980309879984 ], [ 55.397696128009791, -21.066981262967857 ], [ 55.397767669470937, -21.066933049187362 ], [ 55.39776837331172, -21.066932655670733 ], [ 55.3977691384409, -21.066932380160733 ], [ 55.39834841098812, -21.066775200798364 ], [ 55.398334974059004, -21.066717925317278 ], [ 55.398294185541211, -21.066630978724493 ], [ 55.398200530789438, -21.066560022072615 ], [ 55.398542390806355, -21.066512030382206 ], [ 55.398666331005785, -21.066494862582548 ], [ 55.398602902934257, -21.066414864733733 ], [ 55.398525606111136, -21.066461739219328 ], [ 55.398487990512464, -21.066451628808206 ], [ 55.398554823039049, -21.066402397396701 ], [ 55.398532039982662, -21.066292251569713 ], [ 55.398575814804147, -21.066230427509417 ], [ 55.398758816932684, -21.066296648823464 ], [ 55.398841190955572, -21.066314859303343 ], [ 55.398929141311527, -21.066369525098221 ], [ 55.399019419562514, -21.066440472103164 ], [ 55.399033734721151, -21.066424709113473 ], [ 55.399056132220593, -21.066400079722783 ], [ 55.399327090019526, -21.066403628228041 ], [ 55.399274928357634, -21.066578782047671 ], [ 55.399578254581741, -21.06649647098552 ], [ 55.399578802452133, -21.066496353302128 ], [ 55.399579639378913, -21.066496292541299 ], [ 55.399657004972823, -21.066497021835364 ], [ 55.399674378591726, -21.066483040010098 ], [ 55.399558892062423, -21.066463657842053 ], [ 55.39957348090347, -21.066353415474232 ], [ 55.399602158889266, -21.066276227393306 ], [ 55.399730334226057, -21.066299704528102 ], [ 55.399697912293114, -21.066464099349993 ], [ 55.39973802342967, -21.06640781827781 ], [ 55.399802382249483, -21.066348609629618 ], [ 55.39983303923735, -21.066335150437101 ], [ 55.399952686328156, -21.06645597369063 ], [ 55.400022613805746, -21.06648559686256 ], [ 55.400107376106448, -21.066488204055123 ], [ 55.400280966848861, -21.06647162218416 ], [ 55.400307839987413, -21.066555875499038 ], [ 55.400586770066752, -21.06666366239179 ], [ 55.400583106603086, -21.066672014972038 ], [ 55.400311393130643, -21.066567017698965 ], [ 55.400356015435499, -21.06670691500679 ], [ 55.400527407324148, -21.066706995131948 ], [ 55.400527342073772, -21.066848178609607 ], [ 55.400418257094636, -21.066941779112582 ], [ 55.400528015717335, -21.067247838748205 ], [ 55.400537269888382, -21.067243048143848 ], [ 55.400696522011138, -21.067173410365939 ], [ 55.400760445147938, -21.067231094458855 ], [ 55.400850477192556, -21.067099725454796 ], [ 55.401077588378321, -21.066890785304569 ], [ 55.401262823797531, -21.066724037227239 ], [ 55.401363378501081, -21.066652079163891 ], [ 55.401623464293529, -21.066728228793533 ], [ 55.401549301707682, -21.066878108961991 ], [ 55.401577760866381, -21.067006644837708 ], [ 55.401674655560129, -21.067070969327233 ], [ 55.40158577802525, -21.067427023588088 ], [ 55.401446714885743, -21.067544498420492 ], [ 55.401005560491384, -21.067653706468402 ], [ 55.400889132457543, -21.067727771177641 ], [ 55.400778220858029, -21.067769312242209 ], [ 55.400662125736737, -21.067742296708118 ], [ 55.4006169129567, -21.067720926059486 ], [ 55.40050042564841, -21.067737069762881 ], [ 55.400427132444513, -21.067693651539486 ], [ 55.400340733855927, -21.067359696911463 ], [ 55.400414287192454, -21.067306695408512 ], [ 55.400519451543097, -21.067252270018443 ], [ 55.40041049284094, -21.066948441827073 ], [ 55.400330953468718, -21.067016689653911 ], [ 55.400343399052744, -21.067067662422033 ], [ 55.399965892106138, -21.067299593859168 ], [ 55.399994409427613, -21.067188667050665 ], [ 55.399687357471791, -21.067365438216839 ], [ 55.399670523878022, -21.067553616451853 ], [ 55.399528533560336, -21.067494738035858 ], [ 55.39956826285173, -21.067448904546612 ], [ 55.398747137399234, -21.067020801878478 ], [ 55.398500089359231, -21.06698441556264 ], [ 55.398369406035513, -21.066988239370176 ], [ 55.398360172932165, -21.066825334388636 ], [ 55.398350483586484, -21.066784035599731 ], [ 55.397772607530399, -21.066940840633741 ], [ 55.39771238800423, -21.066981424560151 ], [ 55.397773808003031, -21.066982036749735 ], [ 55.397993542772141, -21.067095846957212 ], [ 55.398060212895579, -21.067026688471987 ], [ 55.398078070224372, -21.067038816585974 ], [ 55.398160866733193, -21.06707547485831 ], [ 55.398229388170172, -21.067115515834875 ], [ 55.398245924795134, -21.067130466008528 ], [ 55.398293898050554, -21.067180140026558 ], [ 55.398385461945779, -21.067237983671298 ], [ 55.398428127963896, -21.067265186017732 ], [ 55.398451687289693, -21.067278390416195 ], [ 55.398490126094337, -21.067301424815128 ], [ 55.398544146248703, -21.067326710864553 ], [ 55.398567411060206, -21.067393759644503 ], [ 55.398557838912708, -21.067447836289521 ], [ 55.398558955681352, -21.067487701971046 ], [ 55.398564166435385, -21.067505083534183 ], [ 55.39859343074626, -21.067552880991993 ], [ 55.398371070996191, -21.067557832630282 ], [ 55.398375164429744, -21.067656098162519 ], [ 55.398371747709142, -21.067752383276535 ], [ 55.398344480694774, -21.067788396897924 ], [ 55.398578830112392, -21.067806332267359 ], [ 55.398475986225186, -21.06768736025856 ], [ 55.398468906193848, -21.067629572067304 ], [ 55.398499215720825, -21.067585055510467 ], [ 55.398608234645025, -21.067559526161688 ], [ 55.398628840284282, -21.067567544866559 ], [ 55.398680618777178, -21.067626222586629 ], [ 55.39871465567883, -21.067680650058797 ], [ 55.398778937561957, -21.067764905036622 ], [ 55.398832518362454, -21.067802216030369 ], [ 55.398791367475958, -21.067822599153775 ], [ 55.398895523159609, -21.067830569397497 ], [ 55.398794950791697, -21.067752078444148 ], [ 55.398755895073883, -21.067698919747794 ], [ 55.398697950003069, -21.067619187711323 ], [ 55.398645659513996, -21.067560422063682 ], [ 55.39863557083352, -21.06755002934565 ], [ 55.398622320762819, -21.067547193574338 ], [ 55.398729466259674, -21.067444958597228 ], [ 55.398807772199163, -21.067449854134967 ], [ 55.398864726618889, -21.067476223713907 ], [ 55.398877252411964, -21.067490351943785 ], [ 55.398954178753428, -21.0674910765402 ], [ 55.399013048131984, -21.067505144099588 ], [ 55.399077633229268, -21.067523318621145 ], [ 55.399119128975784, -21.067546679800142 ], [ 55.399156262757231, -21.067574053822863 ], [ 55.39917785379857, -21.067574257418716 ], [ 55.399205317683645, -21.067563706665272 ], [ 55.399232448025721, -21.067584230606446 ], [ 55.399252195641139, -21.067622249490874 ], [ 55.399261851119185, -21.067661524542181 ], [ 55.399313134478987, -21.067712001824802 ], [ 55.399301257694503, -21.067745670341647 ], [ 55.399273148928501, -21.067798580439355 ], [ 55.399239919302651, -21.06782039421007 ], [ 55.399202566051741, -21.067848765848726 ], [ 55.399196503421095, -21.067853603633043 ], [ 55.399242872961928, -21.067857151817559 ], [ 55.3992382690639, -21.06783970824613 ], [ 55.399273998591774, -21.067819360609043 ], [ 55.399290153751593, -21.067802531002044 ], [ 55.399299309593943, -21.067783195599038 ], [ 55.399329868404685, -21.067733441222192 ], [ 55.399355301354085, -21.067721938193323 ], [ 55.399405131625642, -21.067723763860148 ], [ 55.399476864043542, -21.067720285004864 ], [ 55.399511737715173, -21.067707876430159 ], [ 55.399550137477291, -21.067701040091872 ], [ 55.3995741210788, -21.06767874706172 ], [ 55.399605336643354, -21.067657452597626 ], [ 55.399633548926772, -21.067638025830824 ], [ 55.399690072155074, -21.067607937879011 ], [ 55.399725129932527, -21.067600174830776 ], [ 55.399758084843477, -21.067574344127287 ], [ 55.399791594015653, -21.067564888145892 ], [ 55.399824042151351, -21.067561957493051 ], [ 55.39985917803746, -21.06755507767118 ], [ 55.399900455384142, -21.067525732978648 ], [ 55.399960343558348, -21.067801803202382 ], [ 55.399824461815356, -21.067945500332229 ], [ 55.399609833913914, -21.067961245840443 ], [ 55.399648372019733, -21.067983937678616 ], [ 55.399657677949278, -21.068006425302286 ], [ 55.399664475744409, -21.068040088327045 ], [ 55.399668370263882, -21.068060246828701 ], [ 55.39978416201032, -21.068065339034145 ], [ 55.399785227999011, -21.068154594583262 ], [ 55.39957503832926, -21.068146762522399 ], [ 55.399486775198184, -21.068143690233128 ], [ 55.39945107895209, -21.068134393908878 ], [ 55.399422779667908, -21.068102767423422 ], [ 55.399423212056185, -21.068062452953356 ], [ 55.399430896616906, -21.068013247081069 ], [ 55.399419206241546, -21.067990737868818 ], [ 55.399416935672186, -21.06797539568425 ], [ 55.399347625516121, -21.067980479918035 ], [ 55.399321684442683, -21.067922199562368 ] ], [ [ 55.399126648062399, -21.067076679909007 ], [ 55.399089783828352, -21.067150819750104 ], [ 55.398903734759891, -21.067043865748438 ], [ 55.398774757472147, -21.067024869772052 ], [ 55.399574431638399, -21.067441787832578 ], [ 55.399650233299688, -21.067354339959554 ], [ 55.399636088666931, -21.067161326130243 ], [ 55.399587612623016, -21.067135574194783 ], [ 55.399551202007316, -21.067135231851033 ], [ 55.399523894293843, -21.067134974412969 ], [ 55.3994939173555, -21.067100511140676 ], [ 55.399464732795103, -21.066991999634105 ], [ 55.399456361340675, -21.066923560282383 ], [ 55.39944780799437, -21.066872209548308 ], [ 55.399463375000622, -21.066835327555271 ], [ 55.399497269630331, -21.066787225992176 ], [ 55.399524882026633, -21.066759002715116 ], [ 55.399523374476651, -21.066687280461775 ], [ 55.399532748907959, -21.066591024337129 ], [ 55.399581815202772, -21.066543065775985 ], [ 55.399643829480787, -21.06650593058438 ], [ 55.399580249028951, -21.066505331234701 ], [ 55.399271882844751, -21.066589004822134 ], [ 55.399126648062399, -21.067076679909007 ] ], [ [ 55.398195873164667, -21.067702783389628 ], [ 55.398239389507594, -21.067780353358383 ], [ 55.398323323406935, -21.067786778211655 ], [ 55.398207983788154, -21.067587365443057 ], [ 55.39820638579171, -21.067529900862095 ], [ 55.398147421487245, -21.06751823489283 ], [ 55.398195873164667, -21.067702783389628 ] ] ], [ [ [ 55.398553598267092, -21.068152808352533 ], [ 55.398534556975257, -21.068148149290415 ], [ 55.398477601002782, -21.068118492489809 ], [ 55.39840126800835, -21.068115532185018 ], [ 55.398360703123778, -21.068115149476657 ], [ 55.398315630242777, -21.06809008507425 ], [ 55.398282440425014, -21.068069612213375 ], [ 55.398274053597795, -21.068051542175521 ], [ 55.398270153842439, -21.068029284347283 ], [ 55.398239460818559, -21.06801074821318 ], [ 55.398217655337412, -21.068007019624428 ], [ 55.398297690708461, -21.067929616348561 ], [ 55.398443813526406, -21.067852938584409 ], [ 55.39883133139287, -21.067967208692941 ], [ 55.399027620566109, -21.0680739287885 ], [ 55.39898126754705, -21.06809831958978 ], [ 55.398944744842908, -21.068102943261241 ], [ 55.398924973653997, -21.068115943988015 ], [ 55.39891407647643, -21.068127042965529 ], [ 55.398898300803339, -21.068135385145062 ], [ 55.398852742543291, -21.068139020283347 ], [ 55.398800464990607, -21.068177006639242 ], [ 55.398743138634117, -21.068174208593771 ], [ 55.398721512519117, -21.068180688984054 ], [ 55.398690819911423, -21.068189071097628 ], [ 55.398670106731323, -21.068200166892769 ], [ 55.398643792125576, -21.068198458043632 ], [ 55.398598599270599, -21.06818459162184 ], [ 55.398553598267092, -21.068152808352533 ] ] ], [ [ [ 55.399171707548248, -21.068149678366492 ], [ 55.399128408716138, -21.067999403594726 ], [ 55.399151191380263, -21.067905813122618 ], [ 55.399204143717739, -21.067866624402502 ], [ 55.399265175241915, -21.067910495693894 ], [ 55.399311077376936, -21.067931372769877 ], [ 55.39933487165117, -21.067982709133577 ], [ 55.399349218663247, -21.068018924696801 ], [ 55.399357995340907, -21.068131687103673 ], [ 55.399171707548248, -21.068149678366492 ] ] ], [ [ [ 55.39859850859132, -21.067508074010721 ], [ 55.398579407396873, -21.067487894894882 ], [ 55.398582386707965, -21.067402518337662 ], [ 55.398600579069729, -21.067411675916684 ], [ 55.398637287791473, -21.067416628080615 ], [ 55.398674075326063, -21.067423207813071 ], [ 55.398702051247056, -21.067434763774983 ], [ 55.398605759363321, -21.06753005542123 ], [ 55.39859850859132, -21.067508074010721 ] ] ], [ [ [ 55.398259405285259, -21.067120946917136 ], [ 55.398240171513969, -21.067104709395473 ], [ 55.398164360604916, -21.067063382004164 ], [ 55.398086788623161, -21.067026459588494 ], [ 55.398069791635315, -21.067013432686288 ], [ 55.398101389493753, -21.066982146256379 ], [ 55.398350117673999, -21.06702769756188 ], [ 55.398541088600403, -21.067161624874931 ], [ 55.398557164535362, -21.067209269925467 ], [ 55.398576066717318, -21.0672652907834 ], [ 55.398689867370678, -21.067413330204534 ], [ 55.398607569319772, -21.067400104715535 ], [ 55.398584815532352, -21.067391925735162 ], [ 55.398557032059777, -21.067318804843126 ], [ 55.398491428460453, -21.067284409102104 ], [ 55.398438812668452, -21.067252536818298 ], [ 55.398384154752058, -21.067220668739257 ], [ 55.3983088580719, -21.067171302424587 ], [ 55.398259405285259, -21.067120946917136 ] ] ], [ [ [ 55.394459732915685, -21.066663433234655 ], [ 55.394525052451179, -21.066623936615777 ], [ 55.394647205464274, -21.066607173107776 ], [ 55.39480212995241, -21.0666161570037 ], [ 55.394872848434204, -21.066605328519486 ], [ 55.395032794410163, -21.066508396170875 ], [ 55.395253709089815, -21.066424313911849 ], [ 55.395310876734747, -21.066407025968775 ], [ 55.395293623130613, -21.066433736764637 ], [ 55.395256412680702, -21.066467424746747 ], [ 55.395111689369145, -21.066531426237979 ], [ 55.394958797366819, -21.066619123238997 ], [ 55.394818183808937, -21.06674259277381 ], [ 55.394791737659986, -21.06681056302692 ], [ 55.394733089207563, -21.066889322128858 ], [ 55.394593966511948, -21.066976420003975 ], [ 55.394491620315719, -21.06698841891842 ], [ 55.394444178925667, -21.066937916993187 ], [ 55.394407302743659, -21.066898658900776 ], [ 55.39441559729287, -21.066793757548432 ], [ 55.394459732915685, -21.066663433234655 ] ] ], [ [ [ 55.395214055446317, -21.056628544703546 ], [ 55.395213909118446, -21.056637434445339 ], [ 55.395204387308929, -21.056637440223035 ], [ 55.395204483920239, -21.05662843077668 ], [ 55.395214055446317, -21.056628544703546 ] ] ], [ [ [ 55.394118265707647, -21.042638743812841 ], [ 55.394118490980638, -21.04263657893663 ], [ 55.394119112880404, -21.04263448465251 ], [ 55.394120112449272, -21.042632524011964 ], [ 55.394121460204666, -21.042630754547279 ], [ 55.394123115128636, -21.042629232778399 ], [ 55.394125025736471, -21.042628004286833 ], [ 55.394127133915326, -21.042627104655189 ], [ 55.39412937680973, -21.042626563098217 ], [ 55.394131686899016, -21.042626395237118 ], [ 55.394133991958626, -21.042626606712439 ], [ 55.394136222785825, -21.042627190547119 ], [ 55.394138312218296, -21.042628128943868 ], [ 55.394140196086518, -21.042629394197419 ], [ 55.394141818033916, -21.042630947836795 ], [ 55.394143126630546, -21.042632740598059 ], [ 55.394144083935117, -21.042634721538118 ], [ 55.394144661772522, -21.042636826256771 ], [ 55.394144840578022, -21.042638994951645 ], [ 55.394144615315092, -21.042641158924717 ], [ 55.394143993405962, -21.042643254112161 ], [ 55.394142992875231, -21.042645214743757 ], [ 55.39414164511993, -21.042646984208623 ], [ 55.394139991167684, -21.042648505083562 ], [ 55.394138080550015, -21.042649734478491 ], [ 55.394135971418478, -21.042650633197944 ], [ 55.394133728514049, -21.042651175658193 ], [ 55.394131419386461, -21.042651343528394 ], [ 55.394129114336167, -21.04265113114981 ], [ 55.394126882536888, -21.042650548209128 ], [ 55.394124794075957, -21.042649608918111 ], [ 55.394122910207628, -21.042648343664386 ], [ 55.394121288250595, -21.042646790928035 ], [ 55.394119978701717, -21.042644997254325 ], [ 55.394119021387731, -21.042643017217351 ], [ 55.394118444522448, -21.042640911604526 ], [ 55.394118265707647, -21.042638743812841 ] ] ], [ [ [ 55.3987681710814, -21.036383643270316 ], [ 55.398800895356388, -21.036230729741174 ], [ 55.398739276607358, -21.036134576785564 ], [ 55.398669731492689, -21.03623225183933 ], [ 55.398389010596105, -21.036499061339551 ], [ 55.398314373751148, -21.036541625055296 ], [ 55.398274409491869, -21.036457788312308 ], [ 55.398215243335621, -21.036333666922687 ], [ 55.39855039850142, -21.036081632744736 ], [ 55.398698426997342, -21.036002222917897 ], [ 55.398670346136967, -21.035853392152738 ], [ 55.398330641875155, -21.036018383579073 ], [ 55.398251001148054, -21.036097032919404 ], [ 55.398169820366299, -21.036121739960844 ], [ 55.39808928845639, -21.036040769120724 ], [ 55.398166006891692, -21.035929482388163 ], [ 55.398129937930946, -21.035829419366308 ], [ 55.397938688716977, -21.035728073543865 ], [ 55.397844006825181, -21.035709996788064 ], [ 55.397881048085679, -21.035640301563166 ], [ 55.397799657555758, -21.03552026846188 ], [ 55.397812099414551, -21.035488203973681 ], [ 55.397933060360934, -21.035301928014089 ], [ 55.397953230796219, -21.035283654729135 ], [ 55.397977052896955, -21.035279656337938 ], [ 55.398007511884671, -21.035316146656005 ], [ 55.398074931303555, -21.035374621076237 ], [ 55.398154811786299, -21.035434417903296 ], [ 55.398221139365155, -21.035469486583214 ], [ 55.398280892759168, -21.0354955452265 ], [ 55.398301691257018, -21.035510950029568 ], [ 55.398336548602963, -21.0355484049105 ], [ 55.398359013863626, -21.035586190149779 ], [ 55.398385262081383, -21.035626694728208 ], [ 55.398424554570077, -21.035650325770824 ], [ 55.398473058389165, -21.035654809686495 ], [ 55.39850885869258, -21.035672644770017 ], [ 55.398545230701018, -21.035697123564795 ], [ 55.398591981841861, -21.035712648196775 ], [ 55.398628779230904, -21.035708854162763 ], [ 55.398622373338618, -21.035692734991191 ], [ 55.398593375092211, -21.035694909724182 ], [ 55.398559523744289, -21.035682776566766 ], [ 55.398523473553041, -21.035658254739015 ], [ 55.398477114214081, -21.035636142420646 ], [ 55.398440476205003, -21.035631689013538 ], [ 55.398412031465263, -21.035618448743644 ], [ 55.39839407109465, -21.03560486012724 ], [ 55.398359439410477, -21.035546384042703 ], [ 55.398323240453976, -21.035500864532491 ], [ 55.398292965468741, -21.035480451077266 ], [ 55.398266911396682, -21.035466339048401 ], [ 55.398196720532113, -21.035436155142779 ], [ 55.398139035585693, -21.035394907149836 ], [ 55.39807056895927, -21.035337006414025 ], [ 55.398007372302047, -21.035276471625391 ], [ 55.397982139808931, -21.03523016114184 ], [ 55.398044141322693, -21.03523959779918 ], [ 55.398096622076288, -21.035232961768212 ], [ 55.397949137809185, -21.035157868154794 ], [ 55.397902796459483, -21.03520436760266 ], [ 55.397838717460012, -21.035206650562646 ], [ 55.397806272779668, -21.035178517774611 ], [ 55.397706801657627, -21.035229179181261 ], [ 55.397706313468071, -21.03522939498383 ], [ 55.397448723399286, -21.035327322009952 ], [ 55.397447986962725, -21.035327539084442 ], [ 55.397447224796537, -21.035327643004237 ], [ 55.397446453284459, -21.035327631213889 ], [ 55.397445693591507, -21.035327503912956 ], [ 55.397444965891651, -21.035327264001523 ], [ 55.397444289348506, -21.035326918886675 ], [ 55.397443679277494, -21.03532647593914 ], [ 55.397443152869869, -21.035325947063871 ], [ 55.397442722487277, -21.035325345926886 ], [ 55.397358713931034, -21.03518404783091 ], [ 55.397367114331225, -21.035179645777795 ], [ 55.397449048321945, -21.035317453843888 ], [ 55.397702452397624, -21.035221117808181 ], [ 55.39779880651853, -21.035172043925073 ], [ 55.397730514864172, -21.035112828608884 ], [ 55.397818973908016, -21.035007671349092 ], [ 55.397861914362359, -21.034976078594539 ], [ 55.397758147775917, -21.034919106027061 ], [ 55.397862908923955, -21.034797865631653 ], [ 55.398179307551736, -21.034613727685898 ], [ 55.39824522355898, -21.03458772504645 ], [ 55.398313315222111, -21.034594366367443 ], [ 55.398269798756779, -21.034679948418301 ], [ 55.398242564662851, -21.034931380225757 ], [ 55.398152865755598, -21.034936377475471 ], [ 55.398091695031454, -21.035014825964634 ], [ 55.397955930292589, -21.035151051759534 ], [ 55.398105156179227, -21.03522703165542 ], [ 55.398140645683306, -21.035201840736981 ], [ 55.398155518748865, -21.035166178713222 ], [ 55.39815928897174, -21.035098904146125 ], [ 55.398152952979601, -21.035049436787794 ], [ 55.398165889053672, -21.035034939731581 ], [ 55.398198192728223, -21.035026949170454 ], [ 55.398225888621241, -21.035001507740549 ], [ 55.398249176535217, -21.034966564535864 ], [ 55.398286682967544, -21.034954028813274 ], [ 55.398300685910648, -21.034928383366964 ], [ 55.398292170258415, -21.034868870678586 ], [ 55.398315530810137, -21.034823979230108 ], [ 55.398356098165905, -21.034776755002245 ], [ 55.398425728941447, -21.034639422475095 ], [ 55.398410683726169, -21.034628555868082 ], [ 55.398423092940696, -21.034610325915864 ], [ 55.398427327726345, -21.034595075701439 ], [ 55.398411263880782, -21.034574283098529 ], [ 55.398409840386066, -21.03455515772033 ], [ 55.398419163729066, -21.03452084348482 ], [ 55.398473830630884, -21.034510656282109 ], [ 55.398559730897951, -21.034473240750685 ], [ 55.39858096500113, -21.034467324573004 ], [ 55.398590219252867, -21.034471645337749 ], [ 55.398658801766963, -21.034382267183226 ], [ 55.398968698121429, -21.034564434866613 ], [ 55.399051386163116, -21.034701096873512 ], [ 55.399010947174517, -21.034576533211084 ], [ 55.399020149297982, -21.034573900052731 ], [ 55.39907308736565, -21.034736963364356 ], [ 55.399125041160509, -21.034822829587903 ], [ 55.399108518646749, -21.034846101122614 ], [ 55.399144333441626, -21.034956420205191 ], [ 55.399144464637814, -21.034956928190727 ], [ 55.399224992074174, -21.035372499793912 ], [ 55.399234887240809, -21.035299873914646 ], [ 55.399265434184805, -21.035075655100378 ], [ 55.399310336026296, -21.035006433699795 ], [ 55.399381332173881, -21.035061662334929 ], [ 55.399435738540227, -21.035321656834672 ], [ 55.399500331865852, -21.035371476711976 ], [ 55.399553297130211, -21.035468908296671 ], [ 55.39955554298858, -21.035641727574774 ], [ 55.399537489754621, -21.035640694036388 ], [ 55.399522753879985, -21.035639851615908 ], [ 55.399557996425045, -21.035736751392246 ], [ 55.399581769409963, -21.03580211383143 ], [ 55.399607998309421, -21.035848965530658 ], [ 55.399628302015238, -21.035878552714909 ], [ 55.39969045278206, -21.035922874648573 ], [ 55.399706351350076, -21.035935930650989 ], [ 55.399768836242103, -21.036020407286053 ], [ 55.399785222069859, -21.036059278697287 ], [ 55.39980603795842, -21.036112532567913 ], [ 55.399803539282246, -21.036131897425687 ], [ 55.399792679712483, -21.036151155567289 ], [ 55.399769907481804, -21.036170711651579 ], [ 55.399709355240255, -21.036206506516912 ], [ 55.399659396735615, -21.036236399593751 ], [ 55.399582877503491, -21.036268508568089 ], [ 55.399530416135448, -21.036272488625865 ], [ 55.399472175833566, -21.036222727662921 ], [ 55.399379439917723, -21.036130886911792 ], [ 55.399300727421007, -21.036064530128368 ], [ 55.399277625690189, -21.036088445967973 ], [ 55.399108470561096, -21.035844427687767 ], [ 55.399099578221559, -21.035825624032569 ], [ 55.39904604515489, -21.035896686239393 ], [ 55.399184022983434, -21.036118174475188 ], [ 55.399283480098461, -21.036191307198258 ], [ 55.399367641296429, -21.036252801364427 ], [ 55.399551936681355, -21.036320748502852 ], [ 55.399597679351658, -21.036282005000665 ], [ 55.399689852638964, -21.036243511661322 ], [ 55.399787249348741, -21.036382564532648 ], [ 55.399875477436801, -21.036565350010665 ], [ 55.399932211707664, -21.036660202839769 ], [ 55.39997440156985, -21.036709616551622 ], [ 55.39993960357733, -21.036745274543389 ], [ 55.399959099574929, -21.036751859746207 ], [ 55.399858648487225, -21.036946022766312 ], [ 55.399860153138299, -21.036945587089551 ], [ 55.399960372374608, -21.036751871728068 ], [ 55.400045995228858, -21.036780795591831 ], [ 55.400109424599115, -21.036790936902396 ], [ 55.400173069585776, -21.0367807984751 ], [ 55.400219884588878, -21.036778679170741 ], [ 55.400221166790118, -21.036778621685226 ], [ 55.400240461573603, -21.036776660669215 ], [ 55.400273382966567, -21.036787708027344 ], [ 55.400290309353437, -21.036823460882342 ], [ 55.400290309845197, -21.036823461920935 ], [ 55.400290310305849, -21.036823461794608 ], [ 55.400344707147184, -21.036808541821973 ], [ 55.400264998237603, -21.036764240924633 ], [ 55.400264938546641, -21.036764785051375 ], [ 55.400235577678124, -21.036758100710323 ], [ 55.400163764041459, -21.036762561827928 ], [ 55.400108374983226, -21.036770026519832 ], [ 55.400052556209332, -21.036761150106134 ], [ 55.399945738803673, -21.036649193425038 ], [ 55.399889554804957, -21.036555608590586 ], [ 55.399847245639144, -21.036471700413056 ], [ 55.399797808124241, -21.036371021336151 ], [ 55.399781598071023, -21.036345326176555 ], [ 55.399707626315234, -21.036219561859159 ], [ 55.399799221529577, -21.036164831658006 ], [ 55.399815715161154, -21.036149923544553 ], [ 55.399822322772664, -21.036126542466331 ], [ 55.3998365285331, -21.03612306301315 ], [ 55.399886382525189, -21.036119343753729 ], [ 55.399905257498943, -21.036167581396253 ], [ 55.400107909803488, -21.03610949378999 ], [ 55.400185164098382, -21.036094308447879 ], [ 55.400264486797148, -21.03625367503383 ], [ 55.400307909008504, -21.036369603759322 ], [ 55.400307958152666, -21.036369146249857 ], [ 55.400333474184933, -21.036205166847004 ], [ 55.400397329494012, -21.036158364536064 ], [ 55.400654645955122, -21.036240617610691 ], [ 55.400826287297463, -21.036299598330565 ], [ 55.400884448535102, -21.036356813932741 ], [ 55.400874023808207, -21.036589353931458 ], [ 55.400816981347923, -21.036761451036941 ], [ 55.400820523015682, -21.036871325390148 ], [ 55.400683231240713, -21.036963359618124 ], [ 55.400608633213366, -21.036928060452588 ], [ 55.400420589223835, -21.036850717341714 ], [ 55.400356043297037, -21.036814843328461 ], [ 55.400294252802809, -21.036831789367771 ], [ 55.400299480602754, -21.036842832608148 ], [ 55.400347305739636, -21.036886230919421 ], [ 55.400411724880918, -21.0369226276568 ], [ 55.400480198684818, -21.036936395173335 ], [ 55.400509765192545, -21.036932474886473 ], [ 55.400490080433634, -21.036961522876247 ], [ 55.400509111403487, -21.036934142544808 ], [ 55.400538698439718, -21.036932174472685 ], [ 55.400603372368728, -21.036944712925362 ], [ 55.400686378740069, -21.036985142454594 ], [ 55.400732289199013, -21.037010349198503 ], [ 55.400749759285247, -21.037040338669623 ], [ 55.400756006322212, -21.037103180266786 ], [ 55.400747678296867, -21.037207872718938 ], [ 55.400737087260339, -21.03729886613888 ], [ 55.400706781643684, -21.037471329466957 ], [ 55.400695993092356, -21.037624888848445 ], [ 55.40066455013433, -21.037713352824525 ], [ 55.400632548718079, -21.037758864243148 ], [ 55.400590474797561, -21.03779569050608 ], [ 55.400558935748009, -21.037810869907197 ], [ 55.400432945305063, -21.037886785186853 ], [ 55.400356248877742, -21.037994707477377 ], [ 55.400497887285425, -21.038037086353413 ], [ 55.400838855864855, -21.03814065308978 ], [ 55.400835894953261, -21.038149247207937 ], [ 55.400494946502661, -21.038045686073996 ], [ 55.400350692622212, -21.038002525615045 ], [ 55.400339022331409, -21.038018947025371 ], [ 55.400277380043569, -21.038079449630075 ], [ 55.400253333484102, -21.03810019334734 ], [ 55.40021996136187, -21.038115468337942 ], [ 55.400157450704469, -21.038128621795984 ], [ 55.40008985515815, -21.038141131187363 ], [ 55.400056655513637, -21.038150975336439 ], [ 55.400026430741534, -21.038146688294752 ], [ 55.399955611470105, -21.038063396968905 ], [ 55.399938843684531, -21.038029817102473 ], [ 55.399786236957027, -21.037971124826317 ], [ 55.399730916161758, -21.037752030355254 ], [ 55.39994380033928, -21.037700882795544 ], [ 55.399883908175617, -21.037570064341988 ], [ 55.399906697000119, -21.037565188804592 ], [ 55.399877790551436, -21.03749532120106 ], [ 55.399877596665533, -21.037494736748783 ], [ 55.399820510587055, -21.037270841814767 ], [ 55.399747795745192, -21.037315870383338 ], [ 55.399601463239918, -21.037469889542901 ], [ 55.399427139401283, -21.037302505560646 ], [ 55.399547560687715, -21.036997220252314 ], [ 55.399546498757978, -21.036996652918305 ], [ 55.399425895078927, -21.037302349315119 ], [ 55.399347917756387, -21.03728833650305 ], [ 55.399218298392015, -21.037208890200031 ], [ 55.39900478160304, -21.037003185551676 ], [ 55.399157281236455, -21.036832272810376 ], [ 55.398976269239078, -21.036698246527685 ], [ 55.398803715831249, -21.036792062552998 ], [ 55.398671458884969, -21.036831081036144 ], [ 55.398408761162209, -21.036739129754313 ], [ 55.3987681710814, -21.036383643270316 ] ], [ [ 55.398658103547042, -21.034978265293773 ], [ 55.398732641956101, -21.035025848625917 ], [ 55.398769420381875, -21.034975649273093 ], [ 55.398849748976822, -21.035008066898282 ], [ 55.39857886389575, -21.034716110828782 ], [ 55.398491308336297, -21.034672627243523 ], [ 55.398479681894202, -21.034686129958594 ], [ 55.398710655629777, -21.034886085664194 ], [ 55.398660664863044, -21.034979606431019 ], [ 55.398356098165905, -21.034776755002245 ], [ 55.398658103547042, -21.034978265293773 ] ], [ [ 55.400487682932386, -21.037139994863555 ], [ 55.400487682555159, -21.037139995007188 ], [ 55.400747678296867, -21.037207872718938 ], [ 55.400487682932386, -21.037139994863555 ] ], [ [ 55.399767710417585, -21.03686316615801 ], [ 55.399767731971473, -21.036863039899281 ], [ 55.399593123966376, -21.036878470916928 ], [ 55.399549884866353, -21.036988070054502 ], [ 55.399550945833994, -21.036988637379441 ], [ 55.399594396766901, -21.036878482901596 ], [ 55.399767710417585, -21.03686316615801 ] ], [ [ 55.399854398994172, -21.036956710322148 ], [ 55.399852894333314, -21.036957146902054 ], [ 55.399828925832757, -21.037003473594737 ], [ 55.399829937295678, -21.037003991673853 ], [ 55.399854398994172, -21.036956710322148 ] ], [ [ 55.399981690723699, -21.037501564662783 ], [ 55.399979664002466, -21.037458814186753 ], [ 55.39997426237688, -21.037422247530312 ], [ 55.399951582634934, -21.037376195282743 ], [ 55.399901043232823, -21.037304241555727 ], [ 55.399851502647998, -21.037251649466736 ], [ 55.399850571857819, -21.03725222604055 ], [ 55.399829054284076, -21.037265550340965 ], [ 55.399886877293881, -21.037492336439801 ], [ 55.399916178605785, -21.037563159835038 ], [ 55.399989475865858, -21.037547476691678 ], [ 55.399981690723699, -21.037501564662783 ] ], [ [ 55.398724362319754, -21.035774233819328 ], [ 55.398753755523636, -21.035790200093324 ], [ 55.398764126493653, -21.035807844344504 ], [ 55.398679297265566, -21.035849044904747 ], [ 55.398707299800279, -21.035997463027453 ], [ 55.398778097371533, -21.035959483313949 ], [ 55.398796228567356, -21.036054590669753 ], [ 55.398745187275388, -21.036126276968012 ], [ 55.398803705690078, -21.036217596076668 ], [ 55.39881526291402, -21.036163592018781 ], [ 55.398859828968348, -21.036181212170266 ], [ 55.398866152686573, -21.036146503177779 ], [ 55.398872794822417, -21.036112523178375 ], [ 55.398881206495034, -21.036068540323434 ], [ 55.398826224472565, -21.036123729791317 ], [ 55.398788354058716, -21.036161744207213 ], [ 55.398781327044702, -21.036155574429202 ], [ 55.39883124773376, -21.036105465467351 ], [ 55.398884336051083, -21.036052176537542 ], [ 55.398907415535966, -21.035931498798202 ], [ 55.398922700156078, -21.035908455129142 ], [ 55.39903516990892, -21.035879228752783 ], [ 55.399040711104938, -21.035888124226791 ], [ 55.399095033766933, -21.035816014372763 ], [ 55.399108827503305, -21.035649129099188 ], [ 55.39916129575294, -21.035619182131136 ], [ 55.399208848304475, -21.035491000407742 ], [ 55.399220955833947, -21.035402130590601 ], [ 55.399135049299616, -21.034958803286411 ], [ 55.39910161692918, -21.034855822013895 ], [ 55.398961504223436, -21.035053167148074 ], [ 55.399040824439396, -21.03508517782911 ], [ 55.398994215712236, -21.035260723771639 ], [ 55.398903612287768, -21.035450096676456 ], [ 55.398965495083942, -21.035475520252231 ], [ 55.398924459154323, -21.035579103259504 ], [ 55.398894844183665, -21.035640338855423 ], [ 55.398837180170396, -21.035688302741899 ], [ 55.398785842834322, -21.035675443962035 ], [ 55.398816777783523, -21.035718470375691 ], [ 55.398781973078535, -21.035795895635879 ], [ 55.398769320005741, -21.035777070956776 ], [ 55.398738011734601, -21.035759881645721 ], [ 55.398715745699789, -21.035738552792264 ], [ 55.398707109737337, -21.035704681790545 ], [ 55.398640410703486, -21.03569138196579 ], [ 55.398632345308073, -21.035691987066389 ], [ 55.398638644395177, -21.035707836952106 ], [ 55.398640237534678, -21.03570767310848 ], [ 55.398690271906524, -21.035716591216985 ], [ 55.398695122900911, -21.035743790036065 ], [ 55.398724362319754, -21.035774233819328 ] ], [ [ 55.399217865983402, -21.035622417565282 ], [ 55.399217866099285, -21.035622416668151 ], [ 55.39916129575294, -21.035619182131136 ], [ 55.399217865983402, -21.035622417565282 ] ], [ [ 55.399099627107013, -21.036276022120745 ], [ 55.399087420904863, -21.036271195554679 ], [ 55.399170493953086, -21.036305038664949 ], [ 55.399099696831513, -21.036275889992734 ], [ 55.399099627107013, -21.036276022120745 ] ], [ [ 55.399408787180271, -21.035780130093485 ], [ 55.399319767144654, -21.035628244185613 ], [ 55.399395647607967, -21.03576090523125 ], [ 55.399408787180271, -21.035780130093485 ] ], [ [ 55.399523899421169, -21.036093450589977 ], [ 55.399582260834968, -21.036177535273566 ], [ 55.399641064109652, -21.036145504287756 ], [ 55.399582260844618, -21.03617753437036 ], [ 55.399523899421169, -21.036093450589977 ] ], [ [ 55.399583483673354, -21.036057957825975 ], [ 55.39958348339826, -21.036057957407717 ], [ 55.399523899421169, -21.036093450589977 ], [ 55.399583483673354, -21.036057957825975 ] ], [ [ 55.399582637688361, -21.035987343186303 ], [ 55.399612219043917, -21.036049568058445 ], [ 55.399582638049878, -21.035987343023269 ], [ 55.399582637688361, -21.035987343186303 ] ], [ [ 55.400448143442361, -21.037021858672563 ], [ 55.400408946133602, -21.037076359049685 ], [ 55.400448138279607, -21.037021866100346 ], [ 55.400448143442361, -21.037021858672563 ] ] ], [ [ [ 55.395548650028218, -21.035208248093429 ], [ 55.395548116803056, -21.035208626057873 ], [ 55.395418998342883, -21.035287692212489 ], [ 55.39541844101327, -21.035287985039087 ], [ 55.395417845956402, -21.035288207052435 ], [ 55.395225138703211, -21.035346499445371 ], [ 55.395098600907971, -21.035404413730934 ], [ 55.395054431635181, -21.035582536785977 ], [ 55.395054174502242, -21.035583277770819 ], [ 55.39505378611085, -21.035583966931693 ], [ 55.395053276323367, -21.035584581779329 ], [ 55.395052661668707, -21.035585106210473 ], [ 55.394858768548886, -21.035723772182585 ], [ 55.394668087270873, -21.035860141355609 ], [ 55.394854959113786, -21.03619974975004 ], [ 55.39500179179381, -21.036462045263029 ], [ 55.395002112218684, -21.036462760989355 ], [ 55.395064306599572, -21.036643988517245 ], [ 55.395064489190297, -21.036644727330962 ], [ 55.395064537842806, -21.036645484752476 ], [ 55.395064449903202, -21.036646239077616 ], [ 55.395064228480166, -21.036646969559929 ], [ 55.395063881512023, -21.036647653691965 ], [ 55.394976864270888, -21.036787337895255 ], [ 55.394976370465834, -21.036787987218514 ], [ 55.394976279959444, -21.036788083016525 ], [ 55.39480333189158, -21.036967089980237 ], [ 55.394802819943408, -21.036967546729517 ], [ 55.394802243378777, -21.036967927894985 ], [ 55.394801612857705, -21.036968226350943 ], [ 55.394800942888452, -21.036968435008035 ], [ 55.394800247950215, -21.036968549486541 ], [ 55.394799541550483, -21.036968566300825 ], [ 55.394222587462295, -21.036943046102117 ], [ 55.394223040167986, -21.036934023744546 ], [ 55.394797729425136, -21.036959443963497 ], [ 55.394968817219059, -21.03678236333139 ], [ 55.395054490323673, -21.036644836157397 ], [ 55.394993082463259, -21.03646590319924 ], [ 55.394846426341068, -21.036203922790534 ], [ 55.394657685856018, -21.035860918411856 ], [ 55.394657396416903, -21.035860274338031 ], [ 55.394657215123928, -21.035859594250475 ], [ 55.394657149470191, -21.035858897189172 ], [ 55.394657199300873, -21.035858197605396 ], [ 55.394657362478931, -21.035857515351481 ], [ 55.394657636935122, -21.03585686395731 ], [ 55.39465801477948, -21.03585626141431 ], [ 55.394658488189833, -21.03585571939141 ], [ 55.394659044495022, -21.03585525312501 ], [ 55.394852938924338, -21.035716587414761 ], [ 55.395045454290184, -21.035578905678822 ], [ 55.39508974931362, -21.03540027164496 ], [ 55.395089962041325, -21.035399634119823 ], [ 55.395090271567888, -21.035399031833894 ], [ 55.395090671956545, -21.035398480087185 ], [ 55.395091156347213, -21.035397990557755 ], [ 55.395091712136562, -21.035397572159575 ], [ 55.395092325730161, -21.035397236507123 ], [ 55.39522123042812, -21.035338240744291 ], [ 55.395221862236603, -21.035338001012718 ], [ 55.395414282794874, -21.035279795342859 ], [ 55.395541711225199, -21.035201764675943 ], [ 55.395650376140317, -21.034983182735981 ], [ 55.395650680954759, -21.034982660797763 ], [ 55.395759282013088, -21.034823116717433 ], [ 55.39575968190448, -21.034822611032318 ], [ 55.395759968811063, -21.034822323781921 ], [ 55.395932698268254, -21.034663385693761 ], [ 55.395933209692338, -21.034662976810107 ], [ 55.395933776160518, -21.034662638903022 ], [ 55.395934387022649, -21.034662378195073 ], [ 55.395935031638274, -21.034662200005631 ], [ 55.396213568227438, -21.034604615396081 ], [ 55.396214188796442, -21.034604526405033 ], [ 55.396214817202008, -21.034604514268143 ], [ 55.396215440937624, -21.034604578867395 ], [ 55.396471527829071, -21.034647137371561 ], [ 55.396469850882646, -21.034656031670917 ], [ 55.396214704238275, -21.034613629272098 ], [ 55.39593844716606, -21.034670743097056 ], [ 55.395767094621874, -21.034828414214676 ], [ 55.395658958878919, -21.034987273476833 ], [ 55.395549848503926, -21.035206753611007 ], [ 55.395549524167265, -21.03520730156032 ], [ 55.39554912238868, -21.035207803613837 ], [ 55.395548650028218, -21.035208248093429 ] ] ], [ [ [ 55.39887758975209, -21.035824924131159 ], [ 55.398800315320457, -21.0357977061037 ], [ 55.398843652906407, -21.035712843978025 ], [ 55.39891960677231, -21.035628017177334 ], [ 55.399013701858678, -21.035655278862397 ], [ 55.399085957499246, -21.035682426939243 ], [ 55.399067874373131, -21.035807994727218 ], [ 55.399009952277581, -21.035835090069149 ], [ 55.398940817823117, -21.035853854349799 ], [ 55.39887758975209, -21.035824924131159 ] ] ], [ [ [ 55.398054196092524, -21.032877440023857 ], [ 55.398213414987808, -21.032749961225196 ], [ 55.398321381516475, -21.032840725642089 ], [ 55.398504107900088, -21.033386843849502 ], [ 55.39851307633554, -21.0334211913204 ], [ 55.398535907301273, -21.033587941955592 ], [ 55.39857757508809, -21.034089369238746 ], [ 55.398510837620108, -21.034244729125049 ], [ 55.39850126295795, -21.034334514302753 ], [ 55.398541175295058, -21.034377988459131 ], [ 55.398546691340897, -21.034429286297385 ], [ 55.398543386096264, -21.034454878996048 ], [ 55.398483953852057, -21.034482789185368 ], [ 55.398407982520546, -21.034497731150381 ], [ 55.398391092530666, -21.034517501460417 ], [ 55.398381463901806, -21.034567233006921 ], [ 55.398078486369137, -21.034576534572984 ], [ 55.39799101971262, -21.034367381911633 ], [ 55.397901468054449, -21.034353241372919 ], [ 55.397884310783276, -21.034237661764166 ], [ 55.397888568729428, -21.033936813581306 ], [ 55.397902710256815, -21.033594514992018 ], [ 55.397785996869089, -21.033309480621224 ], [ 55.397776248602732, -21.033259450852842 ], [ 55.39780826053363, -21.033135643136525 ], [ 55.397906503200147, -21.032999161270848 ], [ 55.398054196092524, -21.032877440023857 ] ] ], [ [ [ 55.398993909297161, -21.080603802610149 ], [ 55.399055199019074, -21.079811448514036 ], [ 55.399055314374827, -21.079810742323847 ], [ 55.399156219443569, -21.07940786623865 ], [ 55.399064895384541, -21.078912312515317 ], [ 55.399064827742478, -21.078911619051237 ], [ 55.399064875618244, -21.078910923063823 ], [ 55.399065036893752, -21.078910242598951 ], [ 55.399065306583232, -21.078909593868858 ], [ 55.399065680682618, -21.078908991288483 ], [ 55.399066148451531, -21.07890844920917 ], [ 55.399066700102274, -21.078907982894563 ], [ 55.400236326241583, -21.078060810466788 ], [ 55.400450968293114, -21.077510290773958 ], [ 55.400451336990308, -21.07750956258117 ], [ 55.400451503222669, -21.077509317548802 ], [ 55.400664384782615, -21.077216035377678 ], [ 55.400585683277782, -21.077218839983374 ], [ 55.400481588147102, -21.076608935806927 ], [ 55.40104293533718, -21.076117545773794 ], [ 55.401527903212099, -21.076338184104557 ], [ 55.401773146868948, -21.076609878820335 ], [ 55.402026101650435, -21.076915483240064 ], [ 55.401270598404281, -21.077194427313316 ], [ 55.400676339331291, -21.077215608744343 ], [ 55.400676338658535, -21.077215609671189 ], [ 55.400459793096815, -21.077513939254327 ], [ 55.400244879884482, -21.07806515826255 ], [ 55.400244602343136, -21.07806573194754 ], [ 55.400244243439424, -21.078066264217288 ], [ 55.400243809063262, -21.078066744287817 ], [ 55.400243307000217, -21.078067164102858 ], [ 55.399074875823324, -21.078913470753559 ], [ 55.399165871483859, -21.079407250017173 ], [ 55.39916593631213, -21.07940784680229 ], [ 55.399165916426391, -21.079408445498107 ], [ 55.399165810951374, -21.079409037966713 ], [ 55.399064770129947, -21.079812460173795 ], [ 55.399003659295069, -21.080602494500717 ], [ 55.399421901171728, -21.081024672206837 ], [ 55.399968486819226, -21.081576396515437 ], [ 55.400430629004788, -21.081960557154297 ], [ 55.400424247821242, -21.081967318667822 ], [ 55.399961931062165, -21.081583012741739 ], [ 55.399961597480967, -21.081582706992798 ], [ 55.399414852820961, -21.081030823086216 ], [ 55.398995184644527, -21.080607205605695 ], [ 55.398994696194919, -21.080606622889423 ], [ 55.398994316252676, -21.08060597344998 ], [ 55.398994053294999, -21.080605274529916 ], [ 55.39899391675177, -21.080604544284078 ], [ 55.398993909297161, -21.080603802610149 ] ] ], [ [ [ 55.400331652964489, -21.075532336311468 ], [ 55.400589485351624, -21.075503726463683 ], [ 55.400735833898239, -21.075533785198107 ], [ 55.400866400769011, -21.07561101688152 ], [ 55.401016059172299, -21.075595184898543 ], [ 55.401280517798554, -21.075578810126007 ], [ 55.401658333618421, -21.075888346197509 ], [ 55.401594999789673, -21.07631501335883 ], [ 55.401015709504378, -21.076086891603101 ], [ 55.40102533555433, -21.076043962912987 ], [ 55.401007463633441, -21.076000775142184 ], [ 55.40097031641303, -21.075946207073358 ], [ 55.40094500033041, -21.075983347400982 ], [ 55.400977743433984, -21.076009518125577 ], [ 55.40099563579745, -21.076050793817934 ], [ 55.400977678792074, -21.076110852668137 ], [ 55.400986547342015, -21.076138659228846 ], [ 55.400761667142589, -21.076338346986752 ], [ 55.400540674646308, -21.076534060425011 ], [ 55.400008093309602, -21.076339893105047 ], [ 55.399538735170658, -21.07620493966818 ], [ 55.399535769202835, -21.076204654258643 ], [ 55.39964933990727, -21.075952642233752 ], [ 55.399062555072994, -21.075706209476802 ], [ 55.399619173935378, -21.075297073254163 ], [ 55.400248551481361, -21.075318988961698 ], [ 55.400354055365632, -21.07558985063238 ], [ 55.400331652964489, -21.075532336311468 ] ], [ [ 55.4001735754618, -21.0760077529232 ], [ 55.4003218153576, -21.075674715629031 ], [ 55.400354055365632, -21.07558985063238 ], [ 55.4001735754618, -21.0760077529232 ] ] ], [ [ [ 55.399914683844116, -21.073830163293898 ], [ 55.400271570100777, -21.073753716912783 ], [ 55.400728193832485, -21.073792936990671 ], [ 55.400698077192473, -21.074124363639793 ], [ 55.400564774847027, -21.074165506303327 ], [ 55.400191758548601, -21.074259259176124 ], [ 55.399871413385867, -21.074148994809843 ], [ 55.399914683844116, -21.073830163293898 ] ] ], [ [ [ 55.40076886875547, -21.074160909542378 ], [ 55.400813492908661, -21.073746376478802 ], [ 55.400837726985621, -21.073762922827097 ], [ 55.400899797887547, -21.073770521731134 ], [ 55.40098756626216, -21.073766179983533 ], [ 55.40108353083869, -21.073767822948973 ], [ 55.401152832321671, -21.073761460811486 ], [ 55.401151252866825, -21.07377884699677 ], [ 55.40111538138256, -21.074173604629706 ], [ 55.40076886875547, -21.074160909542378 ] ] ], [ [ [ 55.401248366172105, -21.073610142965528 ], [ 55.401610318621202, -21.073614787722029 ], [ 55.401607356061248, -21.074015075592566 ], [ 55.401143892240007, -21.074024301211693 ], [ 55.401151252866825, -21.07377884699677 ], [ 55.401248366172105, -21.073610142965528 ] ] ], [ [ [ 55.401621246414415, -21.074013982441606 ], [ 55.401627129130475, -21.073611325628285 ], [ 55.401962927773369, -21.073629292624798 ], [ 55.401944524212929, -21.074022949510582 ], [ 55.401621246414415, -21.074013982441606 ] ] ], [ [ [ 55.399866958579977, -21.073603929596533 ], [ 55.399867196482624, -21.073581699063372 ], [ 55.399841560771371, -21.073486965593727 ], [ 55.39989311172333, -21.07337350647316 ], [ 55.400026520283362, -21.073358090220054 ], [ 55.400079514626327, -21.073386380519441 ], [ 55.400129905768765, -21.073381297548995 ], [ 55.40011275389454, -21.073600687833103 ], [ 55.400114584018823, -21.073706312811723 ], [ 55.400049568208708, -21.073694584004688 ], [ 55.400025734613067, -21.07370825470446 ], [ 55.399847350852625, -21.073776051686419 ], [ 55.399848153800711, -21.073701022622895 ], [ 55.39984593630637, -21.073631522147309 ], [ 55.399866958579977, -21.073603929596533 ] ] ], [ [ [ 55.40111309953528, -21.073739185239951 ], [ 55.400709383759974, -21.073712331327293 ], [ 55.4007411372001, -21.073384148452153 ], [ 55.40116093686369, -21.07339962861921 ], [ 55.401171399803864, -21.073684412173861 ], [ 55.40111309953528, -21.073739185239951 ] ] ], [ [ [ 55.40127163314591, -21.073583658936915 ], [ 55.401271083913691, -21.073307933954172 ], [ 55.402057785196902, -21.073321906568246 ], [ 55.402047705607764, -21.073610661850903 ], [ 55.40127163314591, -21.073583658936915 ] ] ], [ [ [ 55.400580115760725, -21.073162765709728 ], [ 55.401173769337987, -21.073208191451222 ], [ 55.401161209087356, -21.073390640693621 ], [ 55.400565590848508, -21.073363451933414 ], [ 55.400580115760725, -21.073162765709728 ] ] ], [ [ [ 55.40257149871217, -21.07308128538919 ], [ 55.402620686499404, -21.072588669378462 ], [ 55.403376258929825, -21.072813471727478 ], [ 55.403284072182714, -21.073214057823783 ], [ 55.40257149871217, -21.07308128538919 ] ] ], [ [ [ 55.40232643533723, -21.072282184128259 ], [ 55.402606306039011, -21.072585204496299 ], [ 55.40256407535221, -21.073081599423869 ], [ 55.40139003408445, -21.072943459411118 ], [ 55.401427024665132, -21.072473791086701 ], [ 55.401810660542843, -21.072247220776287 ], [ 55.402064346110485, -21.072365840697554 ], [ 55.402210968463763, -21.07227833856766 ], [ 55.40232643533723, -21.072282184128259 ] ] ], [ [ [ 55.405511813723862, -21.072756267211794 ], [ 55.405515581377635, -21.072764578603227 ], [ 55.405178419274272, -21.07289927284771 ], [ 55.405177717251888, -21.072899494785258 ], [ 55.405176986487042, -21.072899614380297 ], [ 55.405176246293003, -21.072899625491242 ], [ 55.404756841013111, -21.072875989619501 ], [ 55.404756246992328, -21.072875920805824 ], [ 55.404755561651641, -21.072875751771335 ], [ 55.404253704456124, -21.072713477837642 ], [ 55.404253116992415, -21.072713245587398 ], [ 55.404252567809792, -21.072712943240003 ], [ 55.404252065520666, -21.072712575392906 ], [ 55.4042516196901, -21.072712147555787 ], [ 55.403961251815389, -21.072394304581405 ], [ 55.403961036056359, -21.07239405143644 ], [ 55.403746895375754, -21.072122403115916 ], [ 55.403599067201, -21.071966869082459 ], [ 55.403458214608342, -21.071854245652574 ], [ 55.403355224717075, -21.071913542063857 ], [ 55.403117831315868, -21.071911765013084 ], [ 55.403111982909195, -21.071914651120945 ], [ 55.403111851363512, -21.07191471311404 ], [ 55.402858822445261, -21.072030499705619 ], [ 55.402858213669347, -21.072030731543972 ], [ 55.402857576883491, -21.072030882725493 ], [ 55.402856923644734, -21.072030952455624 ], [ 55.40285626651103, -21.07203093633607 ], [ 55.402604708811879, -21.072008874570535 ], [ 55.40260400170007, -21.072008762230379 ], [ 55.402603320649661, -21.072008552579614 ], [ 55.402602680046655, -21.072008250270109 ], [ 55.402602094248145, -21.072007862663341 ], [ 55.402601577611172, -21.072007397120768 ], [ 55.402373315004944, -21.071768914288963 ], [ 55.40237297473459, -21.071768515443026 ], [ 55.402209895521338, -21.071553548974983 ], [ 55.401981577138478, -21.071667667231296 ], [ 55.401980915955775, -21.071667940124691 ], [ 55.401980791387189, -21.0716679796002 ], [ 55.401728182137809, -21.0717443793596 ], [ 55.40172741428902, -21.071744547368677 ], [ 55.401726626544303, -21.071744595955501 ], [ 55.401725841055445, -21.07174452352205 ], [ 55.401725078030367, -21.071744330258614 ], [ 55.401724360486575, -21.071744023608275 ], [ 55.401497537401838, -21.07162511062857 ], [ 55.401246924465241, -21.071797872064515 ], [ 55.401120648357718, -21.071952641867952 ], [ 55.401096403558931, -21.072266178280032 ], [ 55.401086805024057, -21.072265524205989 ], [ 55.401111154706044, -21.071950641068774 ], [ 55.401111255953396, -21.071949992553687 ], [ 55.401111455141084, -21.071949364833646 ], [ 55.401111750209353, -21.071948770535386 ], [ 55.40111213332473, -21.071948222231249 ], [ 55.401239701532283, -21.071791867579631 ], [ 55.4012401532068, -21.071791387667993 ], [ 55.401240673460649, -21.071790974342822 ], [ 55.401494335520432, -21.071616112564818 ], [ 55.401495003693846, -21.071615725924055 ], [ 55.401495729417434, -21.071615447317328 ], [ 55.401496494340286, -21.071615282894896 ], [ 55.401497277253597, -21.071615236070194 ], [ 55.401498057901229, -21.071615311168951 ], [ 55.401498815161268, -21.071615503475776 ], [ 55.401499529826744, -21.071615809196615 ], [ 55.401727224740164, -21.071735179319827 ], [ 55.401977431817436, -21.071659505777067 ], [ 55.402209102731135, -21.071543711856108 ], [ 55.402209809294504, -21.07154342493622 ], [ 55.402210555125222, -21.071543245878065 ], [ 55.402211320890842, -21.071543182629313 ], [ 55.402212089289613, -21.07154323322052 ], [ 55.402212838169788, -21.071543399249752 ], [ 55.402213550268229, -21.071543675134738 ], [ 55.402214205454257, -21.071544053459633 ], [ 55.402214788427877, -21.071544525047457 ], [ 55.402215283908419, -21.071545078914841 ], [ 55.402380655938238, -21.071763067704438 ], [ 55.402607478533561, -21.07200004653787 ], [ 55.402855818146492, -21.072021825998593 ], [ 55.403096684709872, -21.071911606714231 ], [ 55.402978773749943, -21.071910723184125 ], [ 55.40286504707727, -21.071809115462401 ], [ 55.402824356998586, -21.071735205264336 ], [ 55.402997329766954, -21.071218431625791 ], [ 55.403052138300737, -21.071294914412466 ], [ 55.40334001632845, -21.071436188065451 ], [ 55.4033444903827, -21.071251595668244 ], [ 55.403484808192829, -21.071287240716661 ], [ 55.403497921021028, -21.071584849948778 ], [ 55.403550595393391, -21.071498980392601 ], [ 55.403551096169153, -21.071498317567176 ], [ 55.403551257720522, -21.071498149267061 ], [ 55.403826938627347, -21.07122502898347 ], [ 55.404293542705766, -21.070756758429003 ], [ 55.404300570532932, -21.070762927160725 ], [ 55.404291706454252, -21.070771824399802 ], [ 55.404329607599216, -21.070749906318532 ], [ 55.404347557400236, -21.070781238756773 ], [ 55.404416682046381, -21.070751807879763 ], [ 55.404499989308668, -21.070808956595339 ], [ 55.404485483172209, -21.070860758852273 ], [ 55.404389076211885, -21.070876745183128 ], [ 55.404282973300994, -21.070836184325238 ], [ 55.404277376283581, -21.070786205649803 ], [ 55.403833945043317, -21.071231220115418 ], [ 55.403558636652789, -21.071503972659453 ], [ 55.403498664596761, -21.071601738630669 ], [ 55.403508513636787, -21.071825285775653 ], [ 55.40346684148242, -21.071849278277995 ], [ 55.403605558498654, -21.071960194259791 ], [ 55.403606028343688, -21.071960625937457 ], [ 55.403754222931319, -21.072116544601528 ], [ 55.403754500524656, -21.072116865172084 ], [ 55.403968562306822, -21.072388422412047 ], [ 55.403968777103572, -21.072388675547948 ], [ 55.40425807394945, -21.072705336866296 ], [ 55.40475807434548, -21.072867010708922 ], [ 55.405175692570651, -21.072890544875037 ], [ 55.405511813723862, -21.072756267211794 ] ] ], [ [ [ 55.403646639915173, -21.071480928934026 ], [ 55.403669860827769, -21.071452467685376 ], [ 55.403701349044155, -21.07142468125986 ], [ 55.403765680051109, -21.071480853364157 ], [ 55.403709780732164, -21.071529322428056 ], [ 55.403646639915173, -21.071480928934026 ] ] ], [ [ [ 55.403867406622787, -21.070601431881975 ], [ 55.403931530785492, -21.070598511075495 ], [ 55.404023876032355, -21.070728823419582 ], [ 55.404033590476331, -21.070873621819864 ], [ 55.40382457797142, -21.070980502738358 ], [ 55.403758586948996, -21.070977804603846 ], [ 55.403706669240201, -21.070927996434119 ], [ 55.403730309381849, -21.070886126076822 ], [ 55.40372812056291, -21.070820706894043 ], [ 55.403697944340848, -21.070735693991825 ], [ 55.403732431317295, -21.070642255321616 ], [ 55.403810169644515, -21.070644252763788 ], [ 55.403867406622787, -21.070601431881975 ] ] ], [ [ [ 55.402504426145292, -21.069842934619118 ], [ 55.402539205404359, -21.069740377486646 ], [ 55.402742010367717, -21.069520887275505 ], [ 55.402889105066727, -21.069309274203537 ], [ 55.402958801811856, -21.069784792335188 ], [ 55.402975512305652, -21.070067500353652 ], [ 55.402670241746264, -21.070230293322172 ], [ 55.402544286738006, -21.070102556379435 ], [ 55.402504426145292, -21.069842934619118 ] ] ], [ [ [ 55.403730762869884, -21.069275639114409 ], [ 55.40363844819025, -21.069160685677076 ], [ 55.403572726383537, -21.069266003432602 ], [ 55.403542916359598, -21.069313772997248 ], [ 55.403589627874538, -21.069713313601369 ], [ 55.40362772830786, -21.069885478737774 ], [ 55.403229873388426, -21.069733416548093 ], [ 55.403052675836797, -21.069041340129903 ], [ 55.403137097924208, -21.06900619758046 ], [ 55.403161119186471, -21.068975033116928 ], [ 55.403196244443265, -21.068947897917571 ], [ 55.403272472310924, -21.0689112790126 ], [ 55.403293948436755, -21.06887061682373 ], [ 55.403299667061958, -21.068810736043751 ], [ 55.403291651186741, -21.068745959388981 ], [ 55.403294239580816, -21.068708403023152 ], [ 55.403319543303844, -21.068648148215008 ], [ 55.403347404851495, -21.068621166869047 ], [ 55.403379443255531, -21.068610570840587 ], [ 55.403423679726245, -21.068613030142277 ], [ 55.403486501891386, -21.068623364819818 ], [ 55.403490868925616, -21.068600209255965 ], [ 55.403426895430229, -21.068590899832532 ], [ 55.403366944166017, -21.068592088379464 ], [ 55.403333686272248, -21.068603963745382 ], [ 55.403299659287612, -21.068638029457897 ], [ 55.40328255408842, -21.068618220084311 ], [ 55.403240150048646, -21.068533634083487 ], [ 55.403272868336849, -21.068470801462173 ], [ 55.403333263245976, -21.068447612835918 ], [ 55.403434992589816, -21.068536911027991 ], [ 55.403484803027872, -21.068540812003608 ], [ 55.403484287920044, -21.068507838672151 ], [ 55.403507044533406, -21.068503536207448 ], [ 55.403508759641369, -21.06850532189334 ], [ 55.403514489551142, -21.06847493652003 ], [ 55.403468458833487, -21.068208368313659 ], [ 55.40354484418669, -21.068102587189344 ], [ 55.403570278605187, -21.068054951696755 ], [ 55.403496595547679, -21.067961670958326 ], [ 55.403704514791741, -21.067794619505332 ], [ 55.40406914111626, -21.067786395170728 ], [ 55.404133768127494, -21.067853665047519 ], [ 55.404142665319128, -21.067904513016845 ], [ 55.404156897722167, -21.067985854923663 ], [ 55.404249005509996, -21.06809492115741 ], [ 55.404309669369567, -21.068208590365128 ], [ 55.404328563334602, -21.068267220244774 ], [ 55.404295504661135, -21.068256196416669 ], [ 55.404255313036295, -21.068248326687026 ], [ 55.404214702195524, -21.068249803024127 ], [ 55.404168944139187, -21.068269818990021 ], [ 55.404071085062533, -21.068304442837299 ], [ 55.404032675227974, -21.068315378360587 ], [ 55.404000875010382, -21.068322511714943 ], [ 55.403933745292441, -21.068333561105579 ], [ 55.403877108109718, -21.068339563948722 ], [ 55.403833339284844, -21.06835866812828 ], [ 55.403789481178656, -21.068386136879095 ], [ 55.403752447463951, -21.068425657425777 ], [ 55.403682499392914, -21.068483640753989 ], [ 55.403626665623115, -21.068552134742472 ], [ 55.403589355759294, -21.068566758723929 ], [ 55.403521235791573, -21.068490973845652 ], [ 55.403516927836272, -21.068513824652637 ], [ 55.403550123151156, -21.068548379867867 ], [ 55.403502209655883, -21.068591887257536 ], [ 55.403496001219025, -21.068624818133145 ], [ 55.403527277205306, -21.068628307222632 ], [ 55.403488622789062, -21.068663947259669 ], [ 55.403484901385852, -21.068683687210971 ], [ 55.403493205685621, -21.068701708375254 ], [ 55.403641108100125, -21.068794997866895 ], [ 55.403848376694874, -21.06876800614145 ], [ 55.403876688857189, -21.068794651291714 ], [ 55.403951198733061, -21.068801494253556 ], [ 55.40401223655369, -21.068805359723804 ], [ 55.404056685443592, -21.068821559088068 ], [ 55.404095752999638, -21.068857132325782 ], [ 55.404161310846433, -21.068924962874689 ], [ 55.404219775601668, -21.068956586757121 ], [ 55.404278143214533, -21.068988117571298 ], [ 55.404324894419183, -21.0690169205205 ], [ 55.404397804021542, -21.069063724517143 ], [ 55.404402618071295, -21.069031401961638 ], [ 55.404302937873588, -21.068969771649197 ], [ 55.404179793124094, -21.068911691963741 ], [ 55.404104066726866, -21.06883206995224 ], [ 55.404069162497052, -21.068806042142757 ], [ 55.404027610874429, -21.068789609871221 ], [ 55.403987860862536, -21.068783452355884 ], [ 55.403917844177307, -21.068779772543042 ], [ 55.403821897498972, -21.068590443814113 ], [ 55.403791001315504, -21.06862648025178 ], [ 55.403667724307802, -21.068618797459099 ], [ 55.403647045935053, -21.068558584424999 ], [ 55.403695210944008, -21.068498630340137 ], [ 55.403728178226864, -21.068471059209731 ], [ 55.403763096063912, -21.068446295790483 ], [ 55.403801222404844, -21.068399258351082 ], [ 55.403846060760785, -21.068372728305444 ], [ 55.403881869557466, -21.068357266344133 ], [ 55.403905266383866, -21.068353298643132 ], [ 55.404019668936087, -21.068340904268997 ], [ 55.404128956584884, -21.068305687835682 ], [ 55.404183434751616, -21.068284843331412 ], [ 55.404221415226935, -21.068270312232055 ], [ 55.404277825232811, -21.068272700562762 ], [ 55.404324227398327, -21.068285219213948 ], [ 55.404366500395525, -21.068313495882713 ], [ 55.404393873252786, -21.068346280855589 ], [ 55.404419615407036, -21.068467063146755 ], [ 55.404466944303103, -21.068457218539749 ], [ 55.404476342584566, -21.06846155868589 ], [ 55.40447762865044, -21.068446279777664 ], [ 55.404473054508742, -21.068449171595645 ], [ 55.40442659265225, -21.06832370880046 ], [ 55.404421143522733, -21.068258062032047 ], [ 55.404439679306812, -21.06824093812801 ], [ 55.404491599602835, -21.06823451499087 ], [ 55.40449542794078, -21.068234868028398 ], [ 55.40449700597943, -21.068216125013176 ], [ 55.404494537438119, -21.068215953672112 ], [ 55.404429930283911, -21.068223290036347 ], [ 55.404400079863152, -21.068244853882003 ], [ 55.404381595884658, -21.068183332798501 ], [ 55.404372542869709, -21.068152855409071 ], [ 55.404336747008514, -21.06803234896508 ], [ 55.404450019754279, -21.068025883740525 ], [ 55.404520965754728, -21.067957842208649 ], [ 55.404504909179508, -21.067911442543661 ], [ 55.40440587419252, -21.067867064115202 ], [ 55.404339185984391, -21.06779471469698 ], [ 55.404240283565734, -21.067774093206719 ], [ 55.404203754980472, -21.06773409514506 ], [ 55.404197355196622, -21.067783806597912 ], [ 55.404218542463305, -21.067827454297479 ], [ 55.404286131772558, -21.067932691303067 ], [ 55.404336872113134, -21.067966499859022 ], [ 55.40438134303303, -21.067956529944762 ], [ 55.404423590017181, -21.067956566605996 ], [ 55.404444774745741, -21.067982418421348 ], [ 55.404402316458466, -21.068020139361291 ], [ 55.404334707260674, -21.068016070463962 ], [ 55.404256563178464, -21.068016059482584 ], [ 55.404201560161255, -21.067912837699694 ], [ 55.404176169945927, -21.067857226078775 ], [ 55.404148706824458, -21.067815505727175 ], [ 55.404121303066731, -21.067732145790696 ], [ 55.404106530340101, -21.06768250629807 ], [ 55.404127657191765, -21.067650728222418 ], [ 55.40420373572401, -21.067672851492926 ], [ 55.404341595668086, -21.067649938984939 ], [ 55.404426760889336, -21.067668352817353 ], [ 55.404453200136636, -21.06771584550285 ], [ 55.404562484352233, -21.067737556255196 ], [ 55.404710979671549, -21.067673915312163 ], [ 55.404755798128555, -21.067640373431058 ], [ 55.404817168754946, -21.06760902309755 ], [ 55.404861155994553, -21.067586552304263 ], [ 55.404893928085372, -21.067563438661576 ], [ 55.405004880739497, -21.067485182547358 ], [ 55.404980607649307, -21.067414402536322 ], [ 55.405059724014009, -21.067341346530302 ], [ 55.405162408558468, -21.06729606152502 ], [ 55.405172582990978, -21.067288888279407 ], [ 55.405208473531061, -21.067314823050111 ], [ 55.405233492353823, -21.067347802568531 ], [ 55.405243935787794, -21.067359807021813 ], [ 55.405270191974409, -21.067375930001731 ], [ 55.405279557690626, -21.067389909774921 ], [ 55.405297873708172, -21.067456561733078 ], [ 55.405315039897772, -21.067532133780531 ], [ 55.405322227118425, -21.067552046715058 ], [ 55.405329372999681, -21.067575927442185 ], [ 55.405337218656541, -21.067626422241457 ], [ 55.405354663675531, -21.067711679339009 ], [ 55.405389816282387, -21.067801064622341 ], [ 55.405448442403781, -21.067845613052995 ], [ 55.405483950696848, -21.067888643584883 ], [ 55.405528090472089, -21.067915867098588 ], [ 55.405561950423923, -21.067915192394533 ], [ 55.405579847478087, -21.067923304073251 ], [ 55.405522008075508, -21.067990280439457 ], [ 55.405375978741041, -21.068065703464786 ], [ 55.40531153241664, -21.068082333891262 ], [ 55.405187207062291, -21.068089783427997 ], [ 55.405177859678055, -21.068022096531806 ], [ 55.405007820883462, -21.068012099285291 ], [ 55.40503740286367, -21.068109910631673 ], [ 55.404969427573121, -21.06812509320752 ], [ 55.404879360010412, -21.068139141391821 ], [ 55.404856342069124, -21.068147922842947 ], [ 55.404765348536351, -21.068191310357228 ], [ 55.404732691120344, -21.068203296433893 ], [ 55.404587407933057, -21.068236684549781 ], [ 55.404558534192155, -21.068225512216337 ], [ 55.404544219874381, -21.068219398771415 ], [ 55.404506602234676, -21.068216790602587 ], [ 55.404505005507112, -21.068235752039953 ], [ 55.404546680707462, -21.068239598823634 ], [ 55.404578915979556, -21.068258167323997 ], [ 55.404717889029143, -21.068225860782437 ], [ 55.404702207410189, -21.068259064919186 ], [ 55.404657692926271, -21.068317500857749 ], [ 55.404592299002793, -21.068373780406962 ], [ 55.404487822372431, -21.068439834817969 ], [ 55.404485630736453, -21.068465848115196 ], [ 55.404551407237392, -21.068496223593439 ], [ 55.40459802865562, -21.068586804372408 ], [ 55.404700904422732, -21.0686367352369 ], [ 55.404836471100062, -21.068783621400666 ], [ 55.404949371240349, -21.068818373389004 ], [ 55.404949835068919, -21.068729764392501 ], [ 55.404918198297288, -21.068682405400565 ], [ 55.404782062815976, -21.068543554195113 ], [ 55.40471073132808, -21.068442821257008 ], [ 55.404660060344121, -21.068404291924299 ], [ 55.404684695593104, -21.06833194720344 ], [ 55.404720915781418, -21.068255441462185 ], [ 55.404741787202191, -21.068222254476858 ], [ 55.404887720447022, -21.068162740877927 ], [ 55.404942124237898, -21.068152195709128 ], [ 55.405211939629453, -21.068113066991558 ], [ 55.405371083891147, -21.068088749354924 ], [ 55.405484764416443, -21.068337050277492 ], [ 55.405520975130216, -21.068288747878057 ], [ 55.405658957805166, -21.068285418940373 ], [ 55.405731469768007, -21.068415581157353 ], [ 55.405785459519592, -21.068434584982697 ], [ 55.40588900896708, -21.068426307622502 ], [ 55.405915346497366, -21.068438524520971 ], [ 55.405950043937317, -21.068477748991416 ], [ 55.40596913217594, -21.068535731980621 ], [ 55.405975930027587, -21.068591287124121 ], [ 55.405888079501352, -21.068583125620954 ], [ 55.405862794440942, -21.068581322769447 ], [ 55.405843266335403, -21.068555582421229 ], [ 55.405797951477908, -21.068514165285031 ], [ 55.405795359749099, -21.068497652172432 ], [ 55.405746279757814, -21.068503762741095 ], [ 55.405592814382004, -21.068553588937732 ], [ 55.405721590474833, -21.068861539773252 ], [ 55.405844192247372, -21.068852885858131 ], [ 55.405984923977087, -21.06885081911183 ], [ 55.406001318717131, -21.068870056098479 ], [ 55.405991508876873, -21.06893529490495 ], [ 55.405964257862315, -21.069033426071201 ], [ 55.405972059350425, -21.069120955589675 ], [ 55.405965547040736, -21.069133415934015 ], [ 55.405966929379709, -21.069171482988047 ], [ 55.405911053017974, -21.069186797594831 ], [ 55.405938321503754, -21.069225087857408 ], [ 55.405976000941244, -21.069277997270582 ], [ 55.406003980931047, -21.069426238030537 ], [ 55.406100595191525, -21.069448762904461 ], [ 55.406148676119543, -21.069512586020618 ], [ 55.406221884566811, -21.069506232177158 ], [ 55.406247800533883, -21.06953816042634 ], [ 55.406203112797186, -21.069683847266738 ], [ 55.40608718562175, -21.069827104663279 ], [ 55.406049361235333, -21.069856673904479 ], [ 55.405992786002678, -21.069886067965463 ], [ 55.405892571907657, -21.06993435655242 ], [ 55.405757941008581, -21.069629709283703 ], [ 55.405707965278758, -21.069656797691714 ], [ 55.406022068592485, -21.070571677512319 ], [ 55.406185883570608, -21.070517500387435 ], [ 55.406375022658928, -21.070401696781563 ], [ 55.406713683754568, -21.070070660628794 ], [ 55.406713891057009, -21.070070443073472 ], [ 55.407026882422052, -21.069721965591572 ], [ 55.406652708791, -21.069990198943902 ], [ 55.406646390042859, -21.070039502083201 ], [ 55.406475379927237, -21.070156556562008 ], [ 55.406375517025474, -21.070206472855531 ], [ 55.406174948217327, -21.070273054224153 ], [ 55.406082999052039, -21.070127813381578 ], [ 55.405968008764738, -21.070163535706662 ], [ 55.405929364846116, -21.070029819174213 ], [ 55.406029108636012, -21.069997309450788 ], [ 55.406033252573266, -21.069960381860323 ], [ 55.406010243008375, -21.069914813091994 ], [ 55.4060124361189, -21.069900468562818 ], [ 55.406048325881059, -21.069883567060046 ], [ 55.406095601877496, -21.069851451651271 ], [ 55.40616204174286, -21.069771993735849 ], [ 55.406162215953003, -21.069771811099063 ], [ 55.406219695604477, -21.069695561542925 ], [ 55.406256636862707, -21.069675798284464 ], [ 55.406305565558412, -21.06966594923043 ], [ 55.4063384651459, -21.069656454622063 ], [ 55.406402328336441, -21.069599594568302 ], [ 55.406475423497788, -21.06953803367891 ], [ 55.406536960904944, -21.069507966095646 ], [ 55.406578196349081, -21.069468132074633 ], [ 55.406648190560681, -21.069410371972864 ], [ 55.40679582054215, -21.069343763741941 ], [ 55.406851489607952, -21.069224320267409 ], [ 55.406946020836195, -21.069418913082242 ], [ 55.407234594953316, -21.069237800038362 ], [ 55.407426884001978, -21.069347690824337 ], [ 55.407249912751503, -21.069529780008509 ], [ 55.407540625711071, -21.069329361370343 ], [ 55.407540721706575, -21.069329293620303 ], [ 55.407570532344195, -21.069307652058065 ], [ 55.406804910984626, -21.068710845790399 ], [ 55.406787276657525, -21.06873596356748 ], [ 55.406630287856643, -21.068678772078481 ], [ 55.406626350670905, -21.068571654715338 ], [ 55.406533489123063, -21.068499268183096 ], [ 55.406391082652561, -21.068551513167698 ], [ 55.406338383019602, -21.068595846348533 ], [ 55.406348576741358, -21.068687478513148 ], [ 55.406164566805998, -21.068852369451694 ], [ 55.406079685363778, -21.068870631143525 ], [ 55.406048317890729, -21.068850429770876 ], [ 55.40600816622473, -21.068843390044925 ], [ 55.406000087126394, -21.068824435286633 ], [ 55.406009977027601, -21.068784550956792 ], [ 55.405998419962422, -21.068647850454688 ], [ 55.405987619492279, -21.068551135153335 ], [ 55.405967130321123, -21.06847542897934 ], [ 55.405923963460182, -21.068418388756072 ], [ 55.405924377671496, -21.068379525602481 ], [ 55.405952201988342, -21.068322040028907 ], [ 55.405950652360957, -21.068245401541592 ], [ 55.405944128004151, -21.068216738296307 ], [ 55.406116473721667, -21.068174197062618 ], [ 55.40603624070534, -21.068111653740136 ], [ 55.405902843642266, -21.068135404423806 ], [ 55.405748271891497, -21.067965488103052 ], [ 55.405725822294421, -21.067869675987765 ], [ 55.40568501208601, -21.067837862528332 ], [ 55.405643993613687, -21.067875602740529 ], [ 55.40560417501851, -21.06790261491879 ], [ 55.405585804953262, -21.067904209237224 ], [ 55.405560876056796, -21.067896902293544 ], [ 55.405532459774378, -21.067896799803144 ], [ 55.405498504413195, -21.067876183811595 ], [ 55.40546810585797, -21.067835173172586 ], [ 55.405419487936292, -21.067793268760425 ], [ 55.405401409649087, -21.067763163709031 ], [ 55.405379970818416, -21.067703091846866 ], [ 55.405364689058416, -21.067632195804904 ], [ 55.405352763443283, -21.067563247178445 ], [ 55.405334161794464, -21.067523382507286 ], [ 55.405316076542398, -21.067434903658498 ], [ 55.405297705707056, -21.067373212090896 ], [ 55.405284123387574, -21.067358199987208 ], [ 55.405255743507411, -21.067343049782977 ], [ 55.405224487267148, -21.067300090769919 ], [ 55.405190761792639, -21.067276072360457 ], [ 55.40526014627045, -21.067227155755258 ], [ 55.405292505687321, -21.067219357154851 ], [ 55.405281547376013, -21.067123682745319 ], [ 55.405349536012999, -21.067074887576734 ], [ 55.405394179754111, -21.067071424542455 ], [ 55.405428424605468, -21.067185468511223 ], [ 55.405495467811086, -21.067170562411519 ], [ 55.405645482174997, -21.067181093702409 ], [ 55.40567490265412, -21.067202807934457 ], [ 55.405715434823669, -21.067055651335597 ], [ 55.405852990857625, -21.067052245907384 ], [ 55.40585992294023, -21.06705203910758 ], [ 55.405927654574235, -21.066900017957582 ], [ 55.405927146145991, -21.066731096703386 ], [ 55.405982164764055, -21.066733691777472 ], [ 55.40602858177914, -21.066757793059576 ], [ 55.406080633780775, -21.066767856708658 ], [ 55.406137600934116, -21.066795309784766 ], [ 55.406238271919413, -21.066640798406993 ], [ 55.40625802514981, -21.066530148419186 ], [ 55.406321003454863, -21.066526313460329 ], [ 55.406390729043643, -21.066557589731072 ], [ 55.406265533192958, -21.066846101794805 ], [ 55.406312732558142, -21.066896136772467 ], [ 55.406416879052813, -21.066948330420797 ], [ 55.406438053405857, -21.067029464573121 ], [ 55.406468054524296, -21.067103998082278 ], [ 55.406472834034659, -21.067161131304708 ], [ 55.406649157733945, -21.067223110237329 ], [ 55.406513348827012, -21.067459237321167 ], [ 55.406450032226736, -21.067473560946816 ], [ 55.406661693898869, -21.067697332285729 ], [ 55.406684766712075, -21.067524568389857 ], [ 55.406687731728638, -21.067417063241486 ], [ 55.406690422102258, -21.06733515856093 ], [ 55.406714531625518, -21.06729100675923 ], [ 55.406724151203925, -21.067241597272307 ], [ 55.406721388771111, -21.06719096052451 ], [ 55.40689147041688, -21.066946138140949 ], [ 55.406999246592456, -21.067335603310973 ], [ 55.407070818397564, -21.067421557862861 ], [ 55.407135426564764, -21.067479421357721 ], [ 55.407228461687417, -21.067541084332557 ], [ 55.407189704277897, -21.067570687580229 ], [ 55.407154623029633, -21.067622341368047 ], [ 55.407087585332185, -21.067676752962903 ], [ 55.406964073521124, -21.067696038326066 ], [ 55.406919848980515, -21.067670698656773 ], [ 55.406817862688612, -21.067677825191865 ], [ 55.406725823829149, -21.067694476345935 ], [ 55.406670701140527, -21.067706854468547 ], [ 55.406966278117665, -21.068019339949533 ], [ 55.407007752517643, -21.068031110674834 ], [ 55.407020245662075, -21.06807639455776 ], [ 55.407934785271465, -21.069043237424257 ], [ 55.407942329799532, -21.069037760129508 ], [ 55.40794239671515, -21.069037711979028 ], [ 55.408174743421355, -21.068862885268075 ], [ 55.408450193371259, -21.068589970390946 ], [ 55.408450699382094, -21.068589536132428 ], [ 55.408451265246647, -21.068589174698864 ], [ 55.408451880331981, -21.06858889050703 ], [ 55.408703808733563, -21.068493123409599 ], [ 55.408977971868758, -21.068240874703584 ], [ 55.409084663569246, -21.068026285459094 ], [ 55.40908480156186, -21.068025978727793 ], [ 55.409235116669585, -21.06765447623177 ], [ 55.409197447626546, -21.067261291735427 ], [ 55.409159278635151, -21.066906620058667 ], [ 55.409159258242056, -21.066906456370681 ], [ 55.409081015726279, -21.066374132462887 ], [ 55.409080970796708, -21.066373470827894 ], [ 55.409084531413967, -21.066038695968594 ], [ 55.409084586337237, -21.066038056045127 ], [ 55.409084738293878, -21.066037431483689 ], [ 55.409084982366963, -21.066036832174476 ], [ 55.409191386110322, -21.065822803677616 ], [ 55.409110872316724, -21.065588300158513 ], [ 55.408904357356569, -21.065370747738044 ], [ 55.4086548490749, -21.06519141623685 ], [ 55.408654391128351, -21.065191042495805 ], [ 55.408653987634295, -21.065190615970565 ], [ 55.408405373231254, -21.064892867473791 ], [ 55.408404969313338, -21.064892300029626 ], [ 55.408404615323704, -21.064891562330217 ], [ 55.408282291595469, -21.064555588443874 ], [ 55.408282119086948, -21.064554978907296 ], [ 55.408282039145504, -21.064554352172571 ], [ 55.408282052589236, -21.064553721796813 ], [ 55.408329250113738, -21.064061800158871 ], [ 55.408329357846505, -21.064061171570277 ], [ 55.408329559666889, -21.064060563736234 ], [ 55.408329849676541, -21.06405998834434 ], [ 55.408330223901622, -21.064059457100193 ], [ 55.408330673566681, -21.064058980761132 ], [ 55.40858494279172, -21.063825028951427 ], [ 55.40858546205456, -21.06382461378487 ], [ 55.40892364771792, -21.06359144882445 ], [ 55.40892934522622, -21.063598728597903 ], [ 55.408591433902721, -21.06383170464127 ], [ 55.408338674922071, -21.064064266893293 ], [ 55.408291728497822, -21.0645535749393 ], [ 55.40841345007258, -21.064887897366884 ], [ 55.408661184555804, -21.065184593392871 ], [ 55.408910571552262, -21.065363837031477 ], [ 55.408910774867387, -21.065363993400748 ], [ 55.408911238040979, -21.065364418678119 ], [ 55.409118732270592, -21.065583003702919 ], [ 55.409119139848215, -21.06558349891607 ], [ 55.409119470889756, -21.065584042190135 ], [ 55.409119719737006, -21.065584622632517 ], [ 55.409201124988428, -21.065821720642777 ], [ 55.409201294125225, -21.065822376215213 ], [ 55.409201357213163, -21.065823049763246 ], [ 55.409201311548003, -21.065823724098859 ], [ 55.409201161142008, -21.0658243839036 ], [ 55.409200906139269, -21.065825015629354 ], [ 55.40909414348252, -21.066039765214384 ], [ 55.409090596844699, -21.066373227714358 ], [ 55.409168813256855, -21.066905385168226 ], [ 55.409168834621823, -21.066905547962019 ], [ 55.409207027349787, -21.067260433038559 ], [ 55.409244800361819, -21.067654702465603 ], [ 55.409244811430526, -21.06765538094589 ], [ 55.40924471286899, -21.067656052075822 ], [ 55.409244509622987, -21.067656703255579 ], [ 55.409093665958579, -21.068029495233176 ], [ 55.409093527975585, -21.068029801061279 ], [ 55.408986322809533, -21.068245436034655 ], [ 55.408986048303063, -21.068245910403085 ], [ 55.408985717368999, -21.068246351723953 ], [ 55.408985331056094, -21.068246751877425 ], [ 55.408709865600734, -21.068500199709515 ], [ 55.408709389968855, -21.068500582765662 ], [ 55.408708866877255, -21.06850090395271 ], [ 55.408708303100212, -21.068501159720967 ], [ 55.408456461636924, -21.068596895120773 ], [ 55.408181501914882, -21.068869321404399 ], [ 55.408181019169753, -21.068869739620805 ], [ 55.407948316432261, -21.069044833086874 ], [ 55.407941187985557, -21.069050007163067 ], [ 55.407948728889885, -21.069057979025001 ], [ 55.407941532013361, -21.069063976266371 ], [ 55.407933559066528, -21.069055546897054 ], [ 55.40758591692024, -21.069307902965189 ], [ 55.407588814613504, -21.069310161290979 ], [ 55.407582666185249, -21.069317109586091 ], [ 55.40757811826083, -21.069313564841014 ], [ 55.407546513394429, -21.069336507483385 ], [ 55.407546418370814, -21.069336574339257 ], [ 55.407200577578074, -21.069575002244186 ], [ 55.407088267040322, -21.069677960310358 ], [ 55.407062221878704, -21.069696631845609 ], [ 55.406721044451075, -21.070076485522762 ], [ 55.40672083619598, -21.070076702165856 ], [ 55.406381582761156, -21.070408325334327 ], [ 55.406381167990936, -21.070408685468887 ], [ 55.406380741413749, -21.070408979551953 ], [ 55.406190657834465, -21.070525362341684 ], [ 55.406190392534519, -21.070525513411088 ], [ 55.406189627832084, -21.070525838644137 ], [ 55.40602060441288, -21.070581738227361 ], [ 55.405958002748598, -21.070602442865862 ], [ 55.405954805130271, -21.07059392365905 ], [ 55.406012988359535, -21.07057468061592 ], [ 55.405693974611701, -21.06964549342058 ], [ 55.405587188805811, -21.069490116220702 ], [ 55.405517912314544, -21.069500286113342 ], [ 55.405489443818325, -21.069394298718318 ], [ 55.405432985408368, -21.069379256938106 ], [ 55.405369634781913, -21.069313920801271 ], [ 55.405370423602903, -21.069239939214384 ], [ 55.405405474346871, -21.069187089607915 ], [ 55.405518542836887, -21.069134512132599 ], [ 55.405509750828763, -21.069108863555169 ], [ 55.405509750735376, -21.069108863283326 ], [ 55.405509738280792, -21.069108867050495 ], [ 55.405346581274387, -21.069165727151823 ], [ 55.405327098801507, -21.069144734900288 ], [ 55.405223451205607, -21.069162258912748 ], [ 55.405189508830773, -21.069342287640733 ], [ 55.405192511209385, -21.06939600325677 ], [ 55.405157782408381, -21.069411431372014 ], [ 55.405115541378485, -21.06934852912719 ], [ 55.4050766001589, -21.069304232355542 ], [ 55.405025491803727, -21.069245948435036 ], [ 55.404959628696766, -21.069185213426483 ], [ 55.404898800073305, -21.069149623783805 ], [ 55.404850495541446, -21.069140302228707 ], [ 55.404777536131213, -21.069147322653048 ], [ 55.40471676071153, -21.069159530455899 ], [ 55.404667236006745, -21.069161387413839 ], [ 55.404468925310731, -21.06907239800562 ], [ 55.404411513209439, -21.069036901732268 ], [ 55.404406669203148, -21.069069416408574 ], [ 55.404408147854518, -21.069070365218181 ], [ 55.404473784431822, -21.069106030930818 ], [ 55.40456845057534, -21.069146941194195 ], [ 55.404662509681884, -21.069184769076212 ], [ 55.404681516623128, -21.069189615029998 ], [ 55.404718862814008, -21.06918413250936 ], [ 55.404764201928366, -21.069270630950449 ], [ 55.404827931181686, -21.06933174975379 ], [ 55.404900516139939, -21.069645424810801 ], [ 55.40508873194522, -21.06958783860998 ], [ 55.405183057734995, -21.069591492518708 ], [ 55.405240523238604, -21.069545487346591 ], [ 55.405283052947674, -21.069613636814513 ], [ 55.405121903861605, -21.069812437800699 ], [ 55.405074577522548, -21.06990746070522 ], [ 55.405083902779801, -21.070123770308509 ], [ 55.405223509509376, -21.070591447411019 ], [ 55.405662740806164, -21.070689493664261 ], [ 55.405660514506252, -21.070698280795177 ], [ 55.405226479174814, -21.070601394405443 ], [ 55.405240297944829, -21.07064768356598 ], [ 55.405140541745098, -21.070679406806125 ], [ 55.404999685431207, -21.070370147000705 ], [ 55.404792822629318, -21.070190906006243 ], [ 55.40466861410399, -21.070185073195606 ], [ 55.404463684971958, -21.070290458663408 ], [ 55.40439007666172, -21.07020111822159 ], [ 55.404147006185447, -21.069994962082578 ], [ 55.404024822955286, -21.069874397674059 ], [ 55.403930514743649, -21.069711732516001 ], [ 55.403676480696042, -21.069456421020615 ], [ 55.403648572299417, -21.069348213837017 ], [ 55.403731954050393, -21.069281070089858 ], [ 55.403730762869884, -21.069275639114409 ] ], [ [ 55.403478425195452, -21.068692386466573 ], [ 55.403475495334234, -21.068686026809406 ], [ 55.403475264259797, -21.068685405878679 ], [ 55.403475132578009, -21.06868475968712 ], [ 55.403475102059126, -21.068684102704129 ], [ 55.403475173530431, -21.068683447583613 ], [ 55.403476794448821, -21.068674854419761 ], [ 55.403466165484694, -21.068684653675351 ], [ 55.403478425195452, -21.068692386466573 ] ], [ [ 55.404349210240802, -21.069455128373612 ], [ 55.404358128086784, -21.069457148865652 ], [ 55.404437166578255, -21.069354092244438 ], [ 55.404363781782486, -21.069357315546004 ], [ 55.404349210240802, -21.069455128373612 ] ], [ [ 55.404194922313579, -21.069364733196426 ], [ 55.404289071166566, -21.069441505023246 ], [ 55.404339812369351, -21.06945299948994 ], [ 55.404354001511038, -21.069357744816209 ], [ 55.404194922313579, -21.069364733196426 ] ], [ [ 55.403464570521905, -21.069108577014457 ], [ 55.403464481369568, -21.069108455535599 ], [ 55.403464564063086, -21.069108585308385 ], [ 55.403464570521905, -21.069108577014457 ] ], [ [ 55.403369212053505, -21.068983558083051 ], [ 55.403370902098516, -21.06897820952377 ], [ 55.403371305875567, -21.068978770250439 ], [ 55.403371842707379, -21.068977542705412 ], [ 55.403371876852979, -21.068977593617817 ], [ 55.403371241871007, -21.068976581367547 ], [ 55.403356841796707, -21.069009509258777 ], [ 55.403351217164932, -21.069036427860439 ], [ 55.403313870110097, -21.069087423523658 ], [ 55.403314667616122, -21.0690881163185 ], [ 55.40335181800139, -21.069037389198385 ], [ 55.403357442633101, -21.069010470596702 ], [ 55.403369212053505, -21.068983558083051 ] ], [ [ 55.403445624006523, -21.069081849158113 ], [ 55.403443885245501, -21.06907956148709 ], [ 55.403445570672226, -21.069081902045355 ], [ 55.403445624006523, -21.069081849158113 ] ], [ [ 55.403446833215654, -21.069084408184182 ], [ 55.403445898314047, -21.06908313428848 ], [ 55.403445837725904, -21.069083194368766 ], [ 55.403446833215654, -21.069084408184182 ] ], [ [ 55.405520241755433, -21.069110017144329 ], [ 55.405527259827039, -21.069130458718529 ], [ 55.405561438201566, -21.069114565573805 ], [ 55.405520241755433, -21.069110017144329 ] ], [ [ 55.405272609239745, -21.068495321173199 ], [ 55.405276233285832, -21.06849389549059 ], [ 55.40527572953377, -21.068492582785307 ], [ 55.405257505312719, -21.068499535884381 ], [ 55.405272609239745, -21.068495321173199 ] ], [ [ 55.405284651283552, -21.068489178968711 ], [ 55.405285120395028, -21.068490401018931 ], [ 55.40540519977958, -21.068443180958504 ], [ 55.405284651283552, -21.068489178968711 ] ], [ [ 55.407025543860549, -21.068095600491361 ], [ 55.407061728854167, -21.068226764523793 ], [ 55.407027523508191, -21.06836792604981 ], [ 55.406910856206906, -21.068473961352964 ], [ 55.40687323670727, -21.068548580145197 ], [ 55.406846224471231, -21.068652002536137 ], [ 55.406810239579606, -21.068703256618456 ], [ 55.407578332918469, -21.069301991103835 ], [ 55.407927155399932, -21.069048776245744 ], [ 55.407025543860549, -21.068095600491361 ] ], [ [ 55.406564413191006, -21.068487922182577 ], [ 55.406543730169489, -21.068495509943919 ], [ 55.406605208992161, -21.068543434205917 ], [ 55.406579442589525, -21.068509036900409 ], [ 55.406556939128443, -21.068381099516767 ], [ 55.406437110818246, -21.068233267591928 ], [ 55.406894658598034, -21.067999013031333 ], [ 55.406948687454722, -21.068014347661993 ], [ 55.406439431395903, -21.067475958152141 ], [ 55.406407910554059, -21.067483089177077 ], [ 55.40635114803333, -21.067491768161698 ], [ 55.406248107504361, -21.067489917436419 ], [ 55.406202403625542, -21.067495230624836 ], [ 55.406170595062349, -21.067504164593746 ], [ 55.406108341920358, -21.067534101619827 ], [ 55.406062576837712, -21.067545156451768 ], [ 55.406032327060835, -21.067564223758154 ], [ 55.405959217004494, -21.067617510175264 ], [ 55.405877130589474, -21.067636616435767 ], [ 55.405849655468984, -21.067653585207886 ], [ 55.40582720568375, -21.067684735950024 ], [ 55.405763732871407, -21.06772345226992 ], [ 55.405710528926015, -21.067814387919963 ], [ 55.405691921212679, -21.067831506782479 ], [ 55.405722457047055, -21.067855310875252 ], [ 55.405718374722845, -21.067837887692882 ], [ 55.405731037063354, -21.067821034567736 ], [ 55.405769645437431, -21.067760663090397 ], [ 55.405782149601919, -21.067737431201593 ], [ 55.405838140362512, -21.067701310244011 ], [ 55.405860925426154, -21.067672652134206 ], [ 55.405893067781953, -21.067654075056517 ], [ 55.405966601320664, -21.06763699767853 ], [ 55.406048807492546, -21.067583354951143 ], [ 55.40606910702396, -21.067565777698803 ], [ 55.406116580780186, -21.067551786934107 ], [ 55.406213987197724, -21.067514943621337 ], [ 55.406264915065755, -21.067509870067521 ], [ 55.406353603456935, -21.067514033990797 ], [ 55.40640929727514, -21.06750567287072 ], [ 55.406447106086475, -21.067510469285768 ], [ 55.406498147664088, -21.067561023552454 ], [ 55.406478345746564, -21.067673622415548 ], [ 55.406230282166099, -21.067851230463994 ], [ 55.406196422000683, -21.067940159191522 ], [ 55.406218204567303, -21.067982366987582 ], [ 55.406161631139412, -21.068089328153984 ], [ 55.406048502254379, -21.068109470881186 ], [ 55.406127913506488, -21.068171374175044 ], [ 55.40622761511753, -21.068146764095285 ], [ 55.406301868712092, -21.068306975251918 ], [ 55.406322626628359, -21.06832315486092 ], [ 55.406425262315679, -21.068284114949645 ], [ 55.406564413191006, -21.068487922182577 ] ], [ [ 55.406312502965967, -21.06832700632539 ], [ 55.406310388908963, -21.068325357835139 ], [ 55.406311355035228, -21.068327442680687 ], [ 55.406312502965967, -21.06832700632539 ] ] ], [ [ [ 55.403105373364518, -21.068998927516954 ], [ 55.403038337946931, -21.068821218461643 ], [ 55.403159604670584, -21.068744717339687 ], [ 55.403269572173059, -21.068775037465048 ], [ 55.403276450526292, -21.068810518576825 ], [ 55.403270790066919, -21.068864950320187 ], [ 55.403244048570038, -21.068907803152428 ], [ 55.403190880452925, -21.068928228784944 ], [ 55.403137510806324, -21.068967618097847 ], [ 55.40312332588509, -21.068991026351995 ], [ 55.403105373364518, -21.068998927516954 ] ] ], [ [ [ 55.404332731484452, -21.040197221457909 ], [ 55.404268108505789, -21.040114435271054 ], [ 55.404232328341486, -21.039928185064376 ], [ 55.404198656741585, -21.039730611024495 ], [ 55.404200436020439, -21.03955881488352 ], [ 55.404239466375756, -21.039517915968311 ], [ 55.404232217320072, -21.039461112607643 ], [ 55.404222577909309, -21.039312398729788 ], [ 55.404223289283905, -21.039214555563838 ], [ 55.404144156815427, -21.039213812525066 ], [ 55.404118211375526, -21.039173042393667 ], [ 55.404094758413528, -21.039123289775006 ], [ 55.404136147924476, -21.039065140150161 ], [ 55.404156219057874, -21.038982024593018 ], [ 55.404218261724154, -21.03891373242411 ], [ 55.404264252890272, -21.038971218415167 ], [ 55.404522484205657, -21.038978374296541 ], [ 55.404644613593817, -21.03905684316382 ], [ 55.404798313941328, -21.039195472618964 ], [ 55.404778919160648, -21.039222336250681 ], [ 55.404771085143565, -21.039239324229712 ], [ 55.404722683971805, -21.039346397720262 ], [ 55.404648029839642, -21.039481028294812 ], [ 55.404596407220119, -21.039601554136716 ], [ 55.404571973024169, -21.039675792720189 ], [ 55.404530005841139, -21.039749150384072 ], [ 55.404486933546345, -21.039807379146676 ], [ 55.404451034981761, -21.03985939460982 ], [ 55.404416358243111, -21.039892723249316 ], [ 55.404395484699528, -21.039919020124032 ], [ 55.40437763235051, -21.039948209722041 ], [ 55.404376404176844, -21.039991876301386 ], [ 55.404382039690617, -21.040107211819251 ], [ 55.404408690613415, -21.040167763559921 ], [ 55.404439565689955, -21.040220169262646 ], [ 55.404382728932042, -21.040231463426029 ], [ 55.404332731484452, -21.040197221457909 ] ] ], [ [ [ 55.399891026414437, -21.038440362774367 ], [ 55.399994168820513, -21.038447709282053 ], [ 55.399974283947941, -21.038529125977607 ], [ 55.39987662970568, -21.038516732011352 ], [ 55.399891026414437, -21.038440362774367 ] ] ], [ [ [ 55.399537488782912, -21.035640694930535 ], [ 55.39955554298858, -21.035641727574774 ], [ 55.399710721977875, -21.035831481938413 ], [ 55.399827781937113, -21.035843604239634 ], [ 55.399836534649353, -21.036122490379988 ], [ 55.399822322772664, -21.036126542466331 ], [ 55.399824388009712, -21.036110554570843 ], [ 55.399808765083158, -21.036071689441734 ], [ 55.399783383222214, -21.036016959051487 ], [ 55.399714881198015, -21.035923821860315 ], [ 55.399675448264531, -21.03589763886707 ], [ 55.399639825098475, -21.035872208954004 ], [ 55.399627104545665, -21.035847710988147 ], [ 55.399600019872338, -21.035809455144051 ], [ 55.399588146466641, -21.035777079363665 ], [ 55.399537488782912, -21.035640694930535 ] ] ], [ [ [ 55.403385230210887, -21.033717024063705 ], [ 55.403308081941482, -21.033637438710691 ], [ 55.403390571485026, -21.033497390081987 ], [ 55.403566298774159, -21.033640563987301 ], [ 55.403833124824956, -21.033547771583084 ], [ 55.404175997123303, -21.034119888672869 ], [ 55.404056742537996, -21.034169353827277 ], [ 55.403928609142831, -21.034266520054885 ], [ 55.403876744475113, -21.034294125667902 ], [ 55.403798912412093, -21.03429366580972 ], [ 55.403739830675697, -21.034240087344156 ], [ 55.403406616215747, -21.034243903393708 ], [ 55.403291042091915, -21.033828797929424 ], [ 55.403385230210887, -21.033717024063705 ] ] ], [ [ [ 55.402393791356509, -21.031755699185496 ], [ 55.402679252680386, -21.031623743077187 ], [ 55.402929998699861, -21.032028337079833 ], [ 55.40272551306316, -21.032131129937113 ], [ 55.402630373131757, -21.031967347694913 ], [ 55.402534299179813, -21.031990203495567 ], [ 55.402393791356509, -21.031755699185496 ] ] ], [ [ [ 55.405226194985921, -21.072118283176888 ], [ 55.405100976891575, -21.071973073392698 ], [ 55.404949074906732, -21.071827613680963 ], [ 55.404796370698058, -21.071757293294677 ], [ 55.404723588207794, -21.071700248128515 ], [ 55.404691233664963, -21.071606009410587 ], [ 55.404745538924089, -21.071518847705413 ], [ 55.404792906410691, -21.071456669172562 ], [ 55.404879899159319, -21.071432437400546 ], [ 55.405027000171778, -21.071402508752548 ], [ 55.405056008631611, -21.07140054639796 ], [ 55.404701526173099, -21.07112880372075 ], [ 55.405025771945098, -21.07106714497418 ], [ 55.405054933057997, -21.071048900509595 ], [ 55.405076372966789, -21.071023804254352 ], [ 55.405241671448259, -21.070965595262521 ], [ 55.405244229078299, -21.071014811891356 ], [ 55.40528088157054, -21.071046987490146 ], [ 55.405336522756009, -21.07103304122608 ], [ 55.405370770911738, -21.071001532620475 ], [ 55.405485167983905, -21.071061682831676 ], [ 55.405527927404535, -21.071092900441904 ], [ 55.405572101198672, -21.071192658083028 ], [ 55.405431414852124, -21.071376003670863 ], [ 55.405667420209646, -21.071403295162746 ], [ 55.405834419459268, -21.071391306084905 ], [ 55.406000265651571, -21.071480536618036 ], [ 55.406052635526919, -21.071574963086093 ], [ 55.406051766886513, -21.071656365407492 ], [ 55.405909868759132, -21.07182411453952 ], [ 55.405608794260871, -21.071902697211854 ], [ 55.405374298255282, -21.071994428122576 ], [ 55.405226194985921, -21.072118283176888 ] ], [ [ 55.405056009049716, -21.071400546369674 ], [ 55.405124301267961, -21.071395926560534 ], [ 55.405115105848957, -21.071352785461631 ], [ 55.405115297523103, -21.071334813622613 ], [ 55.405056009049716, -21.071400546369674 ] ] ], [ [ [ 55.40597887855558, -21.070991934321736 ], [ 55.405968832301198, -21.071011528225657 ], [ 55.405958820958567, -21.071023422759122 ], [ 55.405946408968077, -21.071033737464774 ], [ 55.405932566836867, -21.071042341445242 ], [ 55.405910020691991, -21.071052056034972 ], [ 55.40586302683986, -21.071065788323015 ], [ 55.40582912281446, -21.071078023019666 ], [ 55.40578810460994, -21.071096965615403 ], [ 55.405774178443437, -21.071104784731702 ], [ 55.405705539437591, -21.070998038890096 ], [ 55.405682510882045, -21.070893587634526 ], [ 55.405738926122773, -21.070810275352919 ], [ 55.40583336036466, -21.070783970333466 ], [ 55.405915603012275, -21.070768880813866 ], [ 55.40602618612435, -21.07081297307975 ], [ 55.406000984750669, -21.070912440467595 ], [ 55.406005238220466, -21.070931873278521 ], [ 55.405995147255688, -21.070955481916734 ], [ 55.40597887855558, -21.070991934321736 ] ] ], [ [ [ 55.405464787182446, -21.070733474744806 ], [ 55.40546324563676, -21.070810537620872 ], [ 55.405493826155023, -21.07087894063859 ], [ 55.405515790970718, -21.070932322202587 ], [ 55.405482839112196, -21.070982339812126 ], [ 55.405444112370155, -21.071036205404404 ], [ 55.405369041230905, -21.070996867106292 ], [ 55.405337388468894, -21.071028117362452 ], [ 55.405283005398481, -21.07104194627539 ], [ 55.405249688338529, -21.071014388047704 ], [ 55.405247160636364, -21.070964891678241 ], [ 55.405240331999018, -21.070960525123688 ], [ 55.405074714799873, -21.071018480003538 ], [ 55.405076463677091, -21.070997703465569 ], [ 55.405086714567446, -21.070967685701081 ], [ 55.405120490332763, -21.070952229699284 ], [ 55.405120667655659, -21.07089562812693 ], [ 55.405137868226262, -21.070870536291395 ], [ 55.405140868367674, -21.070815992753083 ], [ 55.405158955745428, -21.070791307600146 ], [ 55.405177846695636, -21.070774834632807 ], [ 55.405193647654343, -21.070753831507538 ], [ 55.40519386427146, -21.070733519317606 ], [ 55.405216981880848, -21.070714616444274 ], [ 55.405464787182446, -21.070733474744806 ] ] ], [ [ [ 55.407961870745275, -21.069728886183725 ], [ 55.408082693282402, -21.069668836262753 ], [ 55.40819911686657, -21.069639336061872 ], [ 55.408327677966987, -21.069856855934383 ], [ 55.408363220692564, -21.069766922708205 ], [ 55.408538761281697, -21.069601164963306 ], [ 55.408750494568217, -21.069374222698006 ], [ 55.408945612365898, -21.069228478979454 ], [ 55.409097900006543, -21.069316669773823 ], [ 55.409614653205871, -21.069468109847438 ], [ 55.409575218650822, -21.069783002093484 ], [ 55.409478826941353, -21.069972298197399 ], [ 55.409080093891383, -21.070334274299924 ], [ 55.408522109517712, -21.070984956803976 ], [ 55.408174451760203, -21.070633126317663 ], [ 55.408072447796009, -21.070809063283942 ], [ 55.40776709887254, -21.071054738774706 ], [ 55.407527956018463, -21.070918017986425 ], [ 55.407484265168264, -21.070716850377195 ], [ 55.407653132944667, -21.070407556818413 ], [ 55.407776706472021, -21.070311816601027 ], [ 55.407670531475716, -21.070208096828893 ], [ 55.407695652169487, -21.070100181632199 ], [ 55.407760209200312, -21.069919914611202 ], [ 55.407873137540896, -21.069788281297939 ], [ 55.407961870745275, -21.069728886183725 ] ] ], [ [ [ 55.404666244687157, -21.070271955223035 ], [ 55.404711882089217, -21.070252838609086 ], [ 55.404753413633536, -21.070263890517037 ], [ 55.404858714553477, -21.070330624662631 ], [ 55.404916314792331, -21.070432448895819 ], [ 55.40500533701173, -21.070672373399152 ], [ 55.404993267689399, -21.070712094441365 ], [ 55.404910082658304, -21.070796675149726 ], [ 55.404846279630419, -21.07081468257606 ], [ 55.404721179539898, -21.070831843827804 ], [ 55.40465727399588, -21.07081417183694 ], [ 55.404592413988738, -21.070804329653381 ], [ 55.404601097182898, -21.070700167309052 ], [ 55.404585092752903, -21.070607089420736 ], [ 55.404580302442831, -21.070519913380434 ], [ 55.404573792728293, -21.070420346025447 ], [ 55.404593138614764, -21.0703814368194 ], [ 55.404616157330139, -21.070353221924712 ], [ 55.404630236562838, -21.070296592036176 ], [ 55.404666244687157, -21.070271955223035 ] ] ], [ [ [ 55.405689010651514, -21.070170890646622 ], [ 55.405655652907228, -21.070220909010452 ], [ 55.405410257112926, -21.070232928458026 ], [ 55.405428470528427, -21.070028983515279 ], [ 55.405716957107344, -21.069978226195005 ], [ 55.40573230188572, -21.070149314620096 ], [ 55.405689010651514, -21.070170890646622 ] ] ], [ [ [ 55.405979406136915, -21.069170425860761 ], [ 55.405978753542939, -21.069135944519633 ], [ 55.406001533278641, -21.069104555690501 ], [ 55.406016193812015, -21.069069259739575 ], [ 55.406024732392055, -21.069033907206631 ], [ 55.406026304449057, -21.068982209146331 ], [ 55.406070100351712, -21.068893557141575 ], [ 55.406134554676491, -21.068876925614479 ], [ 55.406173525523769, -21.068858139815557 ], [ 55.406314137238141, -21.068738279983624 ], [ 55.406349123089669, -21.068708457286785 ], [ 55.406404325741619, -21.068763034196792 ], [ 55.406404399229558, -21.068763182124002 ], [ 55.406497608520596, -21.068986927480854 ], [ 55.406524183387546, -21.069093942988196 ], [ 55.406508515992222, -21.069098214657359 ], [ 55.406524184311323, -21.06909394661006 ], [ 55.406619400162995, -21.069085667380918 ], [ 55.406627038779028, -21.069324736927864 ], [ 55.40663768269318, -21.069396081649511 ], [ 55.406536147496901, -21.069485946928161 ], [ 55.406429557288256, -21.069551748738142 ], [ 55.406333558022304, -21.069638213451029 ], [ 55.406272214411729, -21.069650086769293 ], [ 55.406277841600897, -21.069534922321377 ], [ 55.406233455263738, -21.069476414597485 ], [ 55.406155588883166, -21.06948810565007 ], [ 55.406112394512228, -21.069424494624325 ], [ 55.406105162176601, -21.069337281187885 ], [ 55.406052572563738, -21.069293692023379 ], [ 55.406010663635236, -21.069205194581553 ], [ 55.405979406136915, -21.069170425860761 ] ], [ [ 55.406352726032395, -21.069504950305404 ], [ 55.406351957071124, -21.06950525647316 ], [ 55.406386541779426, -21.069526250440124 ], [ 55.406429557288256, -21.069551748738142 ], [ 55.406352726032395, -21.069504950305404 ] ] ], [ [ [ 55.408587496525548, -21.068298168300664 ], [ 55.408655835497854, -21.068372971448436 ], [ 55.408446754560934, -21.068523799623105 ], [ 55.408458583638065, -21.068552039203148 ], [ 55.408449627398142, -21.068555343504357 ], [ 55.408438813791051, -21.068529528861248 ], [ 55.408253574159026, -21.06866315659061 ], [ 55.40811246281001, -21.068698276026325 ], [ 55.407905647764665, -21.068523239499573 ], [ 55.407890213151006, -21.068449225813325 ], [ 55.407865029847187, -21.068379461942595 ], [ 55.407874991788248, -21.068313504476187 ], [ 55.407906951297448, -21.068268611346667 ], [ 55.407991366991425, -21.068166848964967 ], [ 55.408015636473259, -21.068104936031816 ], [ 55.408012607970605, -21.068041101423926 ], [ 55.407999373101433, -21.067936545309443 ], [ 55.408035839141917, -21.067959016250327 ], [ 55.408149542783562, -21.067988826293259 ], [ 55.408210098001881, -21.067992451761441 ], [ 55.408213764509696, -21.067992277478723 ], [ 55.408205308520074, -21.067972090792836 ], [ 55.408159523761263, -21.067969349947095 ], [ 55.408049696280138, -21.067942634824497 ], [ 55.407991166519572, -21.067911012530324 ], [ 55.407948599031229, -21.067891537506103 ], [ 55.407914441296541, -21.06785635802775 ], [ 55.407715497794143, -21.067754807917517 ], [ 55.407639930987884, -21.067692330771784 ], [ 55.407587668562421, -21.067644139239455 ], [ 55.40754181094097, -21.067606403818417 ], [ 55.407520187204049, -21.067573018359788 ], [ 55.407517191931902, -21.067546304155645 ], [ 55.407529678108411, -21.067503313231349 ], [ 55.407547899046072, -21.06748236686807 ], [ 55.407591563057757, -21.067442310533934 ], [ 55.407645764139382, -21.067398881649979 ], [ 55.407760323323821, -21.067476374173953 ], [ 55.407800403012736, -21.067562654545092 ], [ 55.407903186690604, -21.067580239166961 ], [ 55.40798322607354, -21.067555786872695 ], [ 55.408004485824243, -21.067520397228375 ], [ 55.408053330822753, -21.067506401607051 ], [ 55.408103699061172, -21.067493777007076 ], [ 55.408151492100785, -21.067461072333852 ], [ 55.408222673524094, -21.067462516598241 ], [ 55.408502699159826, -21.067646552084884 ], [ 55.408531889020587, -21.067860657008527 ], [ 55.408507218735991, -21.067868643933764 ], [ 55.408470475350015, -21.067892761668666 ], [ 55.408350889834544, -21.067925888137303 ], [ 55.408312195967547, -21.06795405148338 ], [ 55.408273565847026, -21.06796736159599 ], [ 55.408220078972235, -21.067972975411237 ], [ 55.408215914625266, -21.06797272589618 ], [ 55.408223902281435, -21.06799179623134 ], [ 55.408274634470366, -21.067989387681596 ], [ 55.408308631272774, -21.067979926435846 ], [ 55.408313695499757, -21.068040666466466 ], [ 55.408327867361436, -21.068101055596159 ], [ 55.408381492654968, -21.068166451252495 ], [ 55.408457361276241, -21.068229738471711 ], [ 55.408528614132933, -21.068262852000661 ], [ 55.408587496525548, -21.068298168300664 ] ] ], [ [ [ 55.405694503529922, -21.068024950300224 ], [ 55.405688817407601, -21.06803610409937 ], [ 55.405681153789665, -21.068046160790782 ], [ 55.405671745919804, -21.06805481634715 ], [ 55.405660880504854, -21.068061806988378 ], [ 55.405648886052113, -21.068066919911558 ], [ 55.405636128943264, -21.068070000480521 ], [ 55.405622994160247, -21.068070954754763 ], [ 55.4056098833221, -21.068069753084238 ], [ 55.405597193476723, -21.068066433523249 ], [ 55.405585311384975, -21.068061096357127 ], [ 55.405574596209526, -21.068053903036212 ], [ 55.405565375694707, -21.068045073430074 ], [ 55.40555792800869, -21.068034873914119 ], [ 55.40555247982865, -21.068023616448233 ], [ 55.405549198825625, -21.068011641343556 ], [ 55.405548181193716, -21.067999313532148 ], [ 55.405549460474234, -21.067987007293748 ], [ 55.405552997076796, -21.067975096221168 ], [ 55.405558684158905, -21.067963943339237 ], [ 55.405566347789701, -21.067953885750327 ], [ 55.405575755658454, -21.067945230199676 ], [ 55.405586621058497, -21.067938240466727 ], [ 55.405598614549774, -21.067933126635108 ], [ 55.405611372609577, -21.067930046077265 ], [ 55.405624507380168, -21.067929091803123 ], [ 55.405637618215877, -21.067930292568558 ], [ 55.40565030708877, -21.067933612116846 ], [ 55.405662189163742, -21.067938950181205 ], [ 55.405672904345593, -21.067946142593229 ], [ 55.405682125814145, -21.067954973105888 ], [ 55.405689573515062, -21.067965171713563 ], [ 55.405695020732033, -21.067976430069805 ], [ 55.405698302708636, -21.067988405181438 ], [ 55.40569931939072, -21.068000732983709 ], [ 55.40569804012226, -21.068013039223995 ], [ 55.405694503529922, -21.068024950300224 ] ] ], [ [ [ 55.406475191733648, -21.067864427802604 ], [ 55.406619280233464, -21.067889820595212 ], [ 55.406629454035581, -21.068027601099899 ], [ 55.4064243222332, -21.06804971598314 ], [ 55.406255927181505, -21.068120256180251 ], [ 55.406238556597501, -21.068095966952686 ], [ 55.406248315254636, -21.067960644460779 ], [ 55.406475191733648, -21.067864427802604 ] ] ], [ [ [ 55.405963265296435, -21.066403177811448 ], [ 55.406003879191111, -21.066312507727549 ], [ 55.406102202750915, -21.066297080273458 ], [ 55.406189472709471, -21.06642481277121 ], [ 55.406103137401423, -21.066588583822501 ], [ 55.406043306593595, -21.066595066907105 ], [ 55.405998806674674, -21.066490318328938 ], [ 55.405963265296435, -21.066403177811448 ] ] ], [ [ [ 55.405863811981924, -21.066424914939159 ], [ 55.405646221301993, -21.066415304759207 ], [ 55.405626164023786, -21.06633035465666 ], [ 55.405658577579608, -21.066258048455573 ], [ 55.405649931147195, -21.066218571780606 ], [ 55.405627841729988, -21.066172956519377 ], [ 55.405640015166739, -21.066089823020334 ], [ 55.405679437829193, -21.066022081049574 ], [ 55.405774068366675, -21.066069891418095 ], [ 55.405863811981924, -21.066424914939159 ] ] ], [ [ [ 55.409072139033192, -21.06280115366765 ], [ 55.409253586221375, -21.062974905752288 ], [ 55.408948284577022, -21.063191024564823 ], [ 55.408829917103603, -21.063033723404072 ], [ 55.409072139033192, -21.06280115366765 ] ] ], [ [ [ 55.408570380802871, -21.045609427196347 ], [ 55.408534888207434, -21.045212559766941 ], [ 55.408530536381917, -21.0451355804576 ], [ 55.408510156996691, -21.045105050450125 ], [ 55.408462921299822, -21.045086390264704 ], [ 55.408448496431859, -21.045023507440312 ], [ 55.408511556130229, -21.044973494345392 ], [ 55.408420486627932, -21.044818808492685 ], [ 55.408504550456762, -21.044730117731252 ], [ 55.408444214789462, -21.044652034126123 ], [ 55.408389812120717, -21.044674713150052 ], [ 55.408268191094571, -21.044744513612212 ], [ 55.408137571591318, -21.044767499281456 ], [ 55.408157271945974, -21.04483455962783 ], [ 55.408135196587367, -21.044882932264972 ], [ 55.408089897206118, -21.044922630626449 ], [ 55.408005144220056, -21.045132678411804 ], [ 55.407688554322419, -21.045044544260129 ], [ 55.407926963838804, -21.044867317981009 ], [ 55.407988095533831, -21.04472569606229 ], [ 55.408051261848492, -21.04466556447235 ], [ 55.408101816929452, -21.044630191575742 ], [ 55.408157396390635, -21.044620004560596 ], [ 55.408176423566381, -21.044434664043106 ], [ 55.408159871106641, -21.044404036163275 ], [ 55.408156364199421, -21.044367435934571 ], [ 55.408184101883386, -21.044338901304592 ], [ 55.408234503225806, -21.044141005245148 ], [ 55.40823810197179, -21.044126873411873 ], [ 55.408304005776159, -21.0440121168138 ], [ 55.408240124152229, -21.043936625827673 ], [ 55.40814492385406, -21.043892278962744 ], [ 55.40811711494554, -21.043799800579876 ], [ 55.408061934360269, -21.043724792113576 ], [ 55.407961215239723, -21.043617796593821 ], [ 55.40791508900427, -21.043601716564204 ], [ 55.407872369237609, -21.043613486454547 ], [ 55.407882403782637, -21.043540560444658 ], [ 55.40791473391473, -21.043460889729882 ], [ 55.40790771120399, -21.043424198744667 ], [ 55.407808829538368, -21.043319073934519 ], [ 55.407732927620813, -21.043316624771894 ], [ 55.407711112591699, -21.043278171941076 ], [ 55.407681950820695, -21.043226089930982 ], [ 55.407640059835664, -21.043167976537422 ], [ 55.407547953668058, -21.043121910480203 ], [ 55.407481531015932, -21.043098687438953 ], [ 55.40744666224802, -21.043068804692322 ], [ 55.407422971179074, -21.043018214677677 ], [ 55.407421311542507, -21.043014671738785 ], [ 55.407381017053879, -21.042972567975429 ], [ 55.407301003571312, -21.043008327600639 ], [ 55.407262580594761, -21.042964504307523 ], [ 55.40727981865934, -21.042904759058878 ], [ 55.407252822222546, -21.042868673938184 ], [ 55.407252345612612, -21.042688300438098 ], [ 55.407472559144253, -21.042568474920436 ], [ 55.407852303489683, -21.042425049307209 ], [ 55.408264372801987, -21.042322555114477 ], [ 55.408187096844586, -21.042646869244216 ], [ 55.40821355267461, -21.042876055689145 ], [ 55.408306524803173, -21.043242384178079 ], [ 55.408349252241678, -21.043241969951293 ], [ 55.408384385406677, -21.043409598282317 ], [ 55.408677970352102, -21.043522375057943 ], [ 55.408832055250819, -21.043421970215775 ], [ 55.409104970867915, -21.043507514450894 ], [ 55.409173529465676, -21.043548638603447 ], [ 55.409198905283723, -21.043608447000633 ], [ 55.409208524415021, -21.043704823416864 ], [ 55.40920147666413, -21.043759408894584 ], [ 55.409114100773415, -21.043865869482861 ], [ 55.408973323078406, -21.043925275736314 ], [ 55.408955236796274, -21.044004046670892 ], [ 55.40919568715136, -21.044101431693406 ], [ 55.409276314445272, -21.044021221925757 ], [ 55.409537278776988, -21.044154798641223 ], [ 55.409396401023422, -21.044360764731401 ], [ 55.409344017118663, -21.044402936314505 ], [ 55.409343318036868, -21.044468750531141 ], [ 55.409350494230573, -21.044548187970225 ], [ 55.409312147014013, -21.0446131764154 ], [ 55.409409118983675, -21.044667452064616 ], [ 55.409439841791269, -21.044748210139282 ], [ 55.409383505399667, -21.044955211424348 ], [ 55.409251352037813, -21.044867150867752 ], [ 55.409072941994083, -21.044886656555018 ], [ 55.408905876243082, -21.044750682114291 ], [ 55.408883676018526, -21.044771346778575 ], [ 55.408931175149256, -21.044797992675633 ], [ 55.408985732032313, -21.044842575530183 ], [ 55.40902775930617, -21.044901717866175 ], [ 55.40902602767747, -21.044925322943335 ], [ 55.409019567751358, -21.04493760785553 ], [ 55.409047936663455, -21.044932161917867 ], [ 55.40912208210468, -21.044926402968791 ], [ 55.409177219157968, -21.044912579311166 ], [ 55.409206261248563, -21.044910699553999 ], [ 55.409236716918137, -21.044919589521335 ], [ 55.409393060085357, -21.045012828429375 ], [ 55.409404348429234, -21.045028708429051 ], [ 55.409376336780163, -21.045293017336785 ], [ 55.409355970416811, -21.04534086507001 ], [ 55.408999698729005, -21.04533512575275 ], [ 55.409223874593273, -21.045342282289134 ], [ 55.409415093437808, -21.045348386599812 ], [ 55.409431259308036, -21.045394879927983 ], [ 55.409437967312705, -21.045427088457203 ], [ 55.409437394989567, -21.045480969456882 ], [ 55.40943292974881, -21.045548872973864 ], [ 55.409426293242824, -21.045586296891258 ], [ 55.409415776265718, -21.045636570958209 ], [ 55.409412796243686, -21.0456822301636 ], [ 55.409412417712204, -21.045685255384598 ], [ 55.40940870426072, -21.045714992482836 ], [ 55.409388155515884, -21.045769858954515 ], [ 55.409375853750859, -21.045799013416541 ], [ 55.409355004619144, -21.045836321437466 ], [ 55.409358337613163, -21.045875010261078 ], [ 55.4093581260815, -21.045894923332803 ], [ 55.409377604787366, -21.045940791883858 ], [ 55.409393514093757, -21.045970226705592 ], [ 55.409460071092056, -21.046048165917881 ], [ 55.409497265963935, -21.046070772315542 ], [ 55.409543321327156, -21.04608174584687 ], [ 55.409616502507163, -21.046123432547681 ], [ 55.409633533193485, -21.046126382252979 ], [ 55.409628656416807, -21.046123870596404 ], [ 55.409503274698174, -21.046059296133514 ], [ 55.409383630312831, -21.045873748468665 ], [ 55.409567574483177, -21.045730562101841 ], [ 55.409796004916849, -21.045802958838927 ], [ 55.409806678247769, -21.046119220958293 ], [ 55.409663729257133, -21.046125132895433 ], [ 55.409694113085088, -21.046126226643391 ], [ 55.40987216948767, -21.046132638168775 ], [ 55.409763036065407, -21.046499830739521 ], [ 55.409789841187362, -21.046585484115038 ], [ 55.409761968059335, -21.046586802203418 ], [ 55.409680384410919, -21.046770981113461 ], [ 55.409578769674447, -21.046834796549824 ], [ 55.408878930352451, -21.04692697470022 ], [ 55.4088006376805, -21.04636592021415 ], [ 55.408711751858533, -21.046292131860348 ], [ 55.408809202173536, -21.046082705780012 ], [ 55.408894034523904, -21.045776129911836 ], [ 55.408774306367242, -21.045689287347923 ], [ 55.408570380802871, -21.045609427196347 ] ], [ [ 55.408343269623877, -21.043739596854536 ], [ 55.408421710010877, -21.043689359281569 ], [ 55.408372471461284, -21.04364027977995 ], [ 55.408061934360269, -21.043724792113576 ], [ 55.408343269623877, -21.043739596854536 ] ], [ [ 55.409128455733118, -21.045874305998264 ], [ 55.40918500346303, -21.04592952393109 ], [ 55.409128455497779, -21.045874147015301 ], [ 55.409128455733118, -21.045874305998264 ] ], [ [ 55.409127367764071, -21.045785612547938 ], [ 55.409127204038334, -21.045783815254968 ], [ 55.409114913962959, -21.04576612829073 ], [ 55.409127367764071, -21.045785612547938 ] ], [ [ 55.408657881441457, -21.04409977963736 ], [ 55.408635729432355, -21.044098891081486 ], [ 55.408612969684029, -21.044204629571833 ], [ 55.408615375541629, -21.044211029373237 ], [ 55.408640030259633, -21.044195434490678 ], [ 55.408657881441457, -21.04409977963736 ] ], [ [ 55.408615375555826, -21.044211029410999 ], [ 55.408744555305979, -21.04455465936865 ], [ 55.408853248269303, -21.044281872597224 ], [ 55.408861716093242, -21.044258805687367 ], [ 55.408615375555826, -21.044211029410999 ] ], [ [ 55.408945145279823, -21.044031537264686 ], [ 55.40888623860269, -21.044192004757274 ], [ 55.408916289215959, -21.044110144908437 ], [ 55.408945145279823, -21.044031537264686 ] ] ], [ [ [ 55.408359465378268, -21.040506898727791 ], [ 55.408531614295768, -21.040447350290016 ], [ 55.408693062112896, -21.040574329607264 ], [ 55.408694425447585, -21.040575513953499 ], [ 55.408774925735862, -21.040537794356901 ], [ 55.408914714047725, -21.040671673322336 ], [ 55.409074292673125, -21.040644137035315 ], [ 55.409168823380263, -21.040798293957224 ], [ 55.409269773055669, -21.040979805041609 ], [ 55.409313542381817, -21.041181510698117 ], [ 55.409248782374021, -21.041142665100303 ], [ 55.409199184835657, -21.041114476733988 ], [ 55.409124895486663, -21.041109957627498 ], [ 55.408976554746715, -21.041174533285513 ], [ 55.408695720776642, -21.041153739339379 ], [ 55.408656157064804, -21.041158146416457 ], [ 55.408618909499253, -21.04114777640828 ], [ 55.408594826514431, -21.041028559164229 ], [ 55.408737668604438, -21.040908445334725 ], [ 55.40875757726181, -21.040870561524887 ], [ 55.408740817599018, -21.040863002691164 ], [ 55.408721005981612, -21.040856147214143 ], [ 55.408701293115591, -21.040849325178389 ], [ 55.408676590254416, -21.040842695788999 ], [ 55.408554891625528, -21.040809638960329 ], [ 55.408423984650646, -21.040773262896622 ], [ 55.408312542918893, -21.04074229554281 ], [ 55.40824056791881, -21.040719209629472 ], [ 55.408181727337123, -21.040693529588513 ], [ 55.408359465378268, -21.040506898727791 ] ] ], [ [ [ 55.404887102326875, -21.040809373927168 ], [ 55.404839879364559, -21.040731598353673 ], [ 55.404752309250519, -21.040624655900938 ], [ 55.404662162485714, -21.04051726737984 ], [ 55.404635943292405, -21.040472626817873 ], [ 55.404563827376322, -21.040351195916553 ], [ 55.404768368870116, -21.040333223577203 ], [ 55.405154130835271, -21.04029932657734 ], [ 55.405059296119404, -21.040160412487236 ], [ 55.40502559216516, -21.040045556954809 ], [ 55.404863828785984, -21.040094757133527 ], [ 55.404458821454519, -21.040217936433098 ], [ 55.404421925653565, -21.040157708546712 ], [ 55.404396568669362, -21.040103767554253 ], [ 55.40439060421113, -21.040019219694333 ], [ 55.404394379524014, -21.039951231319861 ], [ 55.404422276705006, -21.03990996317274 ], [ 55.404466249624683, -21.039863118127979 ], [ 55.404499531093514, -21.039817604425981 ], [ 55.404535235735423, -21.039773675268528 ], [ 55.404588705877295, -21.039680246795118 ], [ 55.40460658718505, -21.039622766119862 ], [ 55.404662421479117, -21.039490472789975 ], [ 55.40475422588581, -21.039320917251207 ], [ 55.405045815987762, -21.039335424898869 ], [ 55.405026002384169, -21.039751227139408 ], [ 55.405056757658357, -21.039899113937047 ], [ 55.405129522140903, -21.040041434102029 ], [ 55.40511710527808, -21.040080741158437 ], [ 55.405253743383028, -21.040224473665944 ], [ 55.405277285683475, -21.040263536442655 ], [ 55.405281298713106, -21.040302325630179 ], [ 55.405370681015462, -21.040384126141955 ], [ 55.405474406045187, -21.040555186095396 ], [ 55.405486770893937, -21.040642686363267 ], [ 55.405469827726925, -21.040750976576689 ], [ 55.405422345853154, -21.040839476207008 ], [ 55.405354404289618, -21.040898134852828 ], [ 55.405232723399777, -21.040930542441409 ], [ 55.405118976685863, -21.040920112281476 ], [ 55.404987414654904, -21.04086582317262 ], [ 55.404887102326875, -21.040809373927168 ] ] ], [ [ [ 55.406203993454731, -21.039870959929644 ], [ 55.406285955103414, -21.039857236925776 ], [ 55.406356912178637, -21.039862249903049 ], [ 55.406414024055614, -21.039862785445791 ], [ 55.40646494590024, -21.039864711820321 ], [ 55.406507578583884, -21.039920183026741 ], [ 55.406494582813956, -21.039980929106754 ], [ 55.406426111722347, -21.040032459846177 ], [ 55.406296129401198, -21.040061675832444 ], [ 55.406258018365946, -21.040016391031891 ], [ 55.406306222968709, -21.039983511333137 ], [ 55.406180052717808, -21.039944646978654 ], [ 55.406203993454731, -21.039870959929644 ] ] ], [ [ [ 55.406072551996196, -21.039829343395443 ], [ 55.406013952567719, -21.039853857633737 ], [ 55.405977154151941, -21.039873934279203 ], [ 55.405956213730079, -21.039890447098536 ], [ 55.405901717542378, -21.039901075423479 ], [ 55.405868438566387, -21.039899651303866 ], [ 55.405810794019352, -21.039899442091048 ], [ 55.405750349193376, -21.03990893873603 ], [ 55.405690059124041, -21.039906516874026 ], [ 55.405623975209259, -21.039891043966158 ], [ 55.405565373496984, -21.039766079165968 ], [ 55.405399749212712, -21.03968379014588 ], [ 55.405397820671922, -21.039586301553094 ], [ 55.405440372008947, -21.039505387611001 ], [ 55.405488595211338, -21.03944283042194 ], [ 55.405745257240063, -21.039562084566548 ], [ 55.40583640434361, -21.039667902950807 ], [ 55.406310191168288, -21.039705325086747 ], [ 55.406374061014276, -21.039743055944218 ], [ 55.406397295945709, -21.039789688056796 ], [ 55.40640569695551, -21.039846638568552 ], [ 55.406310301239117, -21.03984428338503 ], [ 55.406254401297417, -21.039837547182902 ], [ 55.406203246543754, -21.039812931293348 ], [ 55.406149361094506, -21.039812102558503 ], [ 55.406072551996196, -21.039829343395443 ] ] ], [ [ [ 55.404921842143729, -21.038927744286596 ], [ 55.404960814870655, -21.03897246204102 ], [ 55.404942635308778, -21.038997614508904 ], [ 55.404894137464545, -21.039074481737334 ], [ 55.404846296927431, -21.039126303022289 ], [ 55.404831357294782, -21.039168409192811 ], [ 55.404806957444862, -21.039188394200185 ], [ 55.40465279593159, -21.039053947214576 ], [ 55.404525283091488, -21.038971966373246 ], [ 55.404267465526289, -21.038964358215583 ], [ 55.404225842635711, -21.038907772278378 ], [ 55.404280360612816, -21.038864905041194 ], [ 55.404279666441475, -21.038706253042321 ], [ 55.404321120584065, -21.038698199117757 ], [ 55.404369481317865, -21.038717227696676 ], [ 55.404407087454146, -21.038732777860432 ], [ 55.40444670751841, -21.038728084121129 ], [ 55.40448823455457, -21.038713276873565 ], [ 55.404535444609508, -21.03867150529241 ], [ 55.404575789616331, -21.038640390508345 ], [ 55.404618586617261, -21.038633448429934 ], [ 55.404664138439195, -21.038647271945205 ], [ 55.404718982484532, -21.038686699964817 ], [ 55.404770686950712, -21.038761550277609 ], [ 55.404800476625674, -21.038867890745756 ], [ 55.404829030937634, -21.038878998344408 ], [ 55.404855866990538, -21.038888825192672 ], [ 55.404880893385183, -21.038896918783916 ], [ 55.404904772029099, -21.038904369290091 ], [ 55.40491525094626, -21.038914223269305 ], [ 55.404921842143729, -21.038927744286596 ] ] ], [ [ [ 55.404807980560733, -21.038777631271682 ], [ 55.404872905605984, -21.038671199701643 ], [ 55.405018862571865, -21.038508891719381 ], [ 55.405105353403478, -21.038473481084836 ], [ 55.405218851313357, -21.038422787078311 ], [ 55.405451102907747, -21.038351889321255 ], [ 55.40555384997797, -21.038362066920296 ], [ 55.405613299165623, -21.038372289931839 ], [ 55.405678085688088, -21.038468647422622 ], [ 55.405715905904302, -21.038504140546486 ], [ 55.405775254559138, -21.038559979181858 ], [ 55.405804929979951, -21.038632639825888 ], [ 55.405761422653491, -21.038635811494721 ], [ 55.405644932209789, -21.038688421691237 ], [ 55.405604230762314, -21.038714533634916 ], [ 55.405529340822774, -21.038728151963241 ], [ 55.405410631158389, -21.038742197390292 ], [ 55.405362624260832, -21.038770265926814 ], [ 55.405232505560164, -21.038885043081436 ], [ 55.405206309971923, -21.038909858405319 ], [ 55.405178709529991, -21.038923203998266 ], [ 55.405142782716688, -21.038930743631465 ], [ 55.405057650689685, -21.038975054581389 ], [ 55.404910608871901, -21.038889338976613 ], [ 55.40481876940548, -21.038848731841835 ], [ 55.404797156398352, -21.038818268463682 ], [ 55.404807980560733, -21.038777631271682 ] ] ], [ [ [ 55.407898655780812, -21.038082809537119 ], [ 55.408050037253872, -21.037983904309858 ], [ 55.408282636052647, -21.038063528164081 ], [ 55.408420278022, -21.038189077862683 ], [ 55.408181269456747, -21.038416721275464 ], [ 55.408131557576105, -21.038424022242399 ], [ 55.407996376860751, -21.038237725850632 ], [ 55.407898655780812, -21.038082809537119 ] ] ], [ [ [ 55.404467569181442, -21.035277136222057 ], [ 55.404315946265264, -21.034973013717511 ], [ 55.404267033748241, -21.034777623465008 ], [ 55.404246419216179, -21.034635767320808 ], [ 55.40424082031376, -21.034410397589298 ], [ 55.404273364581471, -21.034363880582745 ], [ 55.404352967716029, -21.034306456265455 ], [ 55.404444807095935, -21.034283560662942 ], [ 55.404652846698283, -21.034272145367808 ], [ 55.404730037097622, -21.034281545090266 ], [ 55.404756311967013, -21.034350961830999 ], [ 55.404816818202427, -21.034434532939372 ], [ 55.404847391726101, -21.034561629549454 ], [ 55.404818043914126, -21.034726429409833 ], [ 55.404807833392169, -21.034817184739094 ], [ 55.404826029209353, -21.03495338878211 ], [ 55.404852451503025, -21.035008971960867 ], [ 55.404990849880782, -21.035157832784407 ], [ 55.405039152518967, -21.03523437184926 ], [ 55.405067908337976, -21.035301504804199 ], [ 55.405076111051741, -21.035453755216505 ], [ 55.404659627479525, -21.035409164867513 ], [ 55.404467569181442, -21.035277136222057 ] ] ], [ [ [ 55.413218015326848, -21.091624131930288 ], [ 55.413656820611536, -21.092216838309444 ], [ 55.413953516371322, -21.092855682154266 ], [ 55.41318810501096, -21.092535234991306 ], [ 55.412765495285988, -21.092322422143251 ], [ 55.412202993939388, -21.091946907702464 ], [ 55.41206592481052, -21.091518414115228 ], [ 55.411908628448934, -21.091089730149474 ], [ 55.412083406660976, -21.090825547177555 ], [ 55.412456445308585, -21.09094296196119 ], [ 55.412748665943944, -21.09105012602701 ], [ 55.412988296348445, -21.091346668686214 ], [ 55.413218015326848, -21.091624131930288 ] ] ], [ [ [ 55.410379727651033, -21.090103323636871 ], [ 55.410370615513756, -21.090067607735552 ], [ 55.41034711278229, -21.09004639036079 ], [ 55.410296723721757, -21.090030408524857 ], [ 55.41051786647013, -21.089720300988176 ], [ 55.410475481644433, -21.08961113884639 ], [ 55.41048617264007, -21.089580238817334 ], [ 55.41052407794934, -21.089598848726624 ], [ 55.410553010553443, -21.089619479229118 ], [ 55.410586742891361, -21.089635066435857 ], [ 55.410631347618931, -21.089648209119872 ], [ 55.410667297232592, -21.089646637300746 ], [ 55.410697340531691, -21.08962655850646 ], [ 55.410726137046602, -21.089596287878546 ], [ 55.410742745775636, -21.089564630309741 ], [ 55.410751910396087, -21.089531630248935 ], [ 55.410763081488085, -21.089501194474582 ], [ 55.410777071506857, -21.089479103563303 ], [ 55.410791686624933, -21.08948131084793 ], [ 55.410800708129237, -21.089630786083983 ], [ 55.410898684761619, -21.089731296006232 ], [ 55.411041513391119, -21.08993846089 ], [ 55.411194847010769, -21.090155682909192 ], [ 55.411241717030109, -21.090405105568529 ], [ 55.410829163279736, -21.090767885012244 ], [ 55.409728419028397, -21.090827450828616 ], [ 55.410252384819636, -21.090092586852187 ], [ 55.410265217282941, -21.090097160371457 ], [ 55.410285811630551, -21.090136802123013 ], [ 55.410301193679146, -21.090156669751078 ], [ 55.410320080390058, -21.090165755062884 ], [ 55.410354686688592, -21.090162897080305 ], [ 55.410369709374976, -21.090152857725815 ], [ 55.410380134398046, -21.090128778712796 ], [ 55.410379727651033, -21.090103323636871 ] ] ], [ [ [ 55.411465864449056, -21.050435665043043 ], [ 55.411389992236948, -21.050328955991258 ], [ 55.411422759754601, -21.050261649494015 ], [ 55.4116200826914, -21.050095272988553 ], [ 55.411710845017453, -21.050018744890945 ], [ 55.411588518189831, -21.049174479703957 ], [ 55.411671383657762, -21.04834134114008 ], [ 55.411503070392762, -21.047593004570466 ], [ 55.412126839609741, -21.047525203860715 ], [ 55.412214961772086, -21.047515625021269 ], [ 55.412573095837367, -21.047502165682605 ], [ 55.412581049420652, -21.047712558218318 ], [ 55.412517014838926, -21.047989199147555 ], [ 55.412484439034458, -21.048180093701163 ], [ 55.412379167070419, -21.048504148259731 ], [ 55.412629273800491, -21.048927122605104 ], [ 55.412747918542301, -21.049262829952845 ], [ 55.413020318426838, -21.049504373685789 ], [ 55.413382842987424, -21.04989015776151 ], [ 55.413656663107325, -21.049997874460296 ], [ 55.413655143751541, -21.050141259283205 ], [ 55.413389784513299, -21.050196140753581 ], [ 55.413050916019301, -21.050460654219865 ], [ 55.41302477414601, -21.051005326989518 ], [ 55.413174882457909, -21.05125528865393 ], [ 55.413144317333597, -21.051352255184664 ], [ 55.412774218585611, -21.051590456590759 ], [ 55.412454522758445, -21.051754413498852 ], [ 55.412366992318248, -21.05157277821888 ], [ 55.412257414222793, -21.051342314887322 ], [ 55.412197736831388, -21.051207917803534 ], [ 55.412087652251074, -21.051025249587113 ], [ 55.411976959508408, -21.050899936092751 ], [ 55.411848798331107, -21.050819337889109 ], [ 55.411770967370693, -21.050661395361278 ], [ 55.411573197767837, -21.050561562570856 ], [ 55.411465864449056, -21.050435665043043 ] ] ], [ [ [ 55.408461706218034, -21.048438815025207 ], [ 55.408571901192175, -21.048131539473914 ], [ 55.408501703628183, -21.047550115499142 ], [ 55.408473823227006, -21.047298906008017 ], [ 55.408634096147061, -21.047042404172299 ], [ 55.408445570339843, -21.04652375493724 ], [ 55.408333166286113, -21.045841556339365 ], [ 55.408014696614842, -21.045109004812389 ], [ 55.40805651823225, -21.045005355515162 ], [ 55.408422612141266, -21.045569936491002 ], [ 55.408575137343767, -21.046309870382668 ], [ 55.408796693222847, -21.04696182976528 ], [ 55.408878929399926, -21.046926973788 ], [ 55.408883921994267, -21.047137172290423 ], [ 55.408890241091704, -21.047403185445148 ], [ 55.409075177328724, -21.048367550087821 ], [ 55.409441369873605, -21.048247230397781 ], [ 55.409758459639292, -21.048355358181304 ], [ 55.410129483055876, -21.048179581641456 ], [ 55.410439400543339, -21.047764234705717 ], [ 55.410421173137031, -21.047462417959508 ], [ 55.410424154093739, -21.047185256480642 ], [ 55.410255401516906, -21.046958308713666 ], [ 55.410288508266134, -21.046597731135382 ], [ 55.41071760050071, -21.04673914279423 ], [ 55.41073430213666, -21.04698913379487 ], [ 55.41076347043974, -21.047400392865313 ], [ 55.411305611673875, -21.04732396925279 ], [ 55.411406493394402, -21.04766803209802 ], [ 55.411453460341669, -21.048270251742252 ], [ 55.411458691706365, -21.048938022934319 ], [ 55.411366222913053, -21.049667638168863 ], [ 55.411532022351551, -21.049955502167585 ], [ 55.41136459984245, -21.050137965945137 ], [ 55.410847334862652, -21.049939539047621 ], [ 55.410495633174186, -21.050013918944238 ], [ 55.408863910322424, -21.049120097589746 ], [ 55.408755160910502, -21.048683590271001 ], [ 55.4084916685851, -21.048591120080921 ], [ 55.408461706218034, -21.048438815025207 ] ], [ [ 55.410949907576608, -21.048014337573569 ], [ 55.410879861762545, -21.048281360952739 ], [ 55.410949907567023, -21.048014338476779 ], [ 55.410999433213242, -21.047953617555201 ], [ 55.410949907576608, -21.048014337573569 ] ], [ [ 55.411102014524126, -21.047499523190005 ], [ 55.411022536447739, -21.047551584109343 ], [ 55.41110201451454, -21.047499524093215 ], [ 55.411225896985535, -21.047533186060548 ], [ 55.411102014524126, -21.047499523190005 ] ] ], [ [ [ 55.412095233477132, -21.047020547854896 ], [ 55.411989471153923, -21.04680503630469 ], [ 55.411967424561077, -21.04656490094786 ], [ 55.4119089685151, -21.046592321661151 ], [ 55.411749958018568, -21.046505853702239 ], [ 55.411748172614068, -21.046389694236218 ], [ 55.411428907207025, -21.046049613094471 ], [ 55.411706700921926, -21.046032381781586 ], [ 55.411858625030135, -21.04621792889581 ], [ 55.412038725762741, -21.046307428413257 ], [ 55.412033305449654, -21.046533996926186 ], [ 55.411978981542951, -21.046559479863092 ], [ 55.41200268381143, -21.046794111527429 ], [ 55.41209852294056, -21.046999351936471 ], [ 55.412167996095171, -21.047050190411436 ], [ 55.412249379446436, -21.047220920543584 ], [ 55.412285786039, -21.047217846290398 ], [ 55.412327637408801, -21.04750165610622 ], [ 55.412214961772086, -21.047515625021269 ], [ 55.412126839619326, -21.047525202957509 ], [ 55.412097340648366, -21.047266167764185 ], [ 55.41218663725455, -21.047243912146584 ], [ 55.41223098750568, -21.047226273252893 ], [ 55.412159986686106, -21.047075674450479 ], [ 55.412095233477132, -21.047020547854896 ] ] ], [ [ [ 55.409887621196717, -21.04676504308139 ], [ 55.409870919315708, -21.046578905438125 ], [ 55.409879670938707, -21.046506849808861 ], [ 55.409953030386411, -21.046503234842849 ], [ 55.410286568445485, -21.046599451838048 ], [ 55.410271505572062, -21.046782912965366 ], [ 55.409887621196717, -21.04676504308139 ] ] ], [ [ [ 55.410687075399451, -21.046060469741054 ], [ 55.41070320948063, -21.045909106487404 ], [ 55.410744568078613, -21.045782663656503 ], [ 55.4108031993906, -21.045661107529561 ], [ 55.410904612700577, -21.045517953426003 ], [ 55.410885605419857, -21.045488007394432 ], [ 55.410907870991466, -21.04538754641672 ], [ 55.411162154021298, -21.045213494450614 ], [ 55.411237055768304, -21.045315667097807 ], [ 55.411318741487044, -21.04539849573462 ], [ 55.411335987506966, -21.045366905970074 ], [ 55.411389712165416, -21.045401503363106 ], [ 55.41150629827299, -21.045484074686577 ], [ 55.41159435043005, -21.045555002118373 ], [ 55.411634028009971, -21.045619792826347 ], [ 55.411647551908665, -21.045676761249581 ], [ 55.411653223740885, -21.0457128135109 ], [ 55.411658052144766, -21.046026221760293 ], [ 55.411408396640923, -21.046039633162827 ], [ 55.411423947997001, -21.046061670954625 ], [ 55.411606773196496, -21.046260841713014 ], [ 55.411327361776713, -21.046433769548617 ], [ 55.41160678064437, -21.046260865268444 ], [ 55.411736814458628, -21.046395058449718 ], [ 55.411738147376745, -21.046514414982735 ], [ 55.411898520233621, -21.046599444986018 ], [ 55.411519744135454, -21.046827845492398 ], [ 55.411371447143878, -21.046633985494427 ], [ 55.411284334221584, -21.046528087303436 ], [ 55.411223484085944, -21.046407328764737 ], [ 55.4112062282137, -21.046307796229144 ], [ 55.411126865990084, -21.046270385516035 ], [ 55.410927110810057, -21.046271544351626 ], [ 55.410741494310827, -21.046204089534527 ], [ 55.410687075399451, -21.046060469741054 ] ] ], [ [ [ 55.409722829376101, -21.045263703007997 ], [ 55.409731422703224, -21.045315273344976 ], [ 55.409769951084954, -21.045345670474539 ], [ 55.409845200317577, -21.045361392089365 ], [ 55.409925519789809, -21.045329962786774 ], [ 55.409889763833995, -21.045495983527228 ], [ 55.409856159468681, -21.045603635073928 ], [ 55.409797203895351, -21.045792171108694 ], [ 55.40957913280247, -21.045720214595804 ], [ 55.40943743352144, -21.045668660184273 ], [ 55.409462881413852, -21.045424321820171 ], [ 55.409454402111933, -21.045362024952144 ], [ 55.409534904896375, -21.04531343395205 ], [ 55.409722829376101, -21.045263703007997 ] ] ], [ [ [ 55.412656567634535, -21.04557858952283 ], [ 55.41261508676174, -21.045511588065079 ], [ 55.412611957840674, -21.045444945807009 ], [ 55.412652876072151, -21.045384116790238 ], [ 55.412751722827288, -21.045286021250163 ], [ 55.412819448732911, -21.045229042264172 ], [ 55.412854536086705, -21.045175359838751 ], [ 55.412887501302009, -21.045106466767738 ], [ 55.412896467136825, -21.045050365186452 ], [ 55.412938461390695, -21.045037515942575 ], [ 55.413011215593841, -21.045048997152982 ], [ 55.41301128561765, -21.045049017679617 ], [ 55.413118845893187, -21.044812977955985 ], [ 55.413336990386973, -21.044757564252336 ], [ 55.41344147918899, -21.044749057071154 ], [ 55.41345298236962, -21.044952947446031 ], [ 55.413409082614692, -21.045155001673905 ], [ 55.413489445333958, -21.045163284682292 ], [ 55.413520662716529, -21.045475038054494 ], [ 55.413148632066076, -21.04547336424028 ], [ 55.413148300844064, -21.045473475866149 ], [ 55.412800271569097, -21.045590733649668 ], [ 55.412745120308507, -21.045630316886257 ], [ 55.412696398202229, -21.045620369844364 ], [ 55.412656567634535, -21.04557858952283 ] ] ], [ [ [ 55.409507008992207, -21.04479456301269 ], [ 55.409638476124485, -21.044854472832956 ], [ 55.409691525619358, -21.044917162466728 ], [ 55.409678243472115, -21.044987634665357 ], [ 55.409727415169407, -21.045246950870421 ], [ 55.40970231445182, -21.045250078024878 ], [ 55.409639599329665, -21.045254533251825 ], [ 55.409465222554623, -21.045320137247124 ], [ 55.409401127520809, -21.045285919132926 ], [ 55.409421370191367, -21.045065913006681 ], [ 55.409440125602423, -21.045006574658117 ], [ 55.409476240544038, -21.044957168897604 ], [ 55.409533637623426, -21.044947620821592 ], [ 55.409528837386077, -21.044893787083691 ], [ 55.409497486139408, -21.044811130726128 ], [ 55.409501067120004, -21.044811164246028 ], [ 55.409501263492302, -21.044792675532896 ], [ 55.409507008992207, -21.04479456301269 ] ] ], [ [ [ 55.41493028152933, -21.044737355082379 ], [ 55.414908345486431, -21.044593417972013 ], [ 55.415093989771648, -21.044552261804267 ], [ 55.415256755689434, -21.044603925827911 ], [ 55.41526028136645, -21.044550721708607 ], [ 55.415378908982753, -21.044469622151833 ], [ 55.415430187517714, -21.044470477034007 ], [ 55.415465419921162, -21.044476185656485 ], [ 55.415502033753619, -21.044458733844085 ], [ 55.415535220983827, -21.044449573998836 ], [ 55.415555309472346, -21.044463805859959 ], [ 55.41557483486006, -21.044474147366156 ], [ 55.415608809014785, -21.044480827019097 ], [ 55.415646839621715, -21.04448152488386 ], [ 55.415638666015028, -21.044668839582499 ], [ 55.415555412370082, -21.044789196075044 ], [ 55.415517850057427, -21.044869180968416 ], [ 55.415499950173157, -21.044992116039932 ], [ 55.415491220646636, -21.045052075308373 ], [ 55.415441399275338, -21.045326324684712 ], [ 55.415380006921076, -21.045410368044973 ], [ 55.415280907544165, -21.045440740501764 ], [ 55.415175086736127, -21.045406139841095 ], [ 55.415092152399211, -21.045309157398492 ], [ 55.41493028152933, -21.044737355082379 ] ] ], [ [ [ 55.41344147918899, -21.044749057071154 ], [ 55.413622360995987, -21.044695825199696 ], [ 55.413636396883938, -21.044598894701373 ], [ 55.414038047827411, -21.044600399375636 ], [ 55.414032638176955, -21.044997889160829 ], [ 55.413993442614476, -21.045074104302746 ], [ 55.413456022978295, -21.044959847250016 ], [ 55.41344147918899, -21.044749057071154 ] ] ], [ [ [ 55.410264574104865, -21.045045007911899 ], [ 55.410236673630287, -21.045055182697112 ], [ 55.410186373453151, -21.045080804796903 ], [ 55.410153007161185, -21.045082231451865 ], [ 55.410117177147193, -21.045077901800909 ], [ 55.410090407482528, -21.04508542692313 ], [ 55.410037660239929, -21.045126376762134 ], [ 55.410010030423159, -21.044936521834426 ], [ 55.41001182952057, -21.044726753526405 ], [ 55.410097961353628, -21.044488234603307 ], [ 55.41024880628818, -21.044172730291194 ], [ 55.41035461615801, -21.044068291502597 ], [ 55.410590123742814, -21.043946474125995 ], [ 55.410700158020283, -21.044086851881421 ], [ 55.41066979731221, -21.044147624696997 ], [ 55.410664108164688, -21.044175695743714 ], [ 55.410668151800877, -21.044189796147108 ], [ 55.410692205832142, -21.044198147224055 ], [ 55.41077550819567, -21.044270180503851 ], [ 55.410756067044296, -21.044367629194561 ], [ 55.41073627168641, -21.044446862224 ], [ 55.410722602409301, -21.04448568378497 ], [ 55.410678800609553, -21.044537113599844 ], [ 55.410647112216445, -21.044661231474873 ], [ 55.410632233141563, -21.044675780867212 ], [ 55.410587242032207, -21.04468514005589 ], [ 55.410571037536769, -21.044718406977506 ], [ 55.410562132136803, -21.04477707613685 ], [ 55.410553428473762, -21.044816738129406 ], [ 55.410520275300328, -21.044869978354626 ], [ 55.410508900589612, -21.04489422402273 ], [ 55.41046397403057, -21.044937289526409 ], [ 55.410422716584378, -21.04498386795121 ], [ 55.410381625271825, -21.045014793724754 ], [ 55.41035177945421, -21.045033648208456 ], [ 55.410312818115983, -21.045038501159688 ], [ 55.410264574104865, -21.045045007911899 ] ] ], [ [ [ 55.411903067422763, -21.044700921011977 ], [ 55.411905758928874, -21.044736467568647 ], [ 55.411960141752488, -21.044815697603433 ], [ 55.411975020697497, -21.044859038830371 ], [ 55.412023777174788, -21.044890214858199 ], [ 55.412042920116058, -21.04491727418754 ], [ 55.412090623347126, -21.044951321884231 ], [ 55.412073338259674, -21.044968649156068 ], [ 55.4119412931394, -21.045017205025143 ], [ 55.411818617949095, -21.044982202717947 ], [ 55.411728550183206, -21.044897575176908 ], [ 55.411621864432263, -21.0447694753659 ], [ 55.411598354159501, -21.044505106071441 ], [ 55.411625728706866, -21.044527443154809 ], [ 55.411777535973847, -21.044580703503321 ], [ 55.411873114240237, -21.044632478881397 ], [ 55.411889038168489, -21.044673908560515 ], [ 55.411903067422763, -21.044700921011977 ] ] ], [ [ [ 55.411982989463418, -21.044804712014091 ], [ 55.411928322897253, -21.044730642601628 ], [ 55.411921475662929, -21.044694365276225 ], [ 55.411889759263858, -21.044615984812641 ], [ 55.411845425549117, -21.044590673670022 ], [ 55.411760230715693, -21.044553664938267 ], [ 55.411686892491048, -21.044530421290752 ], [ 55.411635331403168, -21.044509493100648 ], [ 55.411589939880777, -21.044475059509068 ], [ 55.411504837598685, -21.044424530915876 ], [ 55.411279241142218, -21.044109686427454 ], [ 55.411179882097805, -21.043816837741584 ], [ 55.41111601744128, -21.043805270894065 ], [ 55.411136916559393, -21.043766990222107 ], [ 55.411151083331326, -21.043728873325168 ], [ 55.411162007510178, -21.043674428756553 ], [ 55.411160364806292, -21.043601986748982 ], [ 55.411114281748617, -21.043514417146355 ], [ 55.411066668097916, -21.043457389172424 ], [ 55.411042801728264, -21.043434533802838 ], [ 55.411035689662334, -21.043423149844266 ], [ 55.411043065869741, -21.043409638596909 ], [ 55.411104838654751, -21.043381924842187 ], [ 55.411129341295329, -21.043344808793709 ], [ 55.411220472792188, -21.043276629741623 ], [ 55.411222012951953, -21.0431097755907 ], [ 55.41124015087459, -21.043063017798019 ], [ 55.411241972340044, -21.043029909886116 ], [ 55.411208556519185, -21.042992331784841 ], [ 55.41121528508755, -21.042912342376038 ], [ 55.411202933707045, -21.042829413182993 ], [ 55.411206195980341, -21.04279907922929 ], [ 55.411402831704947, -21.042834042557125 ], [ 55.411466533879143, -21.042927112592938 ], [ 55.411469693228156, -21.043016421672149 ], [ 55.411536694573357, -21.043053549490885 ], [ 55.411611227564954, -21.04311675823547 ], [ 55.411693028348658, -21.043217957260573 ], [ 55.411776628466825, -21.043433754980967 ], [ 55.411783238327402, -21.043662977871527 ], [ 55.411815254347133, -21.043917588825298 ], [ 55.411871133511241, -21.044003401666551 ], [ 55.412006937466423, -21.044161602243168 ], [ 55.411930523778267, -21.044295820472197 ], [ 55.411852937264086, -21.044393360908689 ], [ 55.411854002264683, -21.044438196262657 ], [ 55.411878166123337, -21.044424860854029 ], [ 55.411927231627956, -21.044380426283553 ], [ 55.41207660803056, -21.044245153779077 ], [ 55.412449000708676, -21.044852070123476 ], [ 55.412386262824022, -21.044899440187777 ], [ 55.412349287007103, -21.044933749837963 ], [ 55.412318431048391, -21.044976660083137 ], [ 55.412291398237549, -21.044984057541885 ], [ 55.412255081210851, -21.044980188086068 ], [ 55.412225168673217, -21.044963430554812 ], [ 55.412187077758652, -21.044949539548114 ], [ 55.412130137699251, -21.044939591439238 ], [ 55.412095751550673, -21.044931031087007 ], [ 55.412063896920316, -21.044905054356956 ], [ 55.412038194689423, -21.044880527106084 ], [ 55.411998178457367, -21.044850120179419 ], [ 55.411982989463418, -21.044804712014091 ] ], [ [ 55.411827431312005, -21.04445285960394 ], [ 55.411728330679821, -21.044505128693846 ], [ 55.411686892491048, -21.044530421290752 ], [ 55.411827431312005, -21.04445285960394 ] ] ], [ [ [ 55.412825982052638, -21.044241146613121 ], [ 55.412727841547166, -21.044107646952998 ], [ 55.412577022153464, -21.044138840887094 ], [ 55.41236609153276, -21.043920022858583 ], [ 55.41246830412873, -21.043804867514147 ], [ 55.41229986764786, -21.04363851992904 ], [ 55.412498231933135, -21.043490402686945 ], [ 55.412765895525325, -21.043575495539361 ], [ 55.41317091566679, -21.043564782111989 ], [ 55.413174139770035, -21.043503235974544 ], [ 55.413141346293592, -21.043064795154191 ], [ 55.413074631839443, -21.043047860314882 ], [ 55.413082213925591, -21.042861167242421 ], [ 55.412859682434544, -21.042707230434161 ], [ 55.41269592813449, -21.042593952588248 ], [ 55.412323556348731, -21.042297940707442 ], [ 55.412293296124538, -21.042369665539358 ], [ 55.412426423321399, -21.04249863882168 ], [ 55.412495281743482, -21.042503087723318 ], [ 55.412573507258735, -21.042530491172116 ], [ 55.412632331748725, -21.04257417602248 ], [ 55.412665770069438, -21.042635713232293 ], [ 55.412663669079834, -21.042694135391393 ], [ 55.412779776691657, -21.042787056764535 ], [ 55.412947160096365, -21.042796969339513 ], [ 55.41296283252592, -21.042903005210693 ], [ 55.412977376224632, -21.043022669485431 ], [ 55.412936933856336, -21.043062644048725 ], [ 55.412877213939709, -21.043104152111777 ], [ 55.412792186644765, -21.043154520915873 ], [ 55.41265105295323, -21.043212204418815 ], [ 55.412307034526485, -21.043284884909895 ], [ 55.412165080508544, -21.043307289131228 ], [ 55.412091412887023, -21.043285940442416 ], [ 55.412047533829707, -21.043196094567193 ], [ 55.412012959910662, -21.043075063359797 ], [ 55.411945069546007, -21.042979299566557 ], [ 55.411882875483251, -21.042919738188353 ], [ 55.411810017590291, -21.042870325976082 ], [ 55.411796620180667, -21.042830747284459 ], [ 55.411876129690704, -21.042713114597237 ], [ 55.411882905346339, -21.042602697885247 ], [ 55.411833626497717, -21.042529027496755 ], [ 55.411833643973218, -21.042527288805658 ], [ 55.4117742135222, -21.042421819467304 ], [ 55.411706517170273, -21.042382199371612 ], [ 55.411686692313943, -21.04232983399049 ], [ 55.411632407772267, -21.042278533984419 ], [ 55.411491526830673, -21.042258001182667 ], [ 55.411485226124022, -21.042197065222428 ], [ 55.411446666126736, -21.042120608887902 ], [ 55.411448857634113, -21.041914083295108 ], [ 55.411457533309047, -21.041751101412046 ], [ 55.411445161555619, -21.041607490081809 ], [ 55.411406878400541, -21.041504947192287 ], [ 55.411385658747783, -21.041322117632209 ], [ 55.411414092422767, -21.041261507269528 ], [ 55.411403689632493, -21.041150527117935 ], [ 55.411369415526295, -21.041106723617247 ], [ 55.411394079334791, -21.041062259747381 ], [ 55.411374661139206, -21.041012490613014 ], [ 55.411156433064953, -21.040911082830846 ], [ 55.411224343429971, -21.040768811007343 ], [ 55.41136224634419, -21.04058528480488 ], [ 55.411466747581223, -21.040625501956498 ], [ 55.411625344271933, -21.040715748143064 ], [ 55.411698820342046, -21.040752495558735 ], [ 55.411833604301385, -21.040859161425839 ], [ 55.411974268183336, -21.040968657081869 ], [ 55.41206535525793, -21.041016664164889 ], [ 55.412188880076755, -21.041070521455239 ], [ 55.412329397423079, -21.041193884758194 ], [ 55.412381767680507, -21.041275811151944 ], [ 55.412349446008221, -21.041290236614671 ], [ 55.412390842428167, -21.041317985254771 ], [ 55.41242442892338, -21.04133600915041 ], [ 55.412451059173634, -21.041346465234607 ], [ 55.412462948281522, -21.041349520160132 ], [ 55.412463331142277, -21.041347622287475 ], [ 55.412544098099019, -21.041287427424638 ], [ 55.412758946024368, -21.04136710191851 ], [ 55.412838274057613, -21.041409451606071 ], [ 55.412864163730418, -21.041488708794841 ], [ 55.413064254778568, -21.041509473596751 ], [ 55.413310113477223, -21.041671273423272 ], [ 55.413546649396672, -21.041796528632112 ], [ 55.413479264532477, -21.042019507333134 ], [ 55.413478357674798, -21.042105115597106 ], [ 55.413345633203143, -21.04219900580604 ], [ 55.413411940423984, -21.042252897108668 ], [ 55.41346813599236, -21.042304791629828 ], [ 55.413570252472404, -21.042493647069985 ], [ 55.413665451892896, -21.042537074981656 ], [ 55.413486064786873, -21.042683439652841 ], [ 55.413732404538528, -21.042848825058076 ], [ 55.414006690805202, -21.043158775214849 ], [ 55.414221924138033, -21.043361677333682 ], [ 55.414367076711052, -21.043265174477163 ], [ 55.414404787107692, -21.043325529986831 ], [ 55.414457887190594, -21.043381228942938 ], [ 55.414546849342209, -21.043458936315851 ], [ 55.414630781101955, -21.0435112030931 ], [ 55.414704324747952, -21.043564765808188 ], [ 55.414750062032311, -21.043584672209597 ], [ 55.414777734944408, -21.043630849722568 ], [ 55.414777204750855, -21.043680937380394 ], [ 55.4148433668839, -21.043731647202428 ], [ 55.414859257429228, -21.043770757558896 ], [ 55.414855704102472, -21.043826382258707 ], [ 55.414837477713832, -21.043867956518653 ], [ 55.414801308221008, -21.043910250428166 ], [ 55.414772453517564, -21.04398979969897 ], [ 55.414735031106105, -21.044013921923121 ], [ 55.414718421289145, -21.044053302675195 ], [ 55.414659391343108, -21.044057179025156 ], [ 55.414528198970132, -21.044191834126753 ], [ 55.414351154542629, -21.044107557986081 ], [ 55.414160449475411, -21.044375322565141 ], [ 55.414074035121004, -21.044342845388098 ], [ 55.413725706257722, -21.044159505428148 ], [ 55.413616011405161, -21.044159745064402 ], [ 55.413447895710576, -21.044167577906695 ], [ 55.413349955534208, -21.044172141025015 ], [ 55.413099013802004, -21.044256738576429 ], [ 55.412888528931838, -21.044413310182648 ], [ 55.41285254341453, -21.044363919386207 ], [ 55.412825982052638, -21.044241146613121 ] ], [ [ 55.413160807865438, -21.042217329680366 ], [ 55.413098362654019, -21.042173277880767 ], [ 55.413000314053953, -21.042104112394092 ], [ 55.413000943342858, -21.042104655735333 ], [ 55.413160807865438, -21.042217329680366 ] ], [ [ 55.413131434014353, -21.042471695156351 ], [ 55.413253167886218, -21.042453350398215 ], [ 55.413217613840693, -21.042451627321384 ], [ 55.413131434014353, -21.042471695156351 ] ] ], [ [ [ 55.414846036445979, -21.043935867103112 ], [ 55.414904712331726, -21.043843804344338 ], [ 55.414899590583694, -21.043800072888203 ], [ 55.415089989151177, -21.043597258226193 ], [ 55.415278221366712, -21.043505096583178 ], [ 55.415486653053534, -21.043466933684236 ], [ 55.415595266401724, -21.043515399617888 ], [ 55.415595929121544, -21.043515694853891 ], [ 55.415643148034803, -21.043560911811774 ], [ 55.415675490980803, -21.043605434528089 ], [ 55.415708903496849, -21.043683012713874 ], [ 55.415739151079109, -21.043700223512282 ], [ 55.415775850857486, -21.043721104959552 ], [ 55.415830030167264, -21.043787179876812 ], [ 55.415853932515311, -21.043885756965576 ], [ 55.415867832086839, -21.043986582157856 ], [ 55.415867089003044, -21.04405682865309 ], [ 55.415844244737492, -21.044094083749826 ], [ 55.415816238526773, -21.044147682941411 ], [ 55.415820211484622, -21.044243732868953 ], [ 55.415597668679474, -21.044073295975778 ], [ 55.415434232378026, -21.044131587714336 ], [ 55.415383544143772, -21.044152523278854 ], [ 55.415597638339008, -21.044076163676955 ], [ 55.415820181157699, -21.044246599667169 ], [ 55.415801837001943, -21.044326339263627 ], [ 55.415776416578773, -21.044374988970723 ], [ 55.41570833339577, -21.044422493866819 ], [ 55.415647423596837, -21.044452884814273 ], [ 55.415610493236898, -21.044464059371624 ], [ 55.415567663590501, -21.044452861028578 ], [ 55.41553946416127, -21.044436038743086 ], [ 55.415494856222367, -21.044447861614422 ], [ 55.415466323552799, -21.044462715914065 ], [ 55.415438003213517, -21.044457412294953 ], [ 55.415378954526005, -21.044456861629683 ], [ 55.415340536247342, -21.044463702661201 ], [ 55.415276870540815, -21.044464548765113 ], [ 55.415245795651181, -21.044452675905127 ], [ 55.415199856543069, -21.044415440601654 ], [ 55.41515022772694, -21.044401448962493 ], [ 55.415114027306423, -21.04439456508441 ], [ 55.415074128332733, -21.04436784632324 ], [ 55.415053821988671, -21.044351930428018 ], [ 55.414997547769879, -21.044335162337745 ], [ 55.414853605673031, -21.044344694436806 ], [ 55.414802096805971, -21.044218530305763 ], [ 55.414772798433731, -21.044172825412076 ], [ 55.414751279720605, -21.044095741028329 ], [ 55.414768454480402, -21.044055711552975 ], [ 55.414817324628125, -21.044010736805234 ], [ 55.414846036445979, -21.043935867103112 ] ] ], [ [ [ 55.414889337380771, -21.043740344865672 ], [ 55.414801270450411, -21.043594211858576 ], [ 55.414589182856041, -21.043427801546557 ], [ 55.414783650601478, -21.043273514427963 ], [ 55.414585193254553, -21.043145253968429 ], [ 55.414883159362191, -21.042786426600909 ], [ 55.415014088655376, -21.042862855894644 ], [ 55.415114085700168, -21.042904429939064 ], [ 55.415155810706786, -21.042960867179424 ], [ 55.415196031724818, -21.043008858059565 ], [ 55.415257817593222, -21.043072394438568 ], [ 55.415303784812615, -21.043113939626657 ], [ 55.415354138343417, -21.043153429143793 ], [ 55.415372555471286, -21.043227572299092 ], [ 55.415254258364151, -21.043383194705637 ], [ 55.415205441213523, -21.043508117742071 ], [ 55.415078434257921, -21.043583148367656 ], [ 55.414889337380771, -21.043740344865672 ] ] ], [ [ [ 55.411179141032029, -21.042993436996433 ], [ 55.411189137883248, -21.043021134433943 ], [ 55.411209484892176, -21.043043408572682 ], [ 55.411191199595493, -21.043103966515762 ], [ 55.411201231700765, -21.043266926339761 ], [ 55.411104946435678, -21.043335036415019 ], [ 55.411081044235992, -21.043370698340446 ], [ 55.411011614954539, -21.043401793808265 ], [ 55.410704277667101, -21.043269179426648 ], [ 55.41073201349473, -21.043149360379427 ], [ 55.410801057292517, -21.043016125216955 ], [ 55.410913201177387, -21.042839126188376 ], [ 55.411091692069206, -21.042782825927915 ], [ 55.411171001695848, -21.042790469609486 ], [ 55.411170621989335, -21.042826351488337 ], [ 55.41118009174793, -21.042903731862296 ], [ 55.411179141032029, -21.042993436996433 ] ] ], [ [ [ 55.414413863100329, -21.041682850071155 ], [ 55.414448528470103, -21.041673797237792 ], [ 55.414475459027805, -21.041669721688578 ], [ 55.414510786227396, -21.041670772126349 ], [ 55.414675985102875, -21.04166798651794 ], [ 55.414702770636481, -21.041677611767671 ], [ 55.414726400230563, -21.041695142177769 ], [ 55.414744629807075, -21.041714783812427 ], [ 55.414785033336003, -21.041816851746777 ], [ 55.414800882371964, -21.041843684939888 ], [ 55.414822145774806, -21.041866961752735 ], [ 55.414890422939443, -21.041909224603078 ], [ 55.414716950790208, -21.04221417897422 ], [ 55.414397468583111, -21.042048278737024 ], [ 55.414394602556889, -21.04168479673282 ], [ 55.414413863100329, -21.041682850071155 ] ] ], [ [ [ 55.410419757803403, -21.04180327421437 ], [ 55.410295574757725, -21.041677732584404 ], [ 55.410301296795623, -21.041614013091081 ], [ 55.410294771822286, -21.041651669367923 ], [ 55.410086697408801, -21.041659865022385 ], [ 55.41003059925864, -21.041601016758936 ], [ 55.409960888606363, -21.041552184273353 ], [ 55.409720611375477, -21.041286211938779 ], [ 55.409594264674141, -21.041229241712124 ], [ 55.409637935562486, -21.041186541299766 ], [ 55.409778581481874, -21.041024000565937 ], [ 55.409793094113432, -21.041059070610309 ], [ 55.409772855236383, -21.041010162617134 ], [ 55.40977232813497, -21.041004799306336 ], [ 55.409770573739621, -21.040986977933812 ], [ 55.409775183878438, -21.040965288567193 ], [ 55.409785202532142, -21.040946944147215 ], [ 55.409816646958404, -21.040918006676858 ], [ 55.409851763319722, -21.040901914166277 ], [ 55.409904007434278, -21.040877760067325 ], [ 55.409953685381225, -21.040864936429042 ], [ 55.410001520395433, -21.040870182320191 ], [ 55.41004272560528, -21.040877729204571 ], [ 55.410079369319526, -21.040892689246274 ], [ 55.410118646027932, -21.040926279195755 ], [ 55.410191692836129, -21.041012231436742 ], [ 55.41023349704205, -21.041055994493039 ], [ 55.410327233962654, -21.041144834779768 ], [ 55.410388206931152, -21.041205093431582 ], [ 55.41041361505976, -21.041219172373417 ], [ 55.410484981037641, -21.041230436525911 ], [ 55.410525487557685, -21.041236830475768 ], [ 55.4105764017594, -21.04125576291927 ], [ 55.41061918843166, -21.041299535981434 ], [ 55.410648410193403, -21.041324725024634 ], [ 55.410700199029023, -21.04135381690708 ], [ 55.410726482755507, -21.041378056190734 ], [ 55.410739929252948, -21.041407712651033 ], [ 55.410733494080489, -21.041458408034817 ], [ 55.410987877518281, -21.041492181977041 ], [ 55.411084935770184, -21.041545460173282 ], [ 55.411199174632152, -21.0417320075567 ], [ 55.411220124499117, -21.041948231439736 ], [ 55.410970794182127, -21.042006999439263 ], [ 55.410594253145881, -21.041787449171025 ], [ 55.410419757803403, -21.04180327421437 ] ], [ [ 55.410288641446115, -21.041605372966394 ], [ 55.410244459503552, -21.041575208542795 ], [ 55.410237866790418, -21.041571020590958 ], [ 55.410242189585169, -21.041573950689259 ], [ 55.410301296795623, -21.041614013091081 ], [ 55.410288641446115, -21.041605372966394 ] ], [ [ 55.409800806515925, -21.04108593918723 ], [ 55.409799700500677, -21.041082086197555 ], [ 55.40980441620129, -21.041099482726452 ], [ 55.409800806515925, -21.04108593918723 ] ], [ [ 55.409888842902404, -21.041181876887016 ], [ 55.409831131345094, -21.04114224835245 ], [ 55.409896707233273, -21.041187277235888 ], [ 55.409888842902404, -21.041181876887016 ] ], [ [ 55.409973529442681, -21.041300075756922 ], [ 55.409965225412073, -21.041284793706065 ], [ 55.40996928722916, -21.041293181820421 ], [ 55.409973529442681, -21.041300075756922 ] ], [ [ 55.410093999712522, -21.041488802154586 ], [ 55.410070392741105, -21.041457505945299 ], [ 55.410093823924939, -21.041488955877636 ], [ 55.410093999712522, -21.041488802154586 ] ], [ [ 55.410165062663829, -21.041540587481229 ], [ 55.410140072619953, -21.04152718446802 ], [ 55.410139261301644, -21.041526749616512 ], [ 55.410165062663829, -21.041540587481229 ] ] ], [ [ [ 55.414708315706406, -21.041661796996262 ], [ 55.414681536851788, -21.041651450071519 ], [ 55.414579358732333, -21.041651940309457 ], [ 55.414483332207539, -21.041651764335796 ], [ 55.414458721128817, -21.041654419857775 ], [ 55.414394478844223, -21.041669034766642 ], [ 55.414394379816351, -21.041656485172386 ], [ 55.414419035038421, -21.041378177547863 ], [ 55.414609322555663, -21.041176145367174 ], [ 55.414864461231332, -21.041324550509486 ], [ 55.414997100139203, -21.041438068128791 ], [ 55.415060194168717, -21.041604141545857 ], [ 55.414817850432698, -21.041701154016884 ], [ 55.414914916097921, -21.041866165928969 ], [ 55.414899990989852, -21.041892403133296 ], [ 55.414869725637999, -21.041871732394288 ], [ 55.414830809583044, -21.041846847445921 ], [ 55.414809621543817, -21.041816359373712 ], [ 55.414796868326221, -21.041787392554937 ], [ 55.414760867134682, -21.041704839075319 ], [ 55.414732735955987, -21.041677170469566 ], [ 55.414708315706406, -21.041661796996262 ] ] ], [ [ [ 55.411959495776138, -21.039951242858994 ], [ 55.412302713303184, -21.039764407668176 ], [ 55.413018782298813, -21.039868832162217 ], [ 55.413762332423516, -21.040109254783452 ], [ 55.414642933531788, -21.041062254446679 ], [ 55.41460135975597, -21.04116503182675 ], [ 55.41439086709525, -21.041380259701118 ], [ 55.414376484383197, -21.041646184955848 ], [ 55.414134051188825, -21.04160048473781 ], [ 55.41403682911173, -21.041496411324658 ], [ 55.413818217867174, -21.041385775127242 ], [ 55.413460983419021, -21.04125755530503 ], [ 55.413137586490329, -21.041211097821517 ], [ 55.412596098876662, -21.041005139192002 ], [ 55.412378929202809, -21.040758770184354 ], [ 55.412219935555513, -21.040480366012087 ], [ 55.412071532083523, -21.040294366316505 ], [ 55.411959495776138, -21.039951242858994 ] ] ], [ [ [ 55.40997316352297, -21.03992749174795 ], [ 55.410018868122869, -21.040006235520245 ], [ 55.410066670185962, -21.040122518401162 ], [ 55.410194088505627, -21.039981642894148 ], [ 55.410513416117851, -21.040161951370838 ], [ 55.411151757160503, -21.040502068703468 ], [ 55.410902378633651, -21.040830878086343 ], [ 55.410302605021613, -21.040483677358765 ], [ 55.409955136527032, -21.040246778965692 ], [ 55.410050065715204, -21.040140844588485 ], [ 55.40990465081331, -21.040177463355224 ], [ 55.409835070033431, -21.040031720557089 ], [ 55.409906785991652, -21.039976332740032 ], [ 55.409924844673661, -21.039929512004537 ], [ 55.40997316352297, -21.03992749174795 ] ] ], [ [ [ 55.410675772406279, -21.039616391035747 ], [ 55.410741809193581, -21.039588019848047 ], [ 55.410801862908578, -21.039478686728973 ], [ 55.411025001962365, -21.039521281677828 ], [ 55.410931367971457, -21.039887638079268 ], [ 55.410971568239731, -21.039736813744014 ], [ 55.41104900412283, -21.039647199522989 ], [ 55.411197150575248, -21.039637004241147 ], [ 55.411427802308062, -21.03975729319254 ], [ 55.411751980519874, -21.039899303215019 ], [ 55.4117593436048, -21.040135637687268 ], [ 55.411547067284609, -21.040375848622279 ], [ 55.411378211489385, -21.040245575153943 ], [ 55.41102936226843, -21.040103334637013 ], [ 55.410897049966117, -21.040016393198702 ], [ 55.410913679541444, -21.039954001957252 ], [ 55.410858876542243, -21.040020565401736 ], [ 55.410737559251551, -21.039993652543632 ], [ 55.410582856881902, -21.039785978575857 ], [ 55.410610625297586, -21.039756778018781 ], [ 55.410675772406279, -21.039616391035747 ] ] ], [ [ [ 55.409322797621662, -21.039649357791877 ], [ 55.409374105637369, -21.039553669933188 ], [ 55.409287796490638, -21.0396052454083 ], [ 55.409004536121472, -21.039413854690356 ], [ 55.409057040326893, -21.03929940483744 ], [ 55.409085439879597, -21.039117940191364 ], [ 55.409327278818857, -21.039140031299922 ], [ 55.409340513410307, -21.039316721512183 ], [ 55.409430803358028, -21.039381898715948 ], [ 55.409493889448719, -21.039482092462766 ], [ 55.409685280970095, -21.039514006788398 ], [ 55.409981104111239, -21.039373150797331 ], [ 55.410000569219669, -21.039434030197597 ], [ 55.410002539650343, -21.039466399443583 ], [ 55.409978263499454, -21.039498626110039 ], [ 55.409965832468629, -21.039526610588343 ], [ 55.409954873584482, -21.03956827939118 ], [ 55.40994554807466, -21.039608444122965 ], [ 55.409942734772073, -21.039644872306546 ], [ 55.409901053567182, -21.039684734309724 ], [ 55.409871514140129, -21.039723951133855 ], [ 55.409852531509927, -21.039759468349121 ], [ 55.409803477092893, -21.039862228614325 ], [ 55.409633339788812, -21.039826214487572 ], [ 55.409682400832608, -21.039854697587725 ], [ 55.409707321598127, -21.039906043145269 ], [ 55.409703151696107, -21.039967833241693 ], [ 55.409658232581506, -21.039980601992347 ], [ 55.40959417496564, -21.040059144309406 ], [ 55.409453091631114, -21.04003144396922 ], [ 55.409456565833977, -21.03998045084764 ], [ 55.409303496850931, -21.039959538525714 ], [ 55.409333095792427, -21.039753913651115 ], [ 55.409357554403087, -21.039730797677191 ], [ 55.409322797621662, -21.039649357791877 ] ], [ [ 55.409569584626794, -21.039721502535883 ], [ 55.409558163606199, -21.039702745208256 ], [ 55.409553569465274, -21.039727188885383 ], [ 55.409569584626794, -21.039721502535883 ] ] ], [ [ [ 55.410103755085508, -21.039836736723853 ], [ 55.41011606851356, -21.039785295126798 ], [ 55.410167839454516, -21.039712127009391 ], [ 55.410269662592974, -21.039727810538746 ], [ 55.410296766707447, -21.039761207081508 ], [ 55.410479393424318, -21.039924951184684 ], [ 55.410368397588073, -21.040034392108087 ], [ 55.410289167262796, -21.040031476748407 ], [ 55.410146078808893, -21.039914467851489 ], [ 55.410103755085508, -21.039836736723853 ] ] ], [ [ [ 55.409986984407723, -21.039515416957077 ], [ 55.410003953750362, -21.039489632017883 ], [ 55.410014169690264, -21.039657453370417 ], [ 55.409904918596617, -21.039881237457529 ], [ 55.409903827832068, -21.03988347105069 ], [ 55.409816490139839, -21.039864983497626 ], [ 55.40984640112169, -21.039803460443892 ], [ 55.409877760318949, -21.039745275079675 ], [ 55.409911497501341, -21.039691667302211 ], [ 55.409948219249578, -21.039661632875255 ], [ 55.409959664804177, -21.039650347531857 ], [ 55.409960764116974, -21.039623016712291 ], [ 55.409966036982354, -21.039583573739332 ], [ 55.409977813035965, -21.039541152905155 ], [ 55.409986984407723, -21.039515416957077 ] ] ], [ [ [ 55.410320371188675, -21.039722185780946 ], [ 55.410238421911714, -21.039527261042934 ], [ 55.410246503072329, -21.039430089080877 ], [ 55.410234760544796, -21.039263294950715 ], [ 55.410447057608671, -21.038862210670366 ], [ 55.410790441031622, -21.039133424104637 ], [ 55.410675772406279, -21.039616391035747 ], [ 55.410606656093009, -21.039760064141962 ], [ 55.410526956468622, -21.039783614839699 ], [ 55.410320371188675, -21.039722185780946 ] ] ], [ [ [ 55.410105791468311, -21.038766933337318 ], [ 55.410003375198613, -21.038821605002102 ], [ 55.410078367278615, -21.039042824869327 ], [ 55.410025260402428, -21.039056771822779 ], [ 55.409984303341574, -21.039171649822727 ], [ 55.409881704798941, -21.039147384758362 ], [ 55.409792873780837, -21.03902670638788 ], [ 55.409679452010472, -21.03895730046446 ], [ 55.409658166525169, -21.038868883139799 ], [ 55.409645826920141, -21.038696038521561 ], [ 55.409673288606015, -21.0386197786978 ], [ 55.410178982610667, -21.03862914289439 ], [ 55.410183032158578, -21.038712568088563 ], [ 55.410130229107786, -21.038730083252641 ], [ 55.410105791468311, -21.038766933337318 ] ] ], [ [ [ 55.421207021003212, -21.093710861311983 ], [ 55.421126140625404, -21.093843554535084 ], [ 55.421029050012571, -21.093934741957195 ], [ 55.420875807737758, -21.093855454414136 ], [ 55.420744230071776, -21.093787375176401 ], [ 55.42074046380877, -21.093764788345933 ], [ 55.420621131384941, -21.093686620284632 ], [ 55.420717690512141, -21.093456352640128 ], [ 55.420727277439688, -21.093423016240095 ], [ 55.420504244262041, -21.093377309912025 ], [ 55.420404182357359, -21.09337073869818 ], [ 55.420203531115703, -21.093028696493825 ], [ 55.420207833909203, -21.093000544618814 ], [ 55.42017839282537, -21.092943888277809 ], [ 55.420135114828867, -21.09287018877113 ], [ 55.420202168875598, -21.09277872206393 ], [ 55.42026585027584, -21.092707996170706 ], [ 55.420376226709664, -21.092605558556325 ], [ 55.420821337226307, -21.092745020459557 ], [ 55.420868009000444, -21.092687193132818 ], [ 55.421129692003142, -21.092749771047494 ], [ 55.421293176468282, -21.092818950890617 ], [ 55.421342522086285, -21.092887069119364 ], [ 55.421241359639083, -21.092929917602195 ], [ 55.420740304750389, -21.093080028486931 ], [ 55.420889286285075, -21.093156835728141 ], [ 55.420981161242707, -21.093069222929465 ], [ 55.421013940548271, -21.093090745699282 ], [ 55.421042346489202, -21.09309302451376 ], [ 55.421119989936116, -21.093099251146601 ], [ 55.421193821359815, -21.093124369987112 ], [ 55.421288770015543, -21.093188883127493 ], [ 55.421301273435319, -21.093217092116486 ], [ 55.421288890828052, -21.093413777723317 ], [ 55.421279763160086, -21.093546832717809 ], [ 55.421207021003212, -21.093710861311983 ] ] ], [ [ [ 55.421878349714433, -21.091967195544036 ], [ 55.421978441376623, -21.092041941740185 ], [ 55.421882474514625, -21.092233830998556 ], [ 55.421684661423427, -21.092342727582629 ], [ 55.421485900835101, -21.092541260323138 ], [ 55.421317350461301, -21.092539692436947 ], [ 55.421278411066595, -21.092502417566092 ], [ 55.42125277083813, -21.092270156570621 ], [ 55.421198147873262, -21.092121997541287 ], [ 55.421479567741116, -21.092077157586736 ], [ 55.421531803871687, -21.091919447123413 ], [ 55.421601735390034, -21.091734984797146 ], [ 55.421770984590268, -21.091793495622337 ], [ 55.421878349714433, -21.091967195544036 ] ] ], [ [ [ 55.421629999752504, -21.090861255976037 ], [ 55.421768456567456, -21.091030717025792 ], [ 55.421682239100178, -21.091217720652622 ], [ 55.421637273235405, -21.091533488623668 ], [ 55.42144125191173, -21.091565899420953 ], [ 55.421291365088983, -21.091522591278441 ], [ 55.421178473639685, -21.091612230805687 ], [ 55.420981166222219, -21.09157926184438 ], [ 55.420889407372741, -21.091563928592517 ], [ 55.420919614709895, -21.091436374931178 ], [ 55.421014879496454, -21.09138181279792 ], [ 55.421222547161847, -21.0911763484219 ], [ 55.421547964358872, -21.090915442078032 ], [ 55.421629999752504, -21.090861255976037 ] ] ], [ [ [ 55.421545058474806, -21.078696064817962 ], [ 55.421578877077849, -21.07868861190445 ], [ 55.421622300742406, -21.078675870974951 ], [ 55.421653682163438, -21.078658237761346 ], [ 55.421669173712779, -21.078638066617184 ], [ 55.421676358592556, -21.078620806330292 ], [ 55.421716461017034, -21.078621179315792 ], [ 55.421726436268216, -21.078701336147354 ], [ 55.421759731317316, -21.078743471341674 ], [ 55.421783472754512, -21.078786113856879 ], [ 55.42181603082571, -21.078837800915277 ], [ 55.421842216738519, -21.078890027595374 ], [ 55.421856107977526, -21.078933558575628 ], [ 55.421837496378721, -21.078949156213454 ], [ 55.421844275111312, -21.078974103383388 ], [ 55.421834065699876, -21.079021591604334 ], [ 55.421737016084094, -21.079018663800223 ], [ 55.42165003794873, -21.078981408445088 ], [ 55.421566744167947, -21.078901668056069 ], [ 55.421482371716145, -21.078821915789625 ], [ 55.42144441994612, -21.078738546719997 ], [ 55.421527662891883, -21.078714079222586 ], [ 55.42152510835529, -21.07870881631716 ], [ 55.421545058474806, -21.078696064817962 ] ] ], [ [ [ 55.421647619106182, -21.078629501572664 ], [ 55.421631484185333, -21.078650263812353 ], [ 55.421586132324798, -21.078664779861342 ], [ 55.421549728581994, -21.078675793027273 ], [ 55.421516654476484, -21.078691397921826 ], [ 55.421467818911125, -21.07859077393865 ], [ 55.421402845828517, -21.078582340630209 ], [ 55.421370776015827, -21.078547867726215 ], [ 55.421364926327421, -21.078528642560212 ], [ 55.421374996589201, -21.078506370518816 ], [ 55.421381404837518, -21.078472703598937 ], [ 55.421374858741693, -21.07844779109746 ], [ 55.421363654309751, -21.078434196975323 ], [ 55.421343706373129, -21.078424780575617 ], [ 55.421330701889886, -21.078402649774986 ], [ 55.421314408046364, -21.078396355750378 ], [ 55.421440117644323, -21.078355875795054 ], [ 55.421168944085558, -21.078140906708779 ], [ 55.421107230502678, -21.078092149575944 ], [ 55.421011070785674, -21.077923391825991 ], [ 55.42087229081784, -21.077758233639514 ], [ 55.420771874224805, -21.077589436161905 ], [ 55.420628034323322, -21.077500169374051 ], [ 55.420586721844657, -21.077379882594006 ], [ 55.420625507069566, -21.077336279928033 ], [ 55.420834988519637, -21.077258294505409 ], [ 55.420930700899532, -21.07729449875329 ], [ 55.420782873871637, -21.077234931657223 ], [ 55.420704361533836, -21.077199676881474 ], [ 55.420650272425561, -21.077176460020599 ], [ 55.420600308773999, -21.077140714822072 ], [ 55.420546440624094, -21.077118450258414 ], [ 55.420509206797355, -21.077113689287522 ], [ 55.420404552941058, -21.077055065677662 ], [ 55.420373853020777, -21.077047205750009 ], [ 55.420325271515559, -21.077039422357846 ], [ 55.420297228401402, -21.077009016380796 ], [ 55.420304134908115, -21.076899337803646 ], [ 55.420292560133298, -21.077053604997289 ], [ 55.420254199709156, -21.077207920031441 ], [ 55.420023331396244, -21.077250824670152 ], [ 55.419855385866882, -21.077244756223248 ], [ 55.419588024679946, -21.077107103056207 ], [ 55.419358252881281, -21.077046393126665 ], [ 55.419317016800946, -21.076868379607308 ], [ 55.419275217897052, -21.076847914434182 ], [ 55.419164772771587, -21.076745072005842 ], [ 55.41904443975622, -21.076493719788818 ], [ 55.419084139359491, -21.076423823710819 ], [ 55.419125433841081, -21.076399856589024 ], [ 55.419210607872856, -21.076173015374138 ], [ 55.419345351622276, -21.076193389655671 ], [ 55.419362116653801, -21.076212120663175 ], [ 55.419571970825956, -21.076184942420458 ], [ 55.419695569404603, -21.076150189005432 ], [ 55.419815506484362, -21.076106552675085 ], [ 55.419908271114686, -21.076147568081883 ], [ 55.420034819466267, -21.076154243746448 ], [ 55.420094702120636, -21.076149110435072 ], [ 55.420356439429206, -21.076353377590983 ], [ 55.41987216268749, -21.075975434105739 ], [ 55.419895551054999, -21.075902601062371 ], [ 55.419818705389964, -21.075940572122228 ], [ 55.419823228120329, -21.07599954283587 ], [ 55.419741422592665, -21.076046118582397 ], [ 55.419746048359293, -21.076095429458878 ], [ 55.419483050723564, -21.076183837921125 ], [ 55.419414581749791, -21.076196675687722 ], [ 55.419361309432603, -21.076172995431037 ], [ 55.419341217590024, -21.076126437387302 ], [ 55.419346614055577, -21.076086091162878 ], [ 55.419335410836489, -21.075945431507527 ], [ 55.419285511049623, -21.075823247952187 ], [ 55.419221332173286, -21.07578333855378 ], [ 55.419157556468782, -21.07568227495306 ], [ 55.419144648195896, -21.075637716865568 ], [ 55.419134380770409, -21.075588881861172 ], [ 55.419169124940112, -21.075533882876563 ], [ 55.419210823057718, -21.075511780002632 ], [ 55.419258226320203, -21.075506425953218 ], [ 55.419329846654726, -21.075503348836353 ], [ 55.419367694975548, -21.075471700121618 ], [ 55.419432687722576, -21.075509538546658 ], [ 55.419557731237212, -21.075575939383334 ], [ 55.419601651884939, -21.075617988718108 ], [ 55.419644914729481, -21.07563368174446 ], [ 55.419919722252516, -21.075634307424735 ], [ 55.419936096839145, -21.075357091550458 ], [ 55.419966263361111, -21.07529518016457 ], [ 55.420001684645918, -21.075247835536185 ], [ 55.420050180460528, -21.075164857271723 ], [ 55.420202763149938, -21.075165327367454 ], [ 55.420447252604859, -21.075264837883896 ], [ 55.420555073045982, -21.075279413424742 ], [ 55.420715802994849, -21.075491228265612 ], [ 55.420838865879993, -21.075821832430456 ], [ 55.420884243371098, -21.075899848184132 ], [ 55.420950555083493, -21.07596084450541 ], [ 55.420961887967678, -21.076006542244759 ], [ 55.420978485239758, -21.076051056862017 ], [ 55.420995056497482, -21.076098035440197 ], [ 55.421005839216839, -21.076135957865947 ], [ 55.421005335950646, -21.076183517384329 ], [ 55.421022306344881, -21.076214485056187 ], [ 55.421074728575469, -21.076292350422079 ], [ 55.421107182151246, -21.076339281641278 ], [ 55.421196786383476, -21.076442120482824 ], [ 55.421216325271786, -21.076464546032028 ], [ 55.421304030794545, -21.076535486966925 ], [ 55.421460805233188, -21.076571604019382 ], [ 55.421574112105844, -21.076617302642852 ], [ 55.421621871007872, -21.076639368242191 ], [ 55.421642686889378, -21.076670019337875 ], [ 55.421453253018385, -21.076880242231393 ], [ 55.42143847585244, -21.076897031731779 ], [ 55.421435704934147, -21.076915545302011 ], [ 55.421449154688162, -21.076943075649215 ], [ 55.421471318927786, -21.076958595470131 ], [ 55.421502878278332, -21.076979039851668 ], [ 55.421513793488081, -21.077002516995016 ], [ 55.421505002436959, -21.07702177941222 ], [ 55.421475585213308, -21.077042462366354 ], [ 55.421535207996129, -21.077024146084337 ], [ 55.421520302148842, -21.077091222954408 ], [ 55.421279979993372, -21.077182197262953 ], [ 55.421207297579038, -21.077200557258024 ], [ 55.421155801216614, -21.07721050406526 ], [ 55.421223139932536, -21.077203477774816 ], [ 55.421278290766317, -21.077192512598234 ], [ 55.421352046121839, -21.077156849891733 ], [ 55.421425700453483, -21.077130751262779 ], [ 55.421525951443932, -21.077095334933787 ], [ 55.421623321744924, -21.077067040472929 ], [ 55.421671924827862, -21.077052916846608 ], [ 55.421518095582655, -21.076965046542405 ], [ 55.421465609335776, -21.076930662887449 ], [ 55.421457883426527, -21.076911576543228 ], [ 55.421470484263764, -21.076886065301704 ], [ 55.421673586651217, -21.076670528025165 ], [ 55.421711283344685, -21.076687413532234 ], [ 55.421799710471191, -21.076763423940974 ], [ 55.421907076451419, -21.076867578422863 ], [ 55.421925833332772, -21.076879036876157 ], [ 55.421926297123356, -21.076879319405553 ], [ 55.422010472645923, -21.076876993861134 ], [ 55.422031029162284, -21.076876425729939 ], [ 55.422031042399126, -21.076875171666774 ], [ 55.422150628770034, -21.076867045506358 ], [ 55.422191289080864, -21.076863757042641 ], [ 55.422229558737655, -21.076864846322284 ], [ 55.422287775532759, -21.076900584681315 ], [ 55.422370193782314, -21.076938014063725 ], [ 55.422424682522184, -21.07695685218761 ], [ 55.422542316461261, -21.076988742811785 ], [ 55.422509005423422, -21.077035876353758 ], [ 55.422498143877242, -21.077085188669209 ], [ 55.422505310737108, -21.077176878020172 ], [ 55.422400050666155, -21.077190389390644 ], [ 55.422466727630216, -21.077239960004743 ], [ 55.422542222514984, -21.077325815060924 ], [ 55.422613240143775, -21.077347562745231 ], [ 55.422672337051786, -21.077347801302814 ], [ 55.422632715072091, -21.077425518889985 ], [ 55.422592239806008, -21.077478660551193 ], [ 55.422590511680667, -21.077515199275567 ], [ 55.422600841885895, -21.077554370293587 ], [ 55.422601773020759, -21.077593454849215 ], [ 55.422573187262671, -21.077629743022399 ], [ 55.422412560813413, -21.077714823145971 ], [ 55.422221064639949, -21.077802162505581 ], [ 55.42217744623143, -21.07782253197805 ], [ 55.422090443012792, -21.077822535996713 ], [ 55.422036021811998, -21.077817424940314 ], [ 55.421960963218304, -21.077780233635366 ], [ 55.421946235639638, -21.077798612543919 ], [ 55.422025673034405, -21.077829535015955 ], [ 55.422164093663199, -21.077845773513594 ], [ 55.422318042482587, -21.077860424636398 ], [ 55.422450697687388, -21.077785516817787 ], [ 55.422506033679952, -21.07773886987049 ], [ 55.422666869097917, -21.077690991344223 ], [ 55.422891218451014, -21.07757634918654 ], [ 55.422895815592838, -21.077654655728075 ], [ 55.42291062768038, -21.077728604829041 ], [ 55.422930529745258, -21.077750855625148 ], [ 55.4229589787276, -21.077772321387325 ], [ 55.422978390378354, -21.077797452764855 ], [ 55.423003222792047, -21.077857398963424 ], [ 55.423042847047476, -21.077944868899678 ], [ 55.423045374812993, -21.078003673809366 ], [ 55.423046764360592, -21.078079234314455 ], [ 55.423055231259582, -21.078121799764226 ], [ 55.423089757203257, -21.07814964147418 ], [ 55.423106901235329, -21.078171508013522 ], [ 55.423114319888114, -21.078193106230096 ], [ 55.42311466820837, -21.078220393678503 ], [ 55.423052809917571, -21.078304073370965 ], [ 55.422985611083412, -21.078375980364292 ], [ 55.422958995208582, -21.078436821463839 ], [ 55.422952563198699, -21.078507896649661 ], [ 55.42294188239363, -21.078578939574783 ], [ 55.422911770576611, -21.078638196649528 ], [ 55.422933652864593, -21.07862964125999 ], [ 55.422919956653146, -21.078731526471454 ], [ 55.422837026657895, -21.078884887788149 ], [ 55.422813517104906, -21.078944110103155 ], [ 55.422785634342418, -21.078999582812795 ], [ 55.422781482468523, -21.079050657508816 ], [ 55.422804312498272, -21.079096979604596 ], [ 55.422754930507324, -21.079143364902926 ], [ 55.422663903548887, -21.079178846857435 ], [ 55.422637392604585, -21.07918146840813 ], [ 55.422619080223051, -21.079179385896854 ], [ 55.422589594553223, -21.079174331539466 ], [ 55.42255923979603, -21.07916991676484 ], [ 55.422537540051799, -21.079175092394291 ], [ 55.422409526173517, -21.079153538307004 ], [ 55.422362635321903, -21.079156926037701 ], [ 55.4223261619018, -21.079138423364423 ], [ 55.422279655410598, -21.07910548659736 ], [ 55.422243131573339, -21.079091762803106 ], [ 55.422204734123952, -21.079081846156029 ], [ 55.422168086997516, -21.079060473855545 ], [ 55.422123619083145, -21.079046676170858 ], [ 55.422079884588769, -21.079040533542226 ], [ 55.422044188174851, -21.079044981875342 ], [ 55.421994252021406, -21.079047385495329 ], [ 55.42195631492789, -21.079054490356413 ], [ 55.421910527733552, -21.07904988227256 ], [ 55.421892526017984, -21.079034967573786 ], [ 55.421888669459918, -21.079014282254739 ], [ 55.421888941934569, -21.078988472971478 ], [ 55.421886169085894, -21.078961678771755 ], [ 55.421889456617315, -21.07893972119966 ], [ 55.421887672599311, -21.078915805078786 ], [ 55.422017773703807, -21.078729669464323 ], [ 55.421871330176678, -21.078918754128026 ], [ 55.4218520551835, -21.078862634363077 ], [ 55.42180266396695, -21.078777329791738 ], [ 55.421795309750287, -21.078750373747376 ], [ 55.421760772083118, -21.078705240690475 ], [ 55.421745703160568, -21.078685383294587 ], [ 55.421735109762963, -21.078603427662554 ], [ 55.421661938409741, -21.078599759894949 ], [ 55.421647619106182, -21.078629501572664 ] ], [ [ 55.42209668356459, -21.078471255260375 ], [ 55.422137378487506, -21.078358960424648 ], [ 55.422318042482587, -21.077860424636398 ], [ 55.42209668356459, -21.078471255260375 ] ], [ [ 55.421878180884747, -21.077178463453428 ], [ 55.421906829675699, -21.076998449072342 ], [ 55.421878042538061, -21.077174611395321 ], [ 55.421878180884747, -21.077178463453428 ] ], [ [ 55.420332550572233, -21.076391341356938 ], [ 55.420054521242385, -21.076591077134857 ], [ 55.420236748289362, -21.076722544244873 ], [ 55.42032740748563, -21.076571954474325 ], [ 55.420195661150373, -21.076507407653718 ], [ 55.420247427230002, -21.076453610210365 ], [ 55.420332550572233, -21.076391341356938 ] ], [ [ 55.420548855481357, -21.076274346562489 ], [ 55.420568790294155, -21.076314124646292 ], [ 55.420608026439645, -21.076288751974673 ], [ 55.420587251553265, -21.076255344363567 ], [ 55.420548855481357, -21.076274346562489 ] ], [ [ 55.422866872615593, -21.078655751006757 ], [ 55.422859271652875, -21.078658722781935 ], [ 55.422764768988024, -21.078701750298524 ], [ 55.422866872615593, -21.078655751006757 ] ] ], [ [ [ 55.421598702665086, -21.076591792699674 ], [ 55.42150324102235, -21.076553741213747 ], [ 55.421453782096954, -21.076538462528671 ], [ 55.421399744764308, -21.076529492349984 ], [ 55.421314764036339, -21.076511298860861 ], [ 55.421260040813721, -21.076466757501731 ], [ 55.421135869978514, -21.076334799883632 ], [ 55.42113445412523, -21.075758404061226 ], [ 55.42115420461402, -21.075533038112294 ], [ 55.421349589341574, -21.075403772238985 ], [ 55.421758012428604, -21.075193995194848 ], [ 55.421799972962567, -21.075267522061782 ], [ 55.42181584011675, -21.075312933121271 ], [ 55.421826060153172, -21.075351387737982 ], [ 55.421832695428201, -21.075419728156596 ], [ 55.421823534959358, -21.075508191766396 ], [ 55.4218189332788, -21.075545975608563 ], [ 55.421822766187013, -21.075580930157756 ], [ 55.421831540778712, -21.075658764289589 ], [ 55.421857769173698, -21.075736006465473 ], [ 55.4218642428838, -21.075790296338901 ], [ 55.421865058177474, -21.075791469178458 ], [ 55.421863903530088, -21.075791537028785 ], [ 55.421886453004966, -21.075822246669226 ], [ 55.421905246740742, -21.075894663826642 ], [ 55.421929128458139, -21.075917873999199 ], [ 55.42193864321834, -21.075951029611765 ], [ 55.421969726119066, -21.076031736810581 ], [ 55.421964074801053, -21.076078241299996 ], [ 55.421966083788824, -21.076154973720865 ], [ 55.421996553715182, -21.076235312992679 ], [ 55.422043326792256, -21.076295335949279 ], [ 55.422101786657272, -21.076334371493189 ], [ 55.422101786670567, -21.076334370959113 ], [ 55.422171269385316, -21.076380767359499 ], [ 55.422268410579441, -21.076479732838553 ], [ 55.422191872793192, -21.07651518131745 ], [ 55.422205142112432, -21.076511578566961 ], [ 55.422281350611222, -21.076491099235685 ], [ 55.42231367095323, -21.076491417768278 ], [ 55.422363172020752, -21.076500340068428 ], [ 55.42240834759783, -21.076496531668074 ], [ 55.422483179214304, -21.076475926532183 ], [ 55.422612033269623, -21.076452754976216 ], [ 55.422653069742246, -21.076438614017601 ], [ 55.422716585633822, -21.076403465235412 ], [ 55.422760044104571, -21.076379416769193 ], [ 55.422820505958704, -21.076331336806586 ], [ 55.422871120664304, -21.076277570262125 ], [ 55.422922058714157, -21.076250078319951 ], [ 55.422987854497386, -21.076230341965324 ], [ 55.423081746817701, -21.076231973193032 ], [ 55.423155470665435, -21.076274677074124 ], [ 55.423130687984518, -21.076337866692025 ], [ 55.423118219916411, -21.076407667271464 ], [ 55.423114763186291, -21.076483648863675 ], [ 55.423124161119219, -21.07659962703719 ], [ 55.423115307664716, -21.076630119716647 ], [ 55.42307512107223, -21.076629745405047 ], [ 55.423089184386221, -21.076735724024388 ], [ 55.423087161506594, -21.076834800993343 ], [ 55.422973872487077, -21.07687611671782 ], [ 55.422882756863729, -21.076897426158631 ], [ 55.42282105366354, -21.076923756649446 ], [ 55.422689929295267, -21.076978449614838 ], [ 55.42262421898171, -21.076981202759118 ], [ 55.422601539203484, -21.076977315518832 ], [ 55.422643062160702, -21.076884881853605 ], [ 55.42259520263466, -21.076986254403394 ], [ 55.422436843449063, -21.07693717119799 ], [ 55.422321767006736, -21.076896225200947 ], [ 55.422262371362912, -21.076859289859403 ], [ 55.422225407501386, -21.076842991201971 ], [ 55.422183630994098, -21.076837323906826 ], [ 55.42211361231449, -21.076849439259618 ], [ 55.422050397608082, -21.07685520170039 ], [ 55.421998251607249, -21.076854587661462 ], [ 55.421949171185886, -21.076850391618667 ], [ 55.421900144630754, -21.07681474402839 ], [ 55.421888488178013, -21.07680924021864 ], [ 55.421814629495593, -21.076745134439108 ], [ 55.421724863545556, -21.076660473320974 ], [ 55.421704246157816, -21.076644293153748 ], [ 55.421681760304608, -21.076631799140657 ], [ 55.421598702665086, -21.076591792699674 ] ], [ [ 55.421896619206166, -21.07589826455386 ], [ 55.421882076511153, -21.07590667582781 ], [ 55.421905246740742, -21.075894663826642 ], [ 55.421896619206166, -21.07589826455386 ] ], [ [ 55.421540489828871, -21.075943878137267 ], [ 55.421540493537464, -21.075943881285877 ], [ 55.421540470048782, -21.0759438582173 ], [ 55.421540489828871, -21.075943878137267 ] ], [ [ 55.421769567462384, -21.075964624713325 ], [ 55.421749033932286, -21.075963118555585 ], [ 55.421718008841552, -21.075960273691408 ], [ 55.421691032554463, -21.075957799793162 ], [ 55.421830429779462, -21.075971523730974 ], [ 55.421769567462384, -21.075964624713325 ] ], [ [ 55.421882070234325, -21.075906679458228 ], [ 55.421874047577099, -21.075911319641335 ], [ 55.421858639614619, -21.07592360397993 ], [ 55.421882070234325, -21.075906679458228 ] ], [ [ 55.422928587984288, -21.076437267792922 ], [ 55.422887612747068, -21.076518226256077 ], [ 55.422887612742123, -21.076518226642431 ], [ 55.422928587984288, -21.076437267792922 ] ] ], [ [ [ 55.420852900420527, -21.07578523210443 ], [ 55.420841711413331, -21.075727010531022 ], [ 55.420820030576614, -21.075651625271934 ], [ 55.420767002430559, -21.075523004061566 ], [ 55.420728373964167, -21.075442394477932 ], [ 55.420699470784079, -21.075391020382099 ], [ 55.420715103568035, -21.075329757666946 ], [ 55.420710456973083, -21.075191095713194 ], [ 55.420848275263808, -21.075154314826353 ], [ 55.420893543342764, -21.075326413745753 ], [ 55.420981436290354, -21.075536451321135 ], [ 55.421047508014524, -21.075878782899004 ], [ 55.421111935887552, -21.076139125524545 ], [ 55.421135869978514, -21.076334799883632 ], [ 55.421110132006419, -21.076309932843074 ], [ 55.421053889650338, -21.076205667308162 ], [ 55.421039451272705, -21.076156391612308 ], [ 55.421027546489164, -21.076103239938593 ], [ 55.421004863445638, -21.076047647531738 ], [ 55.420989659551353, -21.075992124708939 ], [ 55.420978536813273, -21.075943660309566 ], [ 55.420947622157854, -21.075913777833424 ], [ 55.420898118205791, -21.075868071800688 ], [ 55.420872572131664, -21.075829421243206 ], [ 55.420852900420527, -21.07578523210443 ] ] ], [ [ [ 55.421889800785088, -21.075762386232583 ], [ 55.421881842976426, -21.075709195426217 ], [ 55.42186779949521, -21.075655947127121 ], [ 55.421861065061691, -21.075602195906178 ], [ 55.421847519514003, -21.075571343261444 ], [ 55.421846706151143, -21.075532696997165 ], [ 55.421856891245582, -21.075475811477745 ], [ 55.421862365069408, -21.075411383846443 ], [ 55.421857936754357, -21.075376853732028 ], [ 55.421850395816065, -21.075344621577496 ], [ 55.421839089192027, -21.075298419181276 ], [ 55.421823428361868, -21.075248140346275 ], [ 55.421795390438866, -21.075199645154605 ], [ 55.421765952749332, -21.075148456848201 ], [ 55.421705082014135, -21.075070090377032 ], [ 55.421656371601919, -21.075002274618438 ], [ 55.42166369663984, -21.07495685792021 ], [ 55.421671020710022, -21.074911441212187 ], [ 55.421704941079639, -21.074791607681711 ], [ 55.42165147816057, -21.074781796563261 ], [ 55.421543401195031, -21.074893365329714 ], [ 55.421458881593324, -21.074825381781853 ], [ 55.42140226863804, -21.074779300853056 ], [ 55.421366443600611, -21.074750452230127 ], [ 55.421331116750927, -21.074700946128711 ], [ 55.421328670709535, -21.074660348002034 ], [ 55.421351094429987, -21.074653903764972 ], [ 55.42137529936285, -21.074637542491832 ], [ 55.421389022553477, -21.074609806009978 ], [ 55.421407868071135, -21.074565530757479 ], [ 55.421447826033997, -21.074530076584278 ], [ 55.421477403370965, -21.07451159011357 ], [ 55.421503346001842, -21.074493440186199 ], [ 55.421539777326537, -21.074457290166414 ], [ 55.421595585332916, -21.074393455309576 ], [ 55.42165605339072, -21.07435686577621 ], [ 55.421693800243176, -21.074330015694571 ], [ 55.421753014717353, -21.074278155000599 ], [ 55.421814119973384, -21.074248205174602 ], [ 55.421853811692614, -21.074237958650833 ], [ 55.421899024888972, -21.074240369024288 ], [ 55.421946895378149, -21.074258727485823 ], [ 55.421983620774832, -21.074261721942246 ], [ 55.421969833568411, -21.074325082277579 ], [ 55.422026754590107, -21.074427238304697 ], [ 55.422028864567039, -21.074422094652355 ], [ 55.422068441303161, -21.074314227250017 ], [ 55.422191619829796, -21.074252235262527 ], [ 55.42228549557931, -21.07423506810737 ], [ 55.422353426231865, -21.074254812514539 ], [ 55.422359884401054, -21.074310681210225 ], [ 55.422370635935494, -21.074337536934049 ], [ 55.422397488461868, -21.074362751072972 ], [ 55.422420789218258, -21.074377706823345 ], [ 55.422557940012844, -21.074452345918793 ], [ 55.422772025638011, -21.074573316605491 ], [ 55.42281012730529, -21.074605239259363 ], [ 55.422831238949399, -21.074633854210912 ], [ 55.422851759688555, -21.074669129130395 ], [ 55.422869767092543, -21.074705546854759 ], [ 55.422884485991126, -21.074753093405242 ], [ 55.422897434178708, -21.074785210468296 ], [ 55.422904582135629, -21.0748368355287 ], [ 55.42290270487625, -21.07489573862992 ], [ 55.422900229618726, -21.074956133847561 ], [ 55.422895840636237, -21.075023415214126 ], [ 55.422893712735643, -21.075082082932894 ], [ 55.422899889306805, -21.075258186543945 ], [ 55.422903463913762, -21.075302871755088 ], [ 55.42290474801522, -21.075351933855888 ], [ 55.422908085538083, -21.075479585094484 ], [ 55.422903814281391, -21.075517091124723 ], [ 55.422900952412974, -21.075549995284863 ], [ 55.422871439233013, -21.075621696981916 ], [ 55.422873306282682, -21.075666769196271 ], [ 55.422875035427374, -21.075740059262529 ], [ 55.422809354133229, -21.075799321501083 ], [ 55.42282225580778, -21.075953905018093 ], [ 55.422871095829251, -21.076040805730717 ], [ 55.422927600164911, -21.076103658605309 ], [ 55.422895495788154, -21.076218720875627 ], [ 55.4228164446656, -21.076291460768154 ], [ 55.422763221605258, -21.076338950402459 ], [ 55.422667556178133, -21.07639755089874 ], [ 55.422605253521617, -21.076426622688818 ], [ 55.422526392191344, -21.076446326868286 ], [ 55.422477066210106, -21.076454741495724 ], [ 55.422411924404734, -21.076474142274161 ], [ 55.422356882978455, -21.076475956609514 ], [ 55.422284438232012, -21.076469285216987 ], [ 55.422256107951881, -21.076429125741829 ], [ 55.422227738624926, -21.076392485160472 ], [ 55.422193119029345, -21.076355787369138 ], [ 55.422172961230331, -21.076338553765218 ], [ 55.422119970682914, -21.076297608563483 ], [ 55.42208257858762, -21.076286700414389 ], [ 55.422041598304574, -21.076260503043855 ], [ 55.422019455513869, -21.076226268004607 ], [ 55.421997564209967, -21.07616091296849 ], [ 55.42200053760768, -21.076032937442392 ], [ 55.42197455870167, -21.075919099460052 ], [ 55.421938411004589, -21.075884494816673 ], [ 55.42191653753531, -21.075823748579847 ], [ 55.421889800785088, -21.075762386232583 ] ], [ [ 55.422176538744523, -21.074770722751353 ], [ 55.422100358748629, -21.074639757584649 ], [ 55.421980891403486, -21.074539114808573 ], [ 55.422176538744523, -21.074770722751353 ] ], [ [ 55.422437723810646, -21.075235544279476 ], [ 55.422483901819945, -21.075206744486881 ], [ 55.422539058978209, -21.075298268377466 ], [ 55.422579004816555, -21.075298772996806 ], [ 55.422531160501762, -21.075248098778733 ], [ 55.422522831563548, -21.075168674476856 ], [ 55.422523018414068, -21.075102711734608 ], [ 55.422531469919704, -21.075069086311043 ], [ 55.422356937644949, -21.075123151626034 ], [ 55.422437723810646, -21.075235544279476 ] ], [ [ 55.42265867482616, -21.075008265079088 ], [ 55.422857444115763, -21.075051151014826 ], [ 55.422793470419982, -21.074996590650436 ], [ 55.422543075597972, -21.075018276893903 ], [ 55.42265867482616, -21.075008265079088 ] ] ], [ [ [ 55.41928919031934, -21.075205264103776 ], [ 55.419323824715079, -21.075036375960359 ], [ 55.41941905553437, -21.074988507235656 ], [ 55.419457991828637, -21.07484618723684 ], [ 55.419439136514171, -21.074743484347568 ], [ 55.419423835022101, -21.074616416410823 ], [ 55.419260869660349, -21.074495778657273 ], [ 55.41926634220232, -21.074331164306972 ], [ 55.419573731019909, -21.074207899093306 ], [ 55.419947923828332, -21.074075847343536 ], [ 55.420512449509815, -21.074220036735181 ], [ 55.420538409444731, -21.074367886692073 ], [ 55.420563930789797, -21.074732727069012 ], [ 55.420596756696995, -21.074862440306589 ], [ 55.420613732194695, -21.074985103916926 ], [ 55.420369244752514, -21.075052222825533 ], [ 55.420067243925203, -21.074973328530056 ], [ 55.420034075348724, -21.075113238186415 ], [ 55.419988793205619, -21.075146292947167 ], [ 55.41991139226009, -21.07527700527541 ], [ 55.41958337444958, -21.075112627047268 ], [ 55.419524547740565, -21.075137173827166 ], [ 55.419501711271295, -21.075190752696237 ], [ 55.419523454961038, -21.075254478873564 ], [ 55.419407086742581, -21.075433155525047 ], [ 55.419379084633661, -21.075432415985023 ], [ 55.419327422686777, -21.075418567795264 ], [ 55.419336886743196, -21.075318276702927 ], [ 55.41928919031934, -21.075205264103776 ] ], [ [ 55.420059270825462, -21.074913360967948 ], [ 55.420057446756388, -21.074899638208947 ], [ 55.419947923828332, -21.074075847343536 ], [ 55.420059270825462, -21.074913360967948 ] ], [ [ 55.419848569043182, -21.074882540741299 ], [ 55.419734696279704, -21.074865884120058 ], [ 55.420059270825462, -21.074913360967948 ], [ 55.419848569043182, -21.074882540741299 ] ] ], [ [ [ 55.42092834114586, -21.074651271778286 ], [ 55.420948179980343, -21.074594696546175 ], [ 55.421000891978466, -21.074548747360083 ], [ 55.421036509533195, -21.074523596605935 ], [ 55.421083793237926, -21.07451412908733 ], [ 55.421130665010658, -21.074538475501654 ], [ 55.421208326418771, -21.074585567993054 ], [ 55.421266553516226, -21.074627243240389 ], [ 55.421296622960682, -21.0746580409633 ], [ 55.421312336418502, -21.074703951963613 ], [ 55.421341324032767, -21.074752260944983 ], [ 55.421401995164743, -21.074806387401498 ], [ 55.421493159100834, -21.074872554810145 ], [ 55.421545734879842, -21.074916534121531 ], [ 55.421599970927566, -21.074967251224709 ], [ 55.421706828342643, -21.075100947120301 ], [ 55.421756206598928, -21.075186917297923 ], [ 55.421349702114412, -21.075393182988577 ], [ 55.421260862270827, -21.075266122115941 ], [ 55.421182053321893, -21.07518467003954 ], [ 55.421160093072544, -21.075140745989934 ], [ 55.421119257805955, -21.075136130527682 ], [ 55.421064561804037, -21.074995287579291 ], [ 55.42103481135738, -21.07493091076876 ], [ 55.421026910205129, -21.074884324495507 ], [ 55.420974977057675, -21.07480721522731 ], [ 55.420930545563039, -21.074702891539886 ], [ 55.42092834114586, -21.074651271778286 ] ] ], [ [ [ 55.420968148251646, -21.074214292774599 ], [ 55.420960010942593, -21.07418405765949 ], [ 55.420947138756645, -21.073961709628367 ], [ 55.421079602273991, -21.073930646242488 ], [ 55.421118818881133, -21.073916902404019 ], [ 55.421347965694551, -21.073882028364729 ], [ 55.421393033580379, -21.073815512033192 ], [ 55.421507270729585, -21.073693219706154 ], [ 55.421585471126214, -21.073743197651858 ], [ 55.421662992037191, -21.073766470373791 ], [ 55.421687653224637, -21.073794029982562 ], [ 55.421751516616709, -21.073901383202141 ], [ 55.421799239851183, -21.073998417860718 ], [ 55.421841947760655, -21.074057277532095 ], [ 55.421856310803193, -21.074103489379461 ], [ 55.42185992202473, -21.074135192696204 ], [ 55.421871739672817, -21.074213578141222 ], [ 55.421823532144714, -21.074227062407378 ], [ 55.421741874701993, -21.07426212892134 ], [ 55.421677670028934, -21.074317924053769 ], [ 55.421612191734873, -21.074360438725346 ], [ 55.421575180171054, -21.074384641727281 ], [ 55.421545593159124, -21.074353544126989 ], [ 55.421476950013385, -21.074291266264463 ], [ 55.421285606225915, -21.07425563534763 ], [ 55.421244839455241, -21.074221404036834 ], [ 55.421235689971724, -21.074235069879247 ], [ 55.421277851576292, -21.07427100333944 ], [ 55.421469884048314, -21.074301294935715 ], [ 55.421536385719186, -21.074359938777466 ], [ 55.421568006982731, -21.07439452578058 ], [ 55.421527930026663, -21.074441257495995 ], [ 55.421502206468496, -21.074467555433866 ], [ 55.421469197276565, -21.074495698797577 ], [ 55.421438476634741, -21.074516188091167 ], [ 55.421414924771149, -21.074537056597929 ], [ 55.421386933226479, -21.074569238299862 ], [ 55.421372809981058, -21.074597493168792 ], [ 55.421358720013089, -21.074622504591975 ], [ 55.421344767051764, -21.074634539563394 ], [ 55.421324826855674, -21.074640843403056 ], [ 55.421291455062111, -21.074609713264778 ], [ 55.421130995705155, -21.074502784643531 ], [ 55.421071335938322, -21.074478126860178 ], [ 55.421071002290752, -21.074477551063506 ], [ 55.420999123567164, -21.074353408358515 ], [ 55.420975271036603, -21.074242811212141 ], [ 55.421149948869271, -21.074121583699611 ], [ 55.421167566138294, -21.074169018223323 ], [ 55.421149319533271, -21.074119571613892 ], [ 55.420968148251646, -21.074214292774599 ] ] ], [ [ [ 55.421885927770504, -21.074133574605096 ], [ 55.421885122054, -21.074089094886972 ], [ 55.421858384086143, -21.074039636231991 ], [ 55.42181055349301, -21.073952768147333 ], [ 55.421781490634345, -21.073883867792624 ], [ 55.421803422304549, -21.07385865283074 ], [ 55.421988073320883, -21.073772809103684 ], [ 55.422058205377915, -21.073758202567813 ], [ 55.422148994543697, -21.073728528571625 ], [ 55.422267183875356, -21.073876638653296 ], [ 55.422342158182943, -21.073924200659899 ], [ 55.422341732051052, -21.074184676281671 ], [ 55.422269768730658, -21.074181827670397 ], [ 55.422201311963903, -21.074176831960635 ], [ 55.422109288764709, -21.074204313927591 ], [ 55.422031243826318, -21.074227565568137 ], [ 55.421983548431619, -21.07423583988399 ], [ 55.42194299167695, -21.074227834421858 ], [ 55.421909539093292, -21.074206816107292 ], [ 55.4218889387774, -21.074178287103816 ], [ 55.421885927770504, -21.074133574605096 ] ] ], [ [ [ 55.421907312494511, -21.073789971587676 ], [ 55.421784196974855, -21.073839365630384 ], [ 55.421744256142645, -21.073835110940493 ], [ 55.421718179658605, -21.073800036262337 ], [ 55.421696808259618, -21.073758314582179 ], [ 55.421637010889043, -21.073732851789224 ], [ 55.421590691923655, -21.073718693576268 ], [ 55.421544456137639, -21.073692189805232 ], [ 55.421507627526218, -21.073654316943159 ], [ 55.421610554330755, -21.073509235646679 ], [ 55.421642700750468, -21.073456769155669 ], [ 55.42164882968364, -21.073402119522139 ], [ 55.421664573926748, -21.073356676320746 ], [ 55.421758463832937, -21.073270280555889 ], [ 55.421781417211321, -21.073188375776397 ], [ 55.421748832924983, -21.073140188794717 ], [ 55.421752275583287, -21.073096132480259 ], [ 55.421840974272335, -21.073032335954476 ], [ 55.421907738832665, -21.072977307937187 ], [ 55.421912229880093, -21.072943700816474 ], [ 55.421947175466258, -21.072898730579364 ], [ 55.421945949722506, -21.072838055273774 ], [ 55.421936938629052, -21.072787190604892 ], [ 55.421905706372691, -21.072720871610013 ], [ 55.421922321829769, -21.072686605794207 ], [ 55.421964976005313, -21.07264912241876 ], [ 55.421987512698273, -21.072604035897054 ], [ 55.42197693446866, -21.072561230366908 ], [ 55.422022323640896, -21.072537068093933 ], [ 55.422063723294571, -21.07253446665564 ], [ 55.422123711597408, -21.072579830784335 ], [ 55.422180171912196, -21.072658019686791 ], [ 55.422236821363853, -21.072718288830913 ], [ 55.422299803029745, -21.072781603131855 ], [ 55.422279923179651, -21.072856096079391 ], [ 55.422380019426967, -21.073021316233401 ], [ 55.422404846812022, -21.073081288644357 ], [ 55.422406899976373, -21.073261954464542 ], [ 55.422468194226639, -21.073496000486891 ], [ 55.422398860234168, -21.07355128124814 ], [ 55.422218974167556, -21.073658593344323 ], [ 55.422145076726352, -21.073711920184465 ], [ 55.422027197614952, -21.073749289567061 ], [ 55.421977576626063, -21.073762760745335 ], [ 55.421907312494511, -21.073789971587676 ] ], [ [ 55.422070685189482, -21.073561364588279 ], [ 55.422156912461595, -21.073492474701425 ], [ 55.422156912543819, -21.073492474584551 ], [ 55.422070685189482, -21.073561364588279 ] ] ], [ [ [ 55.420922770342635, -21.07342172088099 ], [ 55.42086529888671, -21.073368418055104 ], [ 55.420914764052178, -21.073321215590354 ], [ 55.420969471344144, -21.073292787306631 ], [ 55.421035257061952, -21.073245736635521 ], [ 55.421076797548182, -21.073192176131048 ], [ 55.421129321419912, -21.073096817263291 ], [ 55.421157159061302, -21.073024682956969 ], [ 55.421169073840517, -21.072938880825074 ], [ 55.421181294883347, -21.07291421605218 ], [ 55.421193590357419, -21.072851237552403 ], [ 55.421154190996504, -21.072802564331948 ], [ 55.421153007026668, -21.072742976097064 ], [ 55.421217266029061, -21.072668676607105 ], [ 55.421287255651819, -21.072798870014619 ], [ 55.421302529624818, -21.072837989522245 ], [ 55.421352640397551, -21.072901437366085 ], [ 55.421364309834665, -21.072998571280163 ], [ 55.421405388868806, -21.07305853147043 ], [ 55.421397595981048, -21.073109526217237 ], [ 55.42135653392149, -21.073219787854125 ], [ 55.421403789632862, -21.073210013742276 ], [ 55.421437921349842, -21.073240971158352 ], [ 55.421371272261432, -21.073369719351852 ], [ 55.421358007137528, -21.073460094998321 ], [ 55.421260569788117, -21.073547191907778 ], [ 55.421244502141775, -21.073632456789817 ], [ 55.421147760517897, -21.073653557699235 ], [ 55.421073532228455, -21.073571216914107 ], [ 55.420894354030999, -21.073529584335791 ], [ 55.420922770342635, -21.07342172088099 ] ] ], [ [ [ 55.419100516777512, -21.044157666517727 ], [ 55.419014582133549, -21.0438899788256 ], [ 55.41902169043729, -21.043826040510094 ], [ 55.41910845589063, -21.043771296420534 ], [ 55.419251152661658, -21.043779869347407 ], [ 55.419330478494956, -21.044064402592547 ], [ 55.419303823108642, -21.044152312515308 ], [ 55.419183958621851, -21.044174142230919 ], [ 55.419100516777512, -21.044157666517727 ] ] ], [ [ [ 55.416394535010724, -21.043541282144297 ], [ 55.416386639845683, -21.043473975768585 ], [ 55.41636480716118, -21.043420413322192 ], [ 55.416330835554618, -21.043394403183783 ], [ 55.416274126034622, -21.043361584303291 ], [ 55.416196605516092, -21.04332808997588 ], [ 55.416159226440939, -21.043307573546397 ], [ 55.416125663571037, -21.043267759300321 ], [ 55.416126557485228, -21.043267301528452 ], [ 55.416100070987262, -21.0432440132113 ], [ 55.4160768687237, -21.043223613552069 ], [ 55.416037650951118, -21.04319790945657 ], [ 55.416011926106805, -21.043176117772102 ], [ 55.415991910205442, -21.04315567102357 ], [ 55.415991595978177, -21.043121790645159 ], [ 55.415983961488351, -21.043052235659228 ], [ 55.415977284929291, -21.043017016896542 ], [ 55.415957445390163, -21.042976714494557 ], [ 55.415942862026526, -21.042939353462359 ], [ 55.415936525497159, -21.042913652351274 ], [ 55.415915624403553, -21.042890295936928 ], [ 55.415892194327789, -21.042862058888264 ], [ 55.415882717553728, -21.042822224339687 ], [ 55.415870432985173, -21.042788039967206 ], [ 55.415866972203041, -21.042751358020908 ], [ 55.41586377689142, -21.042741520176932 ], [ 55.415830115481128, -21.042700943478607 ], [ 55.41580584583447, -21.042681675611068 ], [ 55.4157543326574, -21.04263984218699 ], [ 55.415642656456491, -21.042541239843636 ], [ 55.415590410756231, -21.042490165989172 ], [ 55.41554916736434, -21.042438677114639 ], [ 55.415521058142239, -21.042392990661881 ], [ 55.415513138231105, -21.042367261225319 ], [ 55.415497488100549, -21.042369084497743 ], [ 55.415506148389646, -21.042399045582822 ], [ 55.415533201597455, -21.042440594100288 ], [ 55.415577700356408, -21.042496241422366 ], [ 55.415634855905822, -21.042550975170343 ], [ 55.415718203436818, -21.042624535828182 ], [ 55.415789484957251, -21.042688287011199 ], [ 55.415819548871568, -21.042712201287344 ], [ 55.41584398453719, -21.042741335665191 ], [ 55.415849912196599, -21.042752747241657 ], [ 55.415852953674012, -21.042777037391623 ], [ 55.41585553411452, -21.042793063447462 ], [ 55.415867829609475, -21.042826214544888 ], [ 55.415876799717822, -21.042861916279353 ], [ 55.415897123170829, -21.042890123466236 ], [ 55.415921939051017, -21.042918065406891 ], [ 55.415928302773992, -21.042941286303773 ], [ 55.415938534131506, -21.042973642218445 ], [ 55.41595150899758, -21.042996511030886 ], [ 55.415963135694334, -21.043021848646486 ], [ 55.415970866404379, -21.043082305565925 ], [ 55.41597971441594, -21.043162212868779 ], [ 55.415999078929367, -21.043182475596105 ], [ 55.415939443788261, -21.0431639132585 ], [ 55.415818815091811, -21.043166978228019 ], [ 55.415710402237082, -21.043203446400767 ], [ 55.415430231557828, -21.042956306533995 ], [ 55.415343671988765, -21.042855847963498 ], [ 55.415228817921765, -21.042746230664594 ], [ 55.41513709098696, -21.042616099114714 ], [ 55.415061775960162, -21.042359624884924 ], [ 55.415070011176361, -21.042247264071072 ], [ 55.415189627413376, -21.042261607623388 ], [ 55.41520908885947, -21.042197853397212 ], [ 55.415213116843468, -21.042039155483323 ], [ 55.415262778999093, -21.042006548727755 ], [ 55.415344707605307, -21.042031564597945 ], [ 55.41541984833929, -21.042032264374182 ], [ 55.415554713447307, -21.042159188400365 ], [ 55.415598441645152, -21.042243373784551 ], [ 55.415663071120825, -21.042349800025679 ], [ 55.4157345746506, -21.042437938843587 ], [ 55.415763813704835, -21.042543828248839 ], [ 55.415870105463092, -21.042564843561653 ], [ 55.41587955915125, -21.04265188808764 ], [ 55.415914478516036, -21.042711170344521 ], [ 55.415961904846192, -21.042738401683561 ], [ 55.415988589789542, -21.042832707689783 ], [ 55.416322506451252, -21.04294348191041 ], [ 55.416494406100966, -21.043003442634259 ], [ 55.416879472589557, -21.043076765476318 ], [ 55.416907286135981, -21.043149017814613 ], [ 55.416771097313543, -21.04358134864723 ], [ 55.416696445485037, -21.043580652175844 ], [ 55.416641950707422, -21.043599260990309 ], [ 55.416572954132683, -21.04359861806326 ], [ 55.416513140925836, -21.043585315992576 ], [ 55.416433215581982, -21.04354846526568 ], [ 55.416394535010724, -21.043541282144297 ] ] ], [ [ [ 55.421581738001308, -21.023598624717348 ], [ 55.421561962338529, -21.023554236075714 ], [ 55.421678794607146, -21.023217331326538 ], [ 55.421855181211207, -21.023240440784093 ], [ 55.42185122733796, -21.023147013978292 ], [ 55.421693273756247, -21.023093602567808 ], [ 55.421691189198128, -21.023117886672079 ], [ 55.42169112367737, -21.023118353073247 ], [ 55.42169094177941, -21.023118999055541 ], [ 55.421614779425155, -21.023325962244702 ], [ 55.421614686555124, -21.02332619353238 ], [ 55.421540936887013, -21.023495873430438 ], [ 55.421540561163717, -21.023496561875394 ], [ 55.421445022647376, -21.023639979095424 ], [ 55.421445997992208, -21.023724878134971 ], [ 55.421539170639704, -21.023883372603031 ], [ 55.421539474817244, -21.023883996900977 ], [ 55.421575179956214, -21.023975228902884 ], [ 55.421575375935397, -21.023975895555164 ], [ 55.421575461058211, -21.023976582857824 ], [ 55.421575433571853, -21.023977274535081 ], [ 55.421575293657014, -21.02397795342581 ], [ 55.421562421029378, -21.024021997474911 ], [ 55.421553136121076, -21.024054241515859 ], [ 55.42155288770153, -21.024054900429963 ], [ 55.421552532958209, -21.024055514998484 ], [ 55.421552080691647, -21.024056071753499 ], [ 55.421551543569279, -21.024056555456401 ], [ 55.421411740911978, -21.024163923628404 ], [ 55.421258449009329, -21.024336583850634 ], [ 55.421163649654545, -21.024487109508566 ], [ 55.42112858112651, -21.024598706206067 ], [ 55.421128346923425, -21.024599293890223 ], [ 55.420933214752196, -21.025003247836182 ], [ 55.420932976431189, -21.025003678306526 ], [ 55.420932606461278, -21.025004185238657 ], [ 55.420855347260257, -21.02509578562103 ], [ 55.420854900815854, -21.025096245774172 ], [ 55.420478159790285, -21.025434547580367 ], [ 55.420294159201816, -21.025645209931231 ], [ 55.420293527652035, -21.025645797535724 ], [ 55.420293174830562, -21.025646046280176 ], [ 55.420235348746665, -21.025682905903086 ], [ 55.420235010907028, -21.025683102394886 ], [ 55.420234412548396, -21.025683370537386 ], [ 55.420164015917649, -21.025709446214456 ], [ 55.420161504331503, -21.025711048829216 ], [ 55.420096992420646, -21.0257522191852 ], [ 55.420007116274924, -21.025833429509472 ], [ 55.420006859642527, -21.025833680050368 ], [ 55.419926944351133, -21.025917952045475 ], [ 55.419926628474983, -21.02591825533073 ], [ 55.419732519230443, -21.026087808482153 ], [ 55.419725966882787, -21.026081195011585 ], [ 55.419919910081497, -21.025911786659943 ], [ 55.41999992644876, -21.025827418050341 ], [ 55.420000184043147, -21.025827167518404 ], [ 55.420090614932583, -21.025745445661396 ], [ 55.420091246322187, -21.025744964646268 ], [ 55.420156096270901, -21.025703578833145 ], [ 55.420159048582001, -21.025701693965392 ], [ 55.420159389326813, -21.025701495694125 ], [ 55.420159987676108, -21.025701228455116 ], [ 55.42023038623698, -21.025675151894156 ], [ 55.420287194343231, -21.025638939518711 ], [ 55.420470905699361, -21.025428608711717 ], [ 55.42047129956066, -21.025428208592729 ], [ 55.420848011438494, -21.025089933629989 ], [ 55.420924697787882, -21.024999011733776 ], [ 55.421119448352314, -21.024595849164278 ], [ 55.421154592499079, -21.024484015601619 ], [ 55.42115470157102, -21.024483707683718 ], [ 55.421155065040324, -21.024482995640195 ], [ 55.421250365374618, -21.024331673406127 ], [ 55.421250811289745, -21.024331080460833 ], [ 55.421404664022319, -21.024157786814477 ], [ 55.421405288722823, -21.024157209077966 ], [ 55.421544252394931, -21.024050485310415 ], [ 55.421553138884519, -21.024019623243241 ], [ 55.421565608313145, -21.023976958413929 ], [ 55.421530571137453, -21.023887436245573 ], [ 55.421436989244143, -21.023728246041937 ], [ 55.421436666379293, -21.023727569178632 ], [ 55.421436465161683, -21.023726851892455 ], [ 55.421436391163503, -21.023726113204578 ], [ 55.4214353864215, -21.023638707218321 ], [ 55.421435433463202, -21.023638077147414 ], [ 55.421435572731511, -21.023637459675601 ], [ 55.421435803131274, -21.023636867438988 ], [ 55.421436118795512, -21.023636309416187 ], [ 55.421532186136858, -21.023492100394105 ], [ 55.421605683307405, -21.023323010725417 ], [ 55.421605776177444, -21.023322779437741 ], [ 55.421681649456985, -21.023116591316782 ], [ 55.421683894234562, -21.023090430726278 ], [ 55.42063803885096, -21.022736770981279 ], [ 55.42063324749212, -21.022735151118383 ], [ 55.420506189701456, -21.02285734728806 ], [ 55.420506114877533, -21.022857417954253 ], [ 55.420505882843187, -21.022857617236333 ], [ 55.420505637483892, -21.022857802845074 ], [ 55.420505379790214, -21.022857972079738 ], [ 55.42050511166704, -21.022858126764653 ], [ 55.420504832190488, -21.022858263278 ], [ 55.420504543274959, -21.022858382540871 ], [ 55.42050424781592, -21.022858483676853 ], [ 55.420503945813373, -21.022858566685933 ], [ 55.420503639200781, -21.022858630682787 ], [ 55.420503327978139, -21.022858675667401 ], [ 55.420503015031386, -21.022858701666568 ], [ 55.420502699398526, -21.022858708671375 ], [ 55.420502384937009, -21.022858695814335 ], [ 55.420502072599263, -21.022858664007597 ], [ 55.420501762385307, -21.022858613251163 ], [ 55.420501456219107, -21.022858543562897 ], [ 55.420501156024585, -21.022858454960691 ], [ 55.420500862763738, -21.022858347453454 ], [ 55.420500577379507, -21.022858222856563 ], [ 55.420500300824344, -21.022858082082163 ], [ 55.420496544727158, -21.022856089732361 ], [ 55.420407717777131, -21.022808970274372 ], [ 55.420406301818439, -21.022808220024878 ], [ 55.420406222421725, -21.02280817683204 ], [ 55.420405956638817, -21.022808018091446 ], [ 55.420405871632028, -21.022807959490304 ], [ 55.420398137341515, -21.022818114878142 ], [ 55.420385209690998, -21.022830015088694 ], [ 55.420370278108642, -21.022839626677083 ], [ 55.420353794959141, -21.022846657560436 ], [ 55.420336261802355, -21.022850894700582 ], [ 55.420318211058465, -21.022852209353641 ], [ 55.420300193473722, -21.02285055966351 ], [ 55.420282752070698, -21.022845997646407 ], [ 55.420266421262347, -21.022838661956055 ], [ 55.420251694173203, -21.022828774870316 ], [ 55.420239019810495, -21.022816636844848 ], [ 55.420228782957771, -21.02280261729339 ], [ 55.420221293735942, -21.022787140940931 ], [ 55.420216781926662, -21.022770678738006 ], [ 55.420215381752186, -21.022753731459687 ], [ 55.420217138790122, -21.02273681260704 ], [ 55.420221997582168, -21.022720437452236 ], [ 55.42022773569569, -21.022709175949302 ], [ 55.420227640888449, -21.022709134419838 ], [ 55.420227504020794, -21.022709067207099 ], [ 55.420226507896508, -21.02270855571571 ], [ 55.420071299248136, -21.022628944483678 ], [ 55.420071159580367, -21.022628869115056 ], [ 55.42007089378864, -21.0226287112772 ], [ 55.420070640683427, -21.022628536394389 ], [ 55.420070398312234, -21.022628347158413 ], [ 55.420070171494437, -21.022628142710737 ], [ 55.420069958287066, -21.022627924839931 ], [ 55.420069760604548, -21.022627694467062 ], [ 55.420069580361307, -21.022627452513248 ], [ 55.420069416585854, -21.022627199872748 ], [ 55.420069271183102, -21.022626938369882 ], [ 55.420069143200593, -21.022626667092499 ], [ 55.420069035486172, -21.02262638968028 ], [ 55.420068948039855, -21.022626106133199 ], [ 55.420068878918634, -21.022625818239849 ], [ 55.420068831008457, -21.022625526027042 ], [ 55.42006880325215, -21.022625238517978 ], [ 55.420056468649811, -21.022422746426173 ], [ 55.419998362224817, -21.022420689034288 ], [ 55.419991249423106, -21.022420437773711 ], [ 55.419986569741312, -21.022529726795174 ], [ 55.419854773667218, -21.022515713254062 ], [ 55.419861097871689, -21.022292025028296 ], [ 55.419888631602497, -21.022292265497985 ], [ 55.420227295281329, -21.020571832189336 ], [ 55.420198418973143, -21.020591812326145 ], [ 55.42014638829734, -21.020595995491167 ], [ 55.420129958134424, -21.020591812317306 ], [ 55.420112531697171, -21.020569968387587 ], [ 55.420100083312363, -21.020489564216021 ], [ 55.420100083542302, -21.020303193249436 ], [ 55.42028017623398, -21.020303193542752 ], [ 55.420297945831756, -21.020212922841157 ], [ 55.420297953974675, -21.020212880461408 ], [ 55.420298029147652, -21.020212593908344 ], [ 55.420298123512232, -21.020212312050045 ], [ 55.420298237049387, -21.020212036692975 ], [ 55.420298370711556, -21.020211768749277 ], [ 55.420298521603343, -21.020211509095354 ], [ 55.42029868970571, -21.020211259537671 ], [ 55.420298875971113, -21.020211020988341 ], [ 55.420299078466122, -21.02021079433273 ], [ 55.420299295257287, -21.02021058045619 ], [ 55.42029952728754, -21.020210381174099 ], [ 55.42029960199595, -21.020210321346504 ], [ 55.420463241141391, -21.020083594297304 ], [ 55.420157304054221, -21.020102093353326 ], [ 55.420123858521364, -21.019702615396138 ], [ 55.420123858436938, -21.019702615404601 ], [ 55.420123858494577, -21.019702615076209 ], [ 55.420123858446452, -21.01970261450138 ], [ 55.420123858598146, -21.019702614486178 ], [ 55.420147216455987, -21.019569539645364 ], [ 55.420329946884188, -21.019267563468581 ], [ 55.420598789732395, -21.019309878798566 ], [ 55.420748126139117, -21.019333383830965 ], [ 55.420808146271845, -21.019439174481764 ], [ 55.420641583798201, -21.019650726839981 ], [ 55.420619631499832, -21.01965292705221 ], [ 55.420641584760155, -21.019650726848912 ], [ 55.420708416387612, -21.019578845367462 ], [ 55.420830946688021, -21.0194402831617 ], [ 55.420876382326874, -21.019486231645338 ], [ 55.420933025161595, -21.019330808940214 ], [ 55.420913500970222, -21.019304079504881 ], [ 55.420947244216038, -21.018967574264554 ], [ 55.421053701761529, -21.018999688697139 ], [ 55.421264595460066, -21.018421014536713 ], [ 55.421264607336269, -21.018420983031209 ], [ 55.421264720870099, -21.018420707673243 ], [ 55.421264853576332, -21.018420438816378 ], [ 55.421265004454966, -21.018420180064542 ], [ 55.421265173506008, -21.01841993141776 ], [ 55.421265358815084, -21.018419691954946 ], [ 55.4212655613061, -21.018419465297892 ], [ 55.421265779055148, -21.018419251428753 ], [ 55.421266010119318, -21.01841905213611 ], [ 55.421266255470073, -21.018418866525675 ], [ 55.42126651315499, -21.018418697289221 ], [ 55.421266782212122, -21.018418544417848 ], [ 55.421267061698522, -21.018418406096174 ], [ 55.421267349633268, -21.018418287725666 ], [ 55.421267645092428, -21.018418185684499 ], [ 55.421267947085525, -21.018418102673415 ], [ 55.421268254641113, -21.018418039586713 ], [ 55.421268564901865, -21.018417993687937 ], [ 55.421268878801214, -21.018417967695669 ], [ 55.42126919441526, -21.018417961592071 ], [ 55.421269508877174, -21.018417973543887 ], [ 55.421269821205989, -21.018418005348664 ], [ 55.421270131411219, -21.018418056103158 ], [ 55.421270436597496, -21.018418126683812 ], [ 55.421270737745814, -21.018418215293103 ], [ 55.421271030046405, -21.018418321886415 ], [ 55.421271315423184, -21.018418446481579 ], [ 55.421271592923709, -21.018418588166462 ], [ 55.421271857738226, -21.018418746896419 ], [ 55.421272111800164, -21.018418921786083 ], [ 55.421272353204628, -21.018419111011173 ], [ 55.421272580980165, -21.018419315465977 ], [ 55.421272793231402, -21.018419532422968 ], [ 55.421272990901279, -21.018419763697523 ], [ 55.421273172113438, -21.018420004755697 ], [ 55.421273334915448, -21.018420258289282 ], [ 55.421273481278782, -21.018420519800042 ], [ 55.421273607355609, -21.018420789252264 ], [ 55.421273716022277, -21.018421067575954 ], [ 55.421273804430996, -21.018421351131455 ], [ 55.421273872581736, -21.018421639918774 ], [ 55.421273921455487, -21.018421932140388 ], [ 55.421273949147363, -21.018422225972007 ], [ 55.421273955657369, -21.018422521413633 ], [ 55.421273942918894, -21.018422817579907 ], [ 55.421273908084146, -21.018423110831179 ], [ 55.421273854991398, -21.018423402106354 ], [ 55.421273779811891, -21.018423689563317 ], [ 55.421273697336176, -21.01842393901368 ], [ 55.421062862124593, -21.019002452038006 ], [ 55.421289344355955, -21.019070773046508 ], [ 55.42126407875697, -21.019037361895808 ], [ 55.421250496697006, -21.018964068913405 ], [ 55.421259366238523, -21.018900611766714 ], [ 55.421306952521824, -21.01886061784818 ], [ 55.421590499119226, -21.018764815195468 ], [ 55.421698941682266, -21.018737672669893 ], [ 55.421885231487558, -21.018690180040462 ], [ 55.421946744071768, -21.018693062319773 ], [ 55.422043561425809, -21.018859712806435 ], [ 55.422800589940486, -21.018273417984958 ], [ 55.422708865924982, -21.018201901729583 ], [ 55.422624205483579, -21.018188078301506 ], [ 55.422604987378556, -21.018134977132807 ], [ 55.422548298429923, -21.017984784289379 ], [ 55.422794080455773, -21.017849398629604 ], [ 55.423008617609447, -21.017780643511813 ], [ 55.423177383931176, -21.017746815636738 ], [ 55.423277216469216, -21.017740238216323 ], [ 55.423522271277157, -21.01758296840655 ], [ 55.423583474010876, -21.017593691519433 ], [ 55.423631066729406, -21.017630230561089 ], [ 55.423709982490934, -21.017569111547381 ], [ 55.423691712977735, -21.017537118724412 ], [ 55.423816402575738, -21.017486689933147 ], [ 55.424022262759543, -21.017327254049341 ], [ 55.424053481226551, -21.017276774702804 ], [ 55.424179112260617, -21.017175540591325 ], [ 55.424254757182688, -21.01705787917226 ], [ 55.42429155866914, -21.017034548009306 ], [ 55.424411119716915, -21.017026085880019 ], [ 55.424673368112018, -21.016822975295391 ], [ 55.424673538760622, -21.016822848606107 ], [ 55.42467379643918, -21.016822679364051 ], [ 55.42467406453779, -21.016822525574717 ], [ 55.424674343999399, -21.016822389053473 ], [ 55.424674631938188, -21.016822269773591 ], [ 55.424674927382739, -21.016822168629364 ], [ 55.424675230333051, -21.016822085620802 ], [ 55.424675496454505, -21.016822028467086 ], [ 55.427317526169418, -21.016331571357551 ], [ 55.427317566656036, -21.016331563602098 ], [ 55.427319391946305, -21.016340431998692 ], [ 55.424678553472695, -21.016830668010886 ], [ 55.424427758923052, -21.01702490852928 ], [ 55.424428436698562, -21.017024860608849 ], [ 55.424538509697022, -21.017035947508642 ], [ 55.424639005862048, -21.017216804517659 ], [ 55.424687169514627, -21.017261284117907 ], [ 55.424649344551824, -21.017374259170602 ], [ 55.424792928088038, -21.017501055637055 ], [ 55.424903555411895, -21.017719436696449 ], [ 55.424910550779622, -21.01775722811982 ], [ 55.424938087217704, -21.017946920278629 ], [ 55.42495626400072, -21.018048041357307 ], [ 55.424964301304549, -21.018144817577749 ], [ 55.424961879283799, -21.018299298697592 ], [ 55.424968770337969, -21.018365892923292 ], [ 55.424983731982628, -21.018449981266329 ], [ 55.424898447917769, -21.018472866309462 ], [ 55.42474512230234, -21.018554089985624 ], [ 55.424697719296198, -21.018579201919021 ], [ 55.42462167855544, -21.018584585931126 ], [ 55.424533171905203, -21.018583718274506 ], [ 55.424401890953739, -21.018568923699597 ], [ 55.424161642389663, -21.018519049452102 ], [ 55.423954819055979, -21.018490519911531 ], [ 55.4239258388995, -21.018602971481897 ], [ 55.424058038585372, -21.018596984414803 ], [ 55.424188359829422, -21.018598188233945 ], [ 55.424155190741857, -21.018663342710745 ], [ 55.424145443527998, -21.018891083676174 ], [ 55.423883734475815, -21.018895460638582 ], [ 55.423880589099916, -21.018825758501016 ], [ 55.423844245087395, -21.018787120583319 ], [ 55.42380004285809, -21.018757018354627 ], [ 55.423732953732056, -21.018769094415504 ], [ 55.42364869735443, -21.018774263641156 ], [ 55.423571870193285, -21.018761650525605 ], [ 55.423515540554689, -21.018693200640357 ], [ 55.423467931783335, -21.018637114742187 ], [ 55.423444579894806, -21.019119537082371 ], [ 55.423604703856924, -21.019127238694992 ], [ 55.423488342009392, -21.01933104648483 ], [ 55.42341851706945, -21.019315896665479 ], [ 55.423220838394968, -21.019386692769217 ], [ 55.423107942110278, -21.019397198503697 ], [ 55.423092113359012, -21.019245081196967 ], [ 55.422991538527064, -21.019239632168844 ], [ 55.422862472147763, -21.019330638666986 ], [ 55.422808681834141, -21.01921605854346 ], [ 55.422597654057419, -21.019171039110557 ], [ 55.422505604173892, -21.019038096651901 ], [ 55.422111155790191, -21.019402398849156 ], [ 55.422153943142014, -21.019413347314028 ], [ 55.422261869530772, -21.01977185830436 ], [ 55.422107330523843, -21.019861811288479 ], [ 55.421947206412938, -21.019987251991896 ], [ 55.421869219310253, -21.019979689449475 ], [ 55.421862601397542, -21.019959484308629 ], [ 55.421835289967532, -21.019939989557152 ], [ 55.42181239728054, -21.019939778037998 ], [ 55.421790414492968, -21.019943059011958 ], [ 55.421823061997401, -21.019977767089824 ], [ 55.421450519991751, -21.020226857124957 ], [ 55.421288512121507, -21.020334946124322 ], [ 55.421512776797258, -21.020308793032438 ], [ 55.421593301121142, -21.020387534541189 ], [ 55.42163463763108, -21.020339106196555 ], [ 55.421733116293396, -21.020269472753842 ], [ 55.421786197911018, -21.02024431052158 ], [ 55.421949215726691, -21.020194154920986 ], [ 55.421976538652132, -21.020317778418534 ], [ 55.421788598465419, -21.020592067825572 ], [ 55.421728991555142, -21.02068874930043 ], [ 55.421737416831505, -21.020637881006635 ], [ 55.421729930903005, -21.020599510445081 ], [ 55.421717377955645, -21.020558203184809 ], [ 55.421646975814241, -21.020493026672622 ], [ 55.421540268378031, -21.020598585859396 ], [ 55.421465554554267, -21.020674392532882 ], [ 55.421325312425481, -21.020751169908898 ], [ 55.421217584067875, -21.020771462643854 ], [ 55.421070631682682, -21.020847388919751 ], [ 55.421068130227638, -21.020799984580027 ], [ 55.420672532880118, -21.022085697603508 ], [ 55.42066891574963, -21.022097456670924 ], [ 55.420673456650221, -21.022293178378273 ], [ 55.420678823581298, -21.022288014337629 ], [ 55.421471178685323, -21.021525595875545 ], [ 55.421441302328034, -21.021299119857968 ], [ 55.421441266315838, -21.021298519728386 ], [ 55.421441346622508, -21.021297745437053 ], [ 55.421459236722193, -21.021206677560087 ], [ 55.421459452295032, -21.021205939753155 ], [ 55.421486844502255, -21.021135901414436 ], [ 55.421487211941773, -21.02113517675998 ], [ 55.421487445407962, -21.021134841090358 ], [ 55.421604965783935, -21.020981037365107 ], [ 55.42170209587362, -21.020798645272514 ], [ 55.421739578455721, -21.0206916333421 ], [ 55.421739900537943, -21.020690921815628 ], [ 55.421791560961452, -21.020599805939373 ], [ 55.421791833836267, -21.020599382110891 ], [ 55.421916939162237, -21.020427305964489 ], [ 55.421917075928192, -21.02042710850608 ], [ 55.421986394146408, -21.020320135353046 ], [ 55.422046986899772, -21.020097567277702 ], [ 55.422034156607133, -21.01993341680803 ], [ 55.422043751380407, -21.019932755178552 ], [ 55.422056639369075, -21.02009764057156 ], [ 55.422056632650808, -21.020098370380907 ], [ 55.422056501934861, -21.020099090006767 ], [ 55.421995535963148, -21.020323024939337 ], [ 55.42199537999236, -21.020323493211588 ], [ 55.421995000890398, -21.020324229502215 ], [ 55.421925160509147, -21.02043200356335 ], [ 55.421925024695653, -21.020432201933914 ], [ 55.421799928126774, -21.020604269134655 ], [ 55.421748587248445, -21.020694823412416 ], [ 55.421711124490912, -21.020801780427373 ], [ 55.421710857371608, -21.02080238858359 ], [ 55.421613398508612, -21.020985397298457 ], [ 55.421613004342653, -21.020986010598524 ], [ 55.421495642967265, -21.0211396071415 ], [ 55.421468623485303, -21.021208693243288 ], [ 55.421450940824762, -21.021298699855507 ], [ 55.421479781036112, -21.021517319234075 ], [ 55.421486316150308, -21.021511030551242 ], [ 55.421479622966103, -21.021482257743315 ], [ 55.421466648127634, -21.021386356145104 ], [ 55.42145854309512, -21.021310298411482 ], [ 55.421461328977649, -21.021276420476955 ], [ 55.421476484738164, -21.021208759884953 ], [ 55.421506080557968, -21.021141232410951 ], [ 55.421596644454191, -21.021030980722738 ], [ 55.421650438272778, -21.020994762368186 ], [ 55.421740351890918, -21.020965004507651 ], [ 55.421785258016719, -21.020915638206713 ], [ 55.421782547746943, -21.020852953404077 ], [ 55.421747949127969, -21.02074566641274 ], [ 55.421755198947956, -21.020694141346176 ], [ 55.42180532852359, -21.020610631552263 ], [ 55.421934770440394, -21.020433286901241 ], [ 55.422004494726295, -21.020326579466957 ], [ 55.422061085973183, -21.020095447045595 ], [ 55.422051848674414, -21.019943936456993 ], [ 55.422124671558322, -21.019885850172464 ], [ 55.422272391086665, -21.019801336857729 ], [ 55.422387047787105, -21.019770759390621 ], [ 55.422469653581054, -21.019777137839906 ], [ 55.422871356366059, -21.01977419051001 ], [ 55.422942493929561, -21.019804867028238 ], [ 55.423018992953857, -21.019862079090146 ], [ 55.423192266773107, -21.020015535100757 ], [ 55.423300490503593, -21.020079441996874 ], [ 55.423302794836147, -21.020080793930102 ], [ 55.423343715963689, -21.020063056002556 ], [ 55.423302541942718, -21.020053243434102 ], [ 55.423028028550938, -21.019822744362845 ], [ 55.423394687057048, -21.019428263057925 ], [ 55.423639618923737, -21.019614499929222 ], [ 55.423690993926911, -21.01964785103679 ], [ 55.423691628820137, -21.019587457291429 ], [ 55.423626680545304, -21.019537242103798 ], [ 55.423570487597281, -21.019419159478129 ], [ 55.42358526688961, -21.019320118761602 ], [ 55.423625895747904, -21.019314481105326 ], [ 55.423627356547307, -21.01918074286241 ], [ 55.423717661565107, -21.019127159157797 ], [ 55.424003923170005, -21.01921067955934 ], [ 55.424063565885966, -21.019177490960022 ], [ 55.424172372152427, -21.019125072970468 ], [ 55.424233796063632, -21.019069039907905 ], [ 55.424239884656402, -21.018999390798488 ], [ 55.424315924342714, -21.019071489955582 ], [ 55.424658179024576, -21.018774554440785 ], [ 55.424878324797461, -21.018922198329925 ], [ 55.42481600879173, -21.019104302528689 ], [ 55.424759779194908, -21.019119122639811 ], [ 55.424743587017993, -21.019173331913628 ], [ 55.424753490030092, -21.019280415886406 ], [ 55.42483425142364, -21.019431407368938 ], [ 55.424822393904741, -21.0194570743366 ], [ 55.424852009763136, -21.019524651345019 ], [ 55.424597223936402, -21.01966312621629 ], [ 55.42425532988991, -21.01983535601153 ], [ 55.42421877603681, -21.019850434091566 ], [ 55.424007284111916, -21.019937676988953 ], [ 55.423615302728017, -21.020073178029993 ], [ 55.423567527188858, -21.020081867646677 ], [ 55.423468159774629, -21.020083678196663 ], [ 55.423400460636344, -21.020076579359557 ], [ 55.423358525828775, -21.02006658548089 ], [ 55.423312546654046, -21.020086515548545 ], [ 55.423341106032012, -21.020103271976399 ], [ 55.42338914452678, -21.020124106740052 ], [ 55.423591805450613, -21.020125985268052 ], [ 55.423688180389043, -21.020081579470794 ], [ 55.423755976697215, -21.02005783928761 ], [ 55.423912018291496, -21.020007098604168 ], [ 55.423990010609238, -21.019977020357281 ], [ 55.424145428491819, -21.020040260201675 ], [ 55.424241436274521, -21.020061531049425 ], [ 55.424421485546112, -21.020076365695267 ], [ 55.424703703068822, -21.020063087986873 ], [ 55.424863419555102, -21.020075161220575 ], [ 55.424876700756144, -21.02024302479775 ], [ 55.424866335068131, -21.020334744578047 ], [ 55.424814026151651, -21.02048081180941 ], [ 55.424766318933422, -21.020642876755595 ], [ 55.424692773772691, -21.020884771518219 ], [ 55.424640301444626, -21.021050016174346 ], [ 55.424613689528812, -21.021134563121606 ], [ 55.424597851183734, -21.021164131604419 ], [ 55.42458873187239, -21.0211811557696 ], [ 55.424555662440859, -21.021222039342902 ], [ 55.424547109231874, -21.02123261461923 ], [ 55.424519834691097, -21.021268422886699 ], [ 55.424456565809869, -21.021339088740568 ], [ 55.424452010120362, -21.021355507503067 ], [ 55.42445401104456, -21.021366509351825 ], [ 55.424478368747124, -21.021367129747308 ], [ 55.424475962236187, -21.021353892069335 ], [ 55.424485024642472, -21.021334228824312 ], [ 55.424533204786648, -21.021278554482961 ], [ 55.424603575500583, -21.02120322285894 ], [ 55.42463646941264, -21.021142325780428 ], [ 55.424648401772068, -21.021111476355451 ], [ 55.424696995275632, -21.020965168837499 ], [ 55.424764248755139, -21.020779761036192 ], [ 55.424817146719228, -21.020591102022966 ], [ 55.424882269173921, -21.020692404054916 ], [ 55.424937956829943, -21.020895267870131 ], [ 55.424939625872753, -21.020986586927236 ], [ 55.425057773778192, -21.021076596323763 ], [ 55.425228185930571, -21.021397233358005 ], [ 55.425300447215086, -21.021472730631849 ], [ 55.425383194450923, -21.02169457857169 ], [ 55.425370067499898, -21.021753622766273 ], [ 55.425408619491328, -21.02181773424504 ], [ 55.425469070483317, -21.021963794176841 ], [ 55.425485408374627, -21.022199861339622 ], [ 55.425401742311514, -21.022209098067663 ], [ 55.425231314732606, -21.022242361492165 ], [ 55.425064134085233, -21.022280110825658 ], [ 55.424984871399914, -21.022221208297651 ], [ 55.424876183776455, -21.022138421659619 ], [ 55.424753953674596, -21.022075648754328 ], [ 55.424604459212802, -21.0219765722176 ], [ 55.424571965548637, -21.021908718289087 ], [ 55.424563776704794, -21.021845245623968 ], [ 55.424563520878792, -21.021813925594508 ], [ 55.424563292856483, -21.021786002257478 ], [ 55.424529328309369, -21.021647462653657 ], [ 55.424519416723065, -21.021592934834544 ], [ 55.424480019503434, -21.021376207017536 ], [ 55.424455660837395, -21.021375586613281 ], [ 55.424505872136287, -21.021651774542086 ], [ 55.424463824668429, -21.021652551183376 ], [ 55.424326392263559, -21.021693437988038 ], [ 55.424305529720968, -21.021699863227269 ], [ 55.42425600890985, -21.021771949900462 ], [ 55.424343481610364, -21.021904334252934 ], [ 55.424354757453862, -21.021967823781154 ], [ 55.424353208369574, -21.022022032243502 ], [ 55.424305860416759, -21.022069253849356 ], [ 55.424302212826937, -21.02225374310186 ], [ 55.424323415012445, -21.022350213106854 ], [ 55.424210836842981, -21.022400539271626 ], [ 55.424083530565845, -21.022410567850482 ], [ 55.424015090469133, -21.02245536544887 ], [ 55.423869718919498, -21.022444023128699 ], [ 55.423770370199172, -21.02241023100779 ], [ 55.423696467721491, -21.022328356809151 ], [ 55.423658179362668, -21.022231729278555 ], [ 55.423595130547675, -21.022234906231759 ], [ 55.423524197921019, -21.022315729692508 ], [ 55.42351893650175, -21.022394126790285 ], [ 55.42346926205947, -21.022393666302918 ], [ 55.42331998392909, -21.022377817741049 ], [ 55.423143528361265, -21.022324010328511 ], [ 55.422916689162868, -21.022298583515411 ], [ 55.42286616074, -21.022214413643315 ], [ 55.422856044842099, -21.02217927243883 ], [ 55.422841403173408, -21.02211680669387 ], [ 55.422849450034285, -21.022065304319433 ], [ 55.42283783584692, -21.022026173766939 ], [ 55.422838514008248, -21.021989143582466 ], [ 55.422828142536588, -21.021941534375465 ], [ 55.422814454085284, -21.021907622860191 ], [ 55.422800758005295, -21.02187425416054 ], [ 55.422764129535828, -21.0218260383119 ], [ 55.422760501183156, -21.021779619868507 ], [ 55.422718436636096, -21.021792809155944 ], [ 55.422751227463209, -21.021854554376972 ], [ 55.422792954338973, -21.021975983538169 ], [ 55.422814253957036, -21.0220912632332 ], [ 55.422822425218229, -21.02218779679928 ], [ 55.422805322187621, -21.022254317565636 ], [ 55.422766161654451, -21.02238285622526 ], [ 55.422665156204751, -21.022902233897707 ], [ 55.422620114263935, -21.023298586236766 ], [ 55.422569843847533, -21.02333316100346 ], [ 55.422620237466028, -21.023298672290334 ], [ 55.422641703584688, -21.023404709100195 ], [ 55.422852882913979, -21.023476118165952 ], [ 55.422843854733635, -21.023346817661 ], [ 55.422805597178289, -21.023232938000085 ], [ 55.42292160512018, -21.02315454638488 ], [ 55.423042658846221, -21.023124737037289 ], [ 55.423073636977193, -21.02312918582874 ], [ 55.423271788808073, -21.023131617519976 ], [ 55.423240855276759, -21.023200862737735 ], [ 55.423271789770048, -21.023131617528893 ], [ 55.423307882492985, -21.023131839251864 ], [ 55.423073702267928, -21.02312846649885 ], [ 55.423097815769729, -21.022984581083477 ], [ 55.42280860640787, -21.022963360541464 ], [ 55.422777729669249, -21.022842010332045 ], [ 55.422773962277944, -21.022492395772925 ], [ 55.422831143924867, -21.022483603964009 ], [ 55.422839447630842, -21.022402110584537 ], [ 55.423028304440301, -21.022365256412098 ], [ 55.423092357608382, -21.022427762991526 ], [ 55.423304916362191, -21.022513632932149 ], [ 55.42332900204191, -21.022583772173636 ], [ 55.423407883631903, -21.022635775167426 ], [ 55.423427518278544, -21.022656931071982 ], [ 55.423373311211861, -21.022700770051078 ], [ 55.423328900927615, -21.022686514242512 ], [ 55.423326522258293, -21.022810144937406 ], [ 55.423348775162921, -21.022863916430669 ], [ 55.423518697981009, -21.022914707486013 ], [ 55.423514094164076, -21.023171182234435 ], [ 55.423561334325413, -21.023149914599742 ], [ 55.423621291180339, -21.023113181886014 ], [ 55.423617039880341, -21.023045557067686 ], [ 55.424164398683544, -21.023395548701352 ], [ 55.424143613879302, -21.023429517356792 ], [ 55.424039958200915, -21.023427024775298 ], [ 55.423984674839232, -21.023476042560496 ], [ 55.423882118843196, -21.023593970866596 ], [ 55.423892926833325, -21.023649697572079 ], [ 55.423802643631205, -21.023647503114432 ], [ 55.423671270815014, -21.023662355229437 ], [ 55.42359688821157, -21.023683091253318 ], [ 55.423524490324077, -21.023710417198462 ], [ 55.423426007715257, -21.023746516282117 ], [ 55.423320389129579, -21.023400996051816 ], [ 55.423426007705764, -21.023746517185334 ], [ 55.423424608019303, -21.023747035059401 ], [ 55.424097616781161, -21.02428956041209 ], [ 55.424145843910388, -21.024286728333706 ], [ 55.424193142725095, -21.024268328179339 ], [ 55.424254967338022, -21.024278729054377 ], [ 55.424312892005361, -21.024322142154904 ], [ 55.424306600771658, -21.024371494744507 ], [ 55.424276327591322, -21.024395872699245 ], [ 55.424263686713068, -21.024423431079953 ], [ 55.424293068907161, -21.024447116151443 ], [ 55.424447653836573, -21.024425373245666 ], [ 55.424550379814171, -21.024317836929793 ], [ 55.424667305436046, -21.02425054072264 ], [ 55.424788807647531, -21.024204570542281 ], [ 55.4249355425113, -21.024149053878411 ], [ 55.425082953242978, -21.024314454320216 ], [ 55.425142202717737, -21.024436832075367 ], [ 55.425153957265366, -21.024480348455054 ], [ 55.425174598586516, -21.024508386766371 ], [ 55.425173979138918, -21.024567351627244 ], [ 55.425182288531801, -21.024606742311956 ], [ 55.42515935152425, -21.024631100747708 ], [ 55.424940500897627, -21.024704424065114 ], [ 55.424850660639272, -21.024703592806169 ], [ 55.424725444725667, -21.024665576161205 ], [ 55.424677489441684, -21.024663493313501 ], [ 55.424579343231215, -21.024705993379129 ], [ 55.424398359314345, -21.024794290425277 ], [ 55.424279831087539, -21.024850895380851 ], [ 55.424237677467538, -21.024859671521948 ], [ 55.423942703190825, -21.024840013499428 ], [ 55.423872710556218, -21.024853468999328 ], [ 55.423810948874326, -21.024869820886941 ], [ 55.423762608665925, -21.024895466626528 ], [ 55.423699850952595, -21.024935081127037 ], [ 55.4235969255379, -21.025008879227414 ], [ 55.423567709959798, -21.025039429202657 ], [ 55.423514299603646, -21.025098909986308 ], [ 55.423293227441761, -21.025285987365852 ], [ 55.423226149274086, -21.025226584524724 ], [ 55.423139075968166, -21.025209450738579 ], [ 55.423126407898394, -21.025164388352533 ], [ 55.423177495270863, -21.025122990226777 ], [ 55.42322952556686, -21.025069417030341 ], [ 55.423238297133864, -21.024981862285898 ], [ 55.42336089367997, -21.024937132733385 ], [ 55.423435766415416, -21.024868209993105 ], [ 55.423516824479371, -21.024813360263117 ], [ 55.423692086183962, -21.024697179362228 ], [ 55.423735434331441, -21.024687430727404 ], [ 55.4238109354988, -21.024695596398725 ], [ 55.423824277841632, -21.024671149225064 ], [ 55.423808212737711, -21.024622677024688 ], [ 55.42384194639979, -21.024572885086481 ], [ 55.423847641262057, -21.024519876733947 ], [ 55.42380876195778, -21.024487542922834 ], [ 55.423766324139848, -21.024458483124587 ], [ 55.423912535558948, -21.02432469822773 ], [ 55.423981880838134, -21.024283570218703 ], [ 55.424040449718532, -21.024271828047969 ], [ 55.42408178036596, -21.02428869913593 ], [ 55.423414485290685, -21.023750780558114 ], [ 55.423313066935116, -21.023810152245431 ], [ 55.423293083784642, -21.023822394658612 ], [ 55.423230454629547, -21.023872138975992 ], [ 55.423156829972832, -21.023940346969496 ], [ 55.423121079121287, -21.023924526464313 ], [ 55.423122513141706, -21.023860726577336 ], [ 55.423049981336888, -21.0238593367623 ], [ 55.422999615099677, -21.023856001698405 ], [ 55.422957722244192, -21.023773158481706 ], [ 55.422938307238617, -21.02373139200801 ], [ 55.422924916901195, -21.023697569076859 ], [ 55.422883521916219, -21.023567408043789 ], [ 55.42286619356782, -21.023497771745756 ], [ 55.422863218941416, -21.023497750967703 ], [ 55.422858353719313, -21.023487568419785 ], [ 55.42264379060056, -21.023415015311457 ], [ 55.422671171983247, -21.023550274748359 ], [ 55.422681830358222, -21.023607102152813 ], [ 55.422680611300983, -21.023649905761616 ], [ 55.422653913174649, -21.023700245088577 ], [ 55.422645550169811, -21.023763579623768 ], [ 55.422629463904364, -21.023800917627003 ], [ 55.422434479237623, -21.023849512483803 ], [ 55.422231712725036, -21.023841840229831 ], [ 55.422129256132202, -21.023819463178651 ], [ 55.421878701765799, -21.023712231830245 ], [ 55.421928435380501, -21.023571844442216 ], [ 55.421973799254431, -21.023450458177955 ], [ 55.421581738001308, -21.023598624717348 ] ], [ [ 55.420797978142403, -21.019701362244732 ], [ 55.420798558676445, -21.019699769686401 ], [ 55.420708416387612, -21.019578845367462 ], [ 55.420797978142403, -21.019701362244732 ] ], [ [ 55.424671901894627, -21.017875704448247 ], [ 55.424552776090934, -21.017888092917332 ], [ 55.424671801087293, -21.017875867916601 ], [ 55.424910550779622, -21.01775722811982 ], [ 55.424671901894627, -21.017875704448247 ] ], [ [ 55.423405172982697, -21.020046365871924 ], [ 55.423405172605264, -21.020046366035526 ], [ 55.423400460636344, -21.020076579359557 ], [ 55.423405172982697, -21.020046365871924 ] ], [ [ 55.422477729001187, -21.023349262495614 ], [ 55.422478290773221, -21.023349452884652 ], [ 55.422569843847533, -21.02333316100346 ], [ 55.422477729001187, -21.023349262495614 ] ], [ [ 55.422198420540774, -21.023295610991891 ], [ 55.422199310697465, -21.023365153056481 ], [ 55.422198401717914, -21.023294108618941 ], [ 55.422198420540774, -21.023295610991891 ] ], [ [ 55.421846006515878, -21.023023692239668 ], [ 55.421720535643267, -21.02297181892374 ], [ 55.421717953365544, -21.022921472676629 ], [ 55.421704778150577, -21.022754569373749 ], [ 55.421676667508535, -21.022538893451593 ], [ 55.421645517719334, -21.022313351410347 ], [ 55.421656717447782, -21.022244600840331 ], [ 55.421652029235446, -21.022192425722924 ], [ 55.421650002482565, -21.022133451730941 ], [ 55.421650260047976, -21.022127719933636 ], [ 55.421644503287574, -21.022129524606697 ], [ 55.421644394706746, -21.022154003196786 ], [ 55.421644361427617, -21.022154514159226 ], [ 55.42163463417549, -21.022231897742774 ], [ 55.421637030337983, -21.022369097863802 ], [ 55.421638071041968, -21.022424865902263 ], [ 55.421655419565575, -21.022554125623728 ], [ 55.421655434825624, -21.022554229645564 ], [ 55.421696300350327, -21.022810592327932 ], [ 55.421696348466625, -21.022811048040786 ], [ 55.421704140333389, -21.02296648901147 ], [ 55.421704129466413, -21.022967064316617 ], [ 55.421694074303332, -21.023084271619016 ], [ 55.421850814194421, -21.023137274310489 ], [ 55.421846006515878, -21.023023692239668 ] ], [ [ 55.421694516248735, -21.022966626421422 ], [ 55.421686749736203, -21.022811702377265 ], [ 55.421645904098057, -21.022555462727698 ], [ 55.421645888838015, -21.022555358705858 ], [ 55.421628492970427, -21.022425753481517 ], [ 55.421628456711879, -21.022425268069593 ], [ 55.421627410940168, -21.022369250671726 ], [ 55.42162501032373, -21.022231743385607 ], [ 55.421625042658441, -21.022231139373876 ], [ 55.421634776172183, -21.022153709780635 ], [ 55.421634869115813, -21.022132544372614 ], [ 55.420681957031512, -21.022431308649264 ], [ 55.420676699274289, -21.02243295803715 ], [ 55.420678966255821, -21.022530645421231 ], [ 55.420678952973887, -21.022531084304525 ], [ 55.420678919098435, -21.022531377564324 ], [ 55.420678874155016, -21.022531625556056 ], [ 55.420637492537367, -21.022726985815666 ], [ 55.42064221582411, -21.022728583366906 ], [ 55.421684694772672, -21.023081100680795 ], [ 55.421694516248735, -21.022966626421422 ] ], [ [ 55.421635259786456, -21.022044168520313 ], [ 55.421629228882601, -21.022011791348788 ], [ 55.421616313566119, -21.021939376273618 ], [ 55.421520004123131, -21.02170042237772 ], [ 55.421519853877108, -21.021699981073098 ], [ 55.421473640003065, -21.021536161207351 ], [ 55.420680312926102, -21.022299515509296 ], [ 55.420673749570426, -21.022305830090499 ], [ 55.420676479460894, -21.022423503803388 ], [ 55.420680124270227, -21.022422360644057 ], [ 55.421634910810177, -21.022123009459424 ], [ 55.421635259786456, -21.022044168520313 ] ], [ [ 55.42152908946094, -21.02169744359146 ], [ 55.421625478611809, -21.021936595143483 ], [ 55.421625515130252, -21.021936690329564 ], [ 55.421625723633873, -21.021937446525357 ], [ 55.421638711643148, -21.022010267859194 ], [ 55.421644812608186, -21.022043026875934 ], [ 55.421644881388431, -21.022043804357612 ], [ 55.421644544990826, -21.022119988790248 ], [ 55.421650694614151, -21.022118060397094 ], [ 55.421654826691416, -21.022026217149218 ], [ 55.421803190010642, -21.021960198334167 ], [ 55.421891940322851, -21.021947602386675 ], [ 55.422066637486438, -21.021917014182435 ], [ 55.422273171975839, -21.021849146318591 ], [ 55.422477073227029, -21.02175978126872 ], [ 55.422598309148967, -21.021648176749657 ], [ 55.422709718895284, -21.021776393810661 ], [ 55.422714100872888, -21.021784645508024 ], [ 55.422759775434393, -21.0217703253394 ], [ 55.42275963636137, -21.021768547245543 ], [ 55.422782856932159, -21.021728747017153 ], [ 55.422804647114503, -21.021696700149722 ], [ 55.422839564720029, -21.021660530381286 ], [ 55.422725314741051, -21.02160046141697 ], [ 55.422658251896706, -21.021601497910666 ], [ 55.422666232272782, -21.021494224778738 ], [ 55.422135878945674, -21.021648919350259 ], [ 55.422003158852604, -21.021681152734569 ], [ 55.421986045361855, -21.021828895001278 ], [ 55.421618512152733, -21.021893749906159 ], [ 55.421535174563054, -21.02169296095607 ], [ 55.4215071080908, -21.021600413277298 ], [ 55.421488774554533, -21.021521598565784 ], [ 55.421481466792031, -21.021528628918077 ], [ 55.42152908946094, -21.02169744359146 ] ], [ [ 55.419996698260839, -21.022293210826529 ], [ 55.419991632279888, -21.022411495895078 ], [ 55.419996960192258, -21.022411679987666 ], [ 55.420056281738013, -21.022413734215846 ], [ 55.420061849625171, -21.02205765316674 ], [ 55.420061863081358, -21.02205738049344 ], [ 55.420061896976868, -21.02205708542737 ], [ 55.420061951026192, -21.022056795065065 ], [ 55.420062025238828, -21.022056508503301 ], [ 55.420062119614769, -21.022056225742091 ], [ 55.420062234115953, -21.022055950394289 ], [ 55.420062366818442, -21.022055682442023 ], [ 55.420062517712708, -21.022055422788512 ], [ 55.420062686770194, -21.022055174143418 ], [ 55.420062872086014, -21.022054934682405 ], [ 55.420063074574522, -21.022054708930533 ], [ 55.420063292330831, -21.022054495063458 ], [ 55.420063523411955, -21.022054294869772 ], [ 55.420063768760834, -21.022054110164827 ], [ 55.420064026463038, -21.022053940027536 ], [ 55.420064295537564, -21.022053786255395 ], [ 55.420064575012915, -21.022053649742691 ], [ 55.420064862003194, -21.02205353046261 ], [ 55.420065157460847, -21.022053429327308 ], [ 55.420065460423899, -21.02205334632783 ], [ 55.420065768006452, -21.022053281437401 ], [ 55.420066078265499, -21.022053236444556 ], [ 55.420066392172565, -21.022053210455013 ], [ 55.420066447042963, -21.022053207351554 ], [ 55.420225313554894, -21.022046656396217 ], [ 55.420225314505863, -21.022047661784345 ], [ 55.420226800645366, -21.022033350966943 ], [ 55.420231914789994, -21.022016112814438 ], [ 55.420240140240367, -21.021999971270358 ], [ 55.420251223630068, -21.021985415379032 ], [ 55.420264832225435, -21.021972888282153 ], [ 55.420280551210965, -21.021962770934248 ], [ 55.420297902100003, -21.02195536962736 ], [ 55.420316358202307, -21.021950908908504 ], [ 55.420335359110602, -21.0219495262943 ], [ 55.420354327158556, -21.02195126248764 ], [ 55.420372685679055, -21.021956063353802 ], [ 55.420389877214795, -21.021963786412798 ], [ 55.42040537993833, -21.021974194668598 ], [ 55.420415353078674, -21.021983746718536 ], [ 55.420419059003926, -21.021980271796327 ], [ 55.420532901112217, -21.021873513252682 ], [ 55.420534934754102, -21.021871610808233 ], [ 55.420535154404888, -21.021871399668019 ], [ 55.420535386447099, -21.021871199482561 ], [ 55.420535631795126, -21.02187101477687 ], [ 55.42053588949652, -21.021870844638809 ], [ 55.420536157608296, -21.021870690856936 ], [ 55.42053643708293, -21.021870554343405 ], [ 55.420536725996463, -21.021870435080341 ], [ 55.420537021453491, -21.021870333944172 ], [ 55.420537323453992, -21.021870250934896 ], [ 55.420537630074044, -21.021870186034629 ], [ 55.420537941294604, -21.021870141049824 ], [ 55.420538254239297, -21.021870115050447 ], [ 55.420538569870054, -21.021870108045444 ], [ 55.420538884329524, -21.021870120902292 ], [ 55.420539196665231, -21.021870152708836 ], [ 55.420539506877176, -21.021870203465074 ], [ 55.420539813031908, -21.021870274056369 ], [ 55.420540113234026, -21.021870361755184 ], [ 55.420540407454993, -21.021870469271178 ], [ 55.420540691875487, -21.021870593858971 ], [ 55.420540968419409, -21.021870735536414 ], [ 55.420541233238929, -21.021870894267778 ], [ 55.420541487305485, -21.021871069158795 ], [ 55.420541729676174, -21.021871258394071 ], [ 55.420541956503094, -21.021871461937891 ], [ 55.420542169710203, -21.0218716798081 ], [ 55.420542367383057, -21.02187191108364 ], [ 55.42054254763579, -21.021872152133749 ], [ 55.420542711411329, -21.021872404773813 ], [ 55.420542770940223, -21.021872507400232 ], [ 55.420587878092448, -21.021952342259443 ], [ 55.420589476804814, -21.021942684507511 ], [ 55.42070044803468, -21.021272122455926 ], [ 55.420655145777125, -21.020443895891617 ], [ 55.420471810036041, -21.020415936018928 ], [ 55.420515848346582, -21.020175994245843 ], [ 55.420640555746864, -21.020177152336839 ], [ 55.420638518006911, -21.020139898235072 ], [ 55.420638525943552, -21.020139327419336 ], [ 55.420638559837236, -21.020139032353001 ], [ 55.420638613884485, -21.02013874199033 ], [ 55.420638688104347, -21.020138454524911 ], [ 55.420638770591751, -21.020138204171811 ], [ 55.420687004997113, -21.02000585885342 ], [ 55.420489629829234, -21.020074865927867 ], [ 55.420307044338202, -21.020216266476858 ], [ 55.420289920903329, -21.020303193558622 ], [ 55.420317665466321, -21.020303193603809 ], [ 55.420330611419189, -21.020315742432391 ], [ 55.420359488646035, -21.020330150088913 ], [ 55.420377911328828, -21.020346649352739 ], [ 55.420378160397618, -21.020370584757313 ], [ 55.420364717080751, -21.020396843659295 ], [ 55.420363472058568, -21.020415666928052 ], [ 55.420389861052264, -21.020447735490801 ], [ 55.420405296211861, -21.020489564609942 ], [ 55.42040579343616, -21.020521632975981 ], [ 55.42038662496315, -21.020537203181519 ], [ 55.420319906379461, -21.020550448347318 ], [ 55.42029899446316, -21.020559279043017 ], [ 55.420238014916002, -21.020566694196066 ], [ 55.419898084960742, -21.022292347911701 ], [ 55.419996698260839, -21.022293210826529 ] ], [ [ 55.422135808366988, -21.01901849459847 ], [ 55.422010387056282, -21.019050064154669 ], [ 55.421913533298294, -21.019109915630541 ], [ 55.421852463722061, -21.019246920783178 ], [ 55.421850141056694, -21.019246673405348 ], [ 55.421924265446592, -21.019354580039142 ], [ 55.422100412650693, -21.019399650687902 ], [ 55.422500253756958, -21.019030368920607 ], [ 55.422458875656098, -21.018970609887148 ], [ 55.422494574673472, -21.018833127990881 ], [ 55.422548392335919, -21.018785491712197 ], [ 55.422716803259078, -21.018797457823762 ], [ 55.422764116678024, -21.018747056654835 ], [ 55.422840328053653, -21.018715031123669 ], [ 55.422841327033801, -21.018715361060799 ], [ 55.423031332072412, -21.018539875000556 ], [ 55.422819135637916, -21.018529856325259 ], [ 55.422922257561197, -21.018414825187442 ], [ 55.422839841194758, -21.018300771854548 ], [ 55.422817064488434, -21.018286263113847 ], [ 55.422808124444146, -21.018279291597207 ], [ 55.422048253969514, -21.018867787640232 ], [ 55.422135808366988, -21.01901849459847 ] ], [ [ 55.421823598736715, -21.019041773995639 ], [ 55.421822800462252, -21.019042392580104 ], [ 55.421913533298294, -21.019109915630541 ], [ 55.421823598736715, -21.019041773995639 ] ], [ [ 55.421064505601706, -21.02073124546472 ], [ 55.420961636723717, -21.020602530415388 ], [ 55.420689026882499, -21.020449062168669 ], [ 55.420664859444315, -21.020445376281515 ], [ 55.420710081123758, -21.021272124289187 ], [ 55.420710073187031, -21.021272695104859 ], [ 55.420710039302577, -21.021272989267956 ], [ 55.42071003001697, -21.021273048799916 ], [ 55.420597554593421, -21.021952702213731 ], [ 55.420595408231279, -21.021965670012268 ], [ 55.420662768740087, -21.022084888799437 ], [ 55.420665438448609, -21.022076214756446 ], [ 55.421066665114992, -21.02077220244421 ], [ 55.421064505601706, -21.02073124546472 ] ], [ [ 55.421789222870061, -21.01901572614738 ], [ 55.421799431641425, -21.019025002081261 ], [ 55.421815090405815, -21.019036654598334 ], [ 55.421815957549263, -21.019035982454543 ], [ 55.421789222870061, -21.01901572614738 ] ], [ [ 55.420436640411687, -21.022088237414454 ], [ 55.420428415938247, -21.022104378977836 ], [ 55.420417331593335, -21.022118934872118 ], [ 55.420403723005208, -21.022131461077738 ], [ 55.42038800399915, -21.022141579339483 ], [ 55.420370653091688, -21.022148980654322 ], [ 55.420352196975266, -21.022153440474323 ], [ 55.4203331960315, -21.022154823991965 ], [ 55.420314227958357, -21.022153087794695 ], [ 55.42029586942602, -21.022148286017696 ], [ 55.420278678827771, -21.022140563860489 ], [ 55.420263176097485, -21.022130155592787 ], [ 55.420249834118444, -21.022117378151535 ], [ 55.420239058636049, -21.022102620114502 ], [ 55.420231174923501, -21.022086328930104 ], [ 55.420226425010149, -21.022069000051868 ], [ 55.420225322627594, -21.022055656115583 ], [ 55.420071401872924, -21.022062044353561 ], [ 55.420065904048393, -21.02241357881427 ], [ 55.420221705663351, -21.022405123243441 ], [ 55.420222025143119, -21.022405116274843 ], [ 55.420222339603626, -21.022405129132345 ], [ 55.420222443401556, -21.022405139129617 ], [ 55.420223812824048, -21.022391953650999 ], [ 55.420228889077777, -21.022374843417367 ], [ 55.420237053661829, -21.022358819642783 ], [ 55.420248057057037, -21.022344371407268 ], [ 55.42026156563346, -21.022331935521017 ], [ 55.420277169384413, -21.022321892983104 ], [ 55.42029439275553, -21.022314545596259 ], [ 55.420312712903161, -21.022310117943103 ], [ 55.420331575218988, -21.022308744884153 ], [ 55.420350402987751, -21.022310468034323 ], [ 55.42036862625573, -21.022315235127799 ], [ 55.420385692402711, -21.022322901019489 ], [ 55.420401081485899, -21.022333232344053 ], [ 55.420414324431583, -21.022345915814519 ], [ 55.42042502123649, -21.022360565617763 ], [ 55.420432846596846, -21.022376737016266 ], [ 55.420437561318955, -21.022393939100287 ], [ 55.420439023720206, -21.022411648443327 ], [ 55.420437655278185, -21.022424833933769 ], [ 55.420437864788532, -21.022424854849145 ], [ 55.420438174030075, -21.022424906499925 ], [ 55.420438479233397, -21.022424976179309 ], [ 55.420438780389006, -21.022425064790511 ], [ 55.420439073658486, -21.022425171394591 ], [ 55.420439183809613, -21.022425217582978 ], [ 55.42044066641629, -21.022425851021321 ], [ 55.420666209715336, -21.022522380039018 ], [ 55.420669180657029, -21.022523651481638 ], [ 55.420659306320381, -21.022098034974558 ], [ 55.420537320450876, -21.02188213389557 ], [ 55.420535636553055, -21.021883713494812 ], [ 55.420425478019411, -21.021987017685959 ], [ 55.420422120905371, -21.021990167044759 ], [ 55.420422088846315, -21.021990196556082 ], [ 55.420421856813292, -21.021990395838156 ], [ 55.420421612417385, -21.021990581455803 ], [ 55.420421439978085, -21.021990694574015 ], [ 55.420429497413046, -21.022001730124316 ], [ 55.420437380182058, -21.022018021291824 ], [ 55.420442130119021, -21.022035350165694 ], [ 55.420443603655684, -21.022053189688698 ], [ 55.420441754534956, -21.022070999254332 ], [ 55.420436640411687, -21.022088237414454 ] ], [ [ 55.420253268420126, -21.022679376411318 ], [ 55.420268200002063, -21.022669763929272 ], [ 55.420284684096899, -21.022662733062045 ], [ 55.420302217232383, -21.022658495925821 ], [ 55.420320266971814, -21.022657183070468 ], [ 55.420338285505338, -21.02265883186276 ], [ 55.420355725936609, -21.022663392960862 ], [ 55.420372057683927, -21.022670729553983 ], [ 55.420386784766968, -21.022680616629 ], [ 55.420399459131723, -21.022692754643657 ], [ 55.420409695022897, -21.02270677507984 ], [ 55.420417184270875, -21.022722250521905 ], [ 55.420421696101471, -21.022738712720894 ], [ 55.420423096289859, -21.022755660902202 ], [ 55.420421340246143, -21.022772578864132 ], [ 55.420416480520913, -21.022788953113654 ], [ 55.420410743370098, -21.022800215535714 ], [ 55.420410837215478, -21.022800257056151 ], [ 55.420411034364221, -21.022800355541055 ], [ 55.420412754556253, -21.02280126759814 ], [ 55.420500250703192, -21.022847680954225 ], [ 55.420501890518587, -21.022848551615184 ], [ 55.420627527366953, -21.022727721599935 ], [ 55.420668695364576, -21.022533371062185 ], [ 55.420665096145989, -21.022531830019567 ], [ 55.420438358506061, -21.022434791281807 ], [ 55.420435882729358, -21.022433731291507 ], [ 55.420432112244278, -21.022446437398653 ], [ 55.420423947684469, -21.022462460280231 ], [ 55.420412944286419, -21.022476909430686 ], [ 55.420399436679247, -21.022489344434451 ], [ 55.42038383291743, -21.022499386982812 ], [ 55.420366609528166, -21.022506734377497 ], [ 55.420348288395289, -21.02251116202601 ], [ 55.420329427015844, -21.022512535094119 ], [ 55.420310598260293, -21.022510811931134 ], [ 55.420292374971268, -21.022506044830163 ], [ 55.42027530976199, -21.022498379840396 ], [ 55.420259920681673, -21.022488047600909 ], [ 55.420246676776252, -21.022475364109702 ], [ 55.420235979982195, -21.022460714296002 ], [ 55.420228155601968, -21.022444542898608 ], [ 55.420223439931647, -21.022427341704574 ], [ 55.420222349589011, -21.022414133376358 ], [ 55.42022225522998, -21.022414140629575 ], [ 55.420221416780301, -21.02241418703926 ], [ 55.420066096466094, -21.022422616368328 ], [ 55.42007825564928, -21.022622218962319 ], [ 55.420231713150869, -21.022700934101032 ], [ 55.4202321169724, -21.022701140192773 ], [ 55.420232255687864, -21.022701214649107 ], [ 55.420232522432364, -21.022701373398892 ], [ 55.420232606477043, -21.022701431991184 ], [ 55.420240340771656, -21.022691276611059 ], [ 55.420253268420126, -21.022679376411318 ] ], [ [ 55.421022726772016, -21.01963291060737 ], [ 55.421031471559786, -21.019643531567933 ], [ 55.421114496228881, -21.019579232649114 ], [ 55.420939808903348, -21.019340094677549 ], [ 55.420883811994919, -21.019493744772099 ], [ 55.421020380880428, -21.019631853639954 ], [ 55.420837071863758, -21.019751435067217 ], [ 55.420805387987258, -21.019708931196039 ], [ 55.420804762890526, -21.019710644383657 ], [ 55.420836168748764, -21.019753603649839 ], [ 55.421022726772016, -21.01963291060737 ] ], [ [ 55.421168406560454, -21.01980984765974 ], [ 55.420820971463442, -21.020056304963408 ], [ 55.420696661737331, -21.020007261027118 ], [ 55.42064817369566, -21.020140304958893 ], [ 55.42065019361425, -21.020177241834755 ], [ 55.42078392515235, -21.020178484522241 ], [ 55.420785572227054, -21.020276674736039 ], [ 55.421066625626338, -21.020360821096464 ], [ 55.421150882874933, -21.020350995766329 ], [ 55.420826951377421, -21.020067377208342 ], [ 55.421119344340774, -21.019930587910384 ], [ 55.421281150797171, -21.019855119184768 ], [ 55.421223040573842, -21.019794853171831 ], [ 55.421187664885743, -21.019733647368813 ], [ 55.421186263690984, -21.019732684987012 ], [ 55.421198893740033, -21.019725442991565 ], [ 55.421467925662157, -21.019543010709842 ], [ 55.421471090128911, -21.01954170408909 ], [ 55.421412517552028, -21.019360138772313 ], [ 55.42140177140206, -21.01936846146285 ], [ 55.421433879987646, -21.019481025098365 ], [ 55.421443000311861, -21.019513000074181 ], [ 55.421164000703037, -21.019646999354588 ], [ 55.421119959857634, -21.019586710352598 ], [ 55.42103735809917, -21.019650680783375 ], [ 55.421168406560454, -21.01980984765974 ] ], [ [ 55.42139889504579, -21.019317911033568 ], [ 55.421423774177732, -21.019195401572347 ], [ 55.421416343022614, -21.019183184938019 ], [ 55.421391117409058, -21.019331112030621 ], [ 55.421399035288175, -21.019358870956736 ], [ 55.421409495293425, -21.019350770533833 ], [ 55.42139889504579, -21.019317911033568 ] ], [ [ 55.423409538600801, -21.020018371105962 ], [ 55.423406836784103, -21.020035695257477 ], [ 55.42340683697369, -21.020035695175295 ], [ 55.423409538600801, -21.020018371105962 ] ], [ [ 55.423733587882076, -21.02064708751546 ], [ 55.423806035878272, -21.020624730946867 ], [ 55.424077448726024, -21.02053510333867 ], [ 55.423733587882076, -21.02064708751546 ] ], [ [ 55.423852606298986, -21.020908427884287 ], [ 55.423648681123659, -21.021125796686004 ], [ 55.423685820784264, -21.021087519127683 ], [ 55.423852606298986, -21.020908427884287 ] ], [ [ 55.423504098755828, -21.021281992345738 ], [ 55.423554822991342, -21.021227592059756 ], [ 55.423648681123659, -21.021125796686004 ], [ 55.423504098755828, -21.021281992345738 ] ], [ [ 55.423723695285844, -21.021468094642483 ], [ 55.423723750307985, -21.021468077086311 ], [ 55.423725332751616, -21.021450796135184 ], [ 55.423723695285844, -21.021468094642483 ] ], [ [ 55.423904886877494, -21.021211875240144 ], [ 55.423871462429837, -21.021250454656755 ], [ 55.423725332751616, -21.021450796135184 ], [ 55.423904886877494, -21.021211875240144 ] ], [ [ 55.423734393966505, -21.021583892967033 ], [ 55.423717383089553, -21.021537559155963 ], [ 55.423722850634661, -21.021477882274276 ], [ 55.4237227666585, -21.021477908595152 ], [ 55.423717094668866, -21.02153781482852 ], [ 55.423734393966505, -21.021583892967033 ] ], [ [ 55.423864579480217, -21.021602646266814 ], [ 55.423997561315858, -21.021618512216612 ], [ 55.424089707177068, -21.021622686651742 ], [ 55.424000178086388, -21.02161805861644 ], [ 55.423734393966505, -21.021583892967033 ], [ 55.423864579480217, -21.021602646266814 ] ], [ [ 55.424280495148523, -21.024448884842091 ], [ 55.424266477099025, -21.024437584655143 ], [ 55.42427171665156, -21.024450118713155 ], [ 55.424280495148523, -21.024448884842091 ] ], [ [ 55.422310192875962, -21.023379390841022 ], [ 55.422435366356126, -21.023357090507211 ], [ 55.422459687915598, -21.023352762561554 ], [ 55.422459013019612, -21.023352534087497 ], [ 55.422310192875962, -21.023379390841022 ] ], [ [ 55.422403888001938, -21.023643635277349 ], [ 55.422419094764741, -21.023505932710716 ], [ 55.422435366356126, -21.023357090507211 ], [ 55.422403888001938, -21.023643635277349 ] ], [ [ 55.423227670549181, -21.023640062742324 ], [ 55.423249374987073, -21.023704678811939 ], [ 55.423248535160653, -21.023701525677797 ], [ 55.423227670549181, -21.023640062742324 ] ], [ [ 55.422413493870643, -21.023831187543895 ], [ 55.422390849617315, -21.023794604038521 ], [ 55.422390756882798, -21.023794456842595 ], [ 55.422413493870643, -21.023831187543895 ] ], [ [ 55.422476433256804, -21.020947569063676 ], [ 55.422416741999641, -21.020910477535313 ], [ 55.422299820326742, -21.020904244092645 ], [ 55.422476433256804, -21.020947569063676 ] ], [ [ 55.423115955596764, -21.021277380441646 ], [ 55.423036438168467, -21.021245750956052 ], [ 55.422947337903352, -21.021201204715965 ], [ 55.422932666899513, -21.021194488083299 ], [ 55.422966813456938, -21.020710889750863 ], [ 55.422946716538576, -21.020946554079824 ], [ 55.422929242105361, -21.021192919800523 ], [ 55.422761506660642, -21.021372646206689 ], [ 55.422669862597878, -21.02144543924398 ], [ 55.422797676569289, -21.021390548248664 ], [ 55.422821762748157, -21.021322504218219 ], [ 55.422891209503788, -21.021262196709326 ], [ 55.423115955596764, -21.021277380441646 ] ], [ [ 55.423367252485242, -21.020829283524996 ], [ 55.423366966768192, -21.020829465150925 ], [ 55.423471748820738, -21.020762905253932 ], [ 55.423367252485242, -21.020829283524996 ] ], [ [ 55.423828112132746, -21.020340205927162 ], [ 55.423806744030607, -21.020310818434197 ], [ 55.423806715943833, -21.02031083624005 ], [ 55.423828112132746, -21.020340205927162 ] ], [ [ 55.423870886087336, -21.020398686777824 ], [ 55.423909572405464, -21.020461825129459 ], [ 55.423870983245493, -21.020398687678203 ], [ 55.423828112132746, -21.020340205927162 ], [ 55.423870886087336, -21.020398686777824 ] ], [ [ 55.424006820400415, -21.017352222015564 ], [ 55.424008363752783, -21.017349726927115 ], [ 55.423848043772679, -21.017473894208159 ], [ 55.423999851940856, -21.017412497483249 ], [ 55.424006820400415, -21.017352222015564 ] ], [ [ 55.423767858296216, -21.017670466912787 ], [ 55.423714618834346, -21.017577230080189 ], [ 55.423638658467141, -21.017636059501996 ], [ 55.423758309382471, -21.017727919100508 ], [ 55.423767858296216, -21.017670466912787 ] ], [ [ 55.423764177655869, -21.017908332333938 ], [ 55.423773782552416, -21.018047187407586 ], [ 55.423781655415858, -21.018160999397594 ], [ 55.423764177655869, -21.017908332333938 ] ], [ [ 55.423349938303183, -21.018419554835219 ], [ 55.42345728753827, -21.018487430226816 ], [ 55.423535018856704, -21.01846023760001 ], [ 55.423675216026474, -21.01843913583809 ], [ 55.423744415625038, -21.018445648636973 ], [ 55.423682494696479, -21.018387533217652 ], [ 55.423521464493945, -21.018415045073667 ], [ 55.423418529530487, -21.018462923771228 ], [ 55.423349938303183, -21.018419554835219 ] ], [ [ 55.423397429619129, -21.018113053481606 ], [ 55.423389662084482, -21.018049643391809 ], [ 55.423406452350271, -21.018193417634492 ], [ 55.423406494103354, -21.01819338098591 ], [ 55.423397429619129, -21.018113053481606 ] ], [ [ 55.423044383409525, -21.018540491017092 ], [ 55.422851430918193, -21.01871869852522 ], [ 55.422906223351653, -21.018736795775787 ], [ 55.422967417734341, -21.01874807729849 ], [ 55.423121553645039, -21.018764728890869 ], [ 55.423127163668823, -21.018544399282046 ], [ 55.423044383409525, -21.018540491017092 ] ], [ [ 55.42437822950253, -21.017946588534738 ], [ 55.42414350076735, -21.017615514351434 ], [ 55.424232250693727, -21.017740942404298 ], [ 55.42437822950253, -21.017946588534738 ] ], [ [ 55.424244379847167, -21.01806185989458 ], [ 55.42424237601255, -21.018016623567032 ], [ 55.424244327180141, -21.018061653452566 ], [ 55.423984924377393, -21.018134706986441 ], [ 55.424244379847167, -21.01806185989458 ] ] ], [ [ [ 55.420050588489119, -21.022654717592882 ], [ 55.420261569958534, -21.02304405118182 ], [ 55.420005343564348, -21.023163713715345 ], [ 55.41979147556377, -21.022773366608735 ], [ 55.420050588489119, -21.022654717592882 ] ] ], [ [ [ 55.421478544684007, -21.021127415502001 ], [ 55.421160482511581, -21.021209232064546 ], [ 55.42105866637511, -21.020883950257854 ], [ 55.421169999415625, -21.020826221952834 ], [ 55.421231647292238, -21.020800803403333 ], [ 55.421319628497031, -21.020789189699631 ], [ 55.421367954533004, -21.02077155678975 ], [ 55.421458854325401, -21.020719030456053 ], [ 55.421508344876067, -21.020682894146688 ], [ 55.421645982339655, -21.020884880774272 ], [ 55.421478544684007, -21.021127415502001 ] ] ], [ [ [ 55.419420335388224, -21.020321951448661 ], [ 55.419996923439925, -21.020537008631276 ], [ 55.419442808331439, -21.020784355592049 ], [ 55.419220168407229, -21.020718092061099 ], [ 55.419107901099622, -21.020558704501791 ], [ 55.419228245117942, -21.020384360496589 ], [ 55.419420335388224, -21.020321951448661 ] ] ], [ [ [ 55.420265187541965, -21.019022750500049 ], [ 55.420260676385219, -21.019019292297372 ], [ 55.420281556147245, -21.018850396363479 ], [ 55.420886736480462, -21.018957880082102 ], [ 55.420814649480704, -21.019335973415505 ], [ 55.420351766693692, -21.019264038176765 ], [ 55.420349280422734, -21.01924215327243 ], [ 55.420349569244479, -21.019214828236702 ], [ 55.4203471460375, -21.019185769861256 ], [ 55.420340184674174, -21.019155815713443 ], [ 55.420323292907895, -21.019118936729164 ], [ 55.42030544615475, -21.01908631970494 ], [ 55.420284015288679, -21.019048544935433 ], [ 55.420265187541965, -21.019022750500049 ] ] ], [ [ [ 55.421858998298624, -21.092328530355331 ], [ 55.421996735968975, -21.09205560453513 ], [ 55.422461946462342, -21.092165395989017 ], [ 55.422403702752511, -21.09235996423914 ], [ 55.421858998298624, -21.092328530355331 ] ] ], [ [ [ 55.423111701812395, -21.09199849876093 ], [ 55.422870469775688, -21.092042847992627 ], [ 55.42278282441395, -21.092147278236048 ], [ 55.422732192556154, -21.092238763296173 ], [ 55.422619039079457, -21.092253338061688 ], [ 55.42257500781826, -21.092117975591201 ], [ 55.422802391123639, -21.091916757445908 ], [ 55.422854406762305, -21.091823554498546 ], [ 55.422743952411722, -21.091788455817387 ], [ 55.422684136229904, -21.09184348952115 ], [ 55.422601658278971, -21.091873207938896 ], [ 55.422365681871369, -21.091890926380707 ], [ 55.422283734289451, -21.091876253302402 ], [ 55.422178453949464, -21.091883584297086 ], [ 55.422113746515315, -21.091815646771419 ], [ 55.422092321747812, -21.091793154022103 ], [ 55.422178498674043, -21.091733546661967 ], [ 55.422170727427336, -21.091612703220445 ], [ 55.422147342958354, -21.091502915446586 ], [ 55.421995394622854, -21.091562717541354 ], [ 55.421917135304142, -21.091554816321928 ], [ 55.421875973982687, -21.09147194494286 ], [ 55.421886719011468, -21.091417503696345 ], [ 55.422020290314869, -21.091334253598053 ], [ 55.42220026758492, -21.091342262753834 ], [ 55.422225559203085, -21.091299459412518 ], [ 55.422191793161382, -21.091239968347189 ], [ 55.42222158583909, -21.091144363849065 ], [ 55.422281232487975, -21.091063811410315 ], [ 55.422291312390044, -21.091037334612682 ], [ 55.422371147799481, -21.090902715037831 ], [ 55.422452962516026, -21.090935754507626 ], [ 55.422434970827624, -21.091010902491814 ], [ 55.422647974527351, -21.091106132923702 ], [ 55.422706539946823, -21.091169440627098 ], [ 55.422754834746506, -21.09111967890918 ], [ 55.422809827115152, -21.090978524865417 ], [ 55.423224049772244, -21.090796972862741 ], [ 55.423333290000897, -21.090906835992197 ], [ 55.423426784966338, -21.090994692846024 ], [ 55.423508609661063, -21.091203393056215 ], [ 55.423489047309708, -21.091360656420466 ], [ 55.423567125109741, -21.091368066540596 ], [ 55.423613823099132, -21.091466869934628 ], [ 55.423605927169767, -21.091576637830755 ], [ 55.423562994260621, -21.091723025046843 ], [ 55.423531729696322, -21.091785242813362 ], [ 55.423367925198725, -21.09190232349755 ], [ 55.423231400087637, -21.091979099451638 ], [ 55.423111701812395, -21.09199849876093 ] ] ], [ [ [ 55.42272894878618, -21.088030830832825 ], [ 55.422948787311256, -21.087903815761393 ], [ 55.423144724044462, -21.088304287089542 ], [ 55.422926171184038, -21.088454258162425 ], [ 55.42272894878618, -21.088030830832825 ] ] ], [ [ [ 55.4228702680049, -21.079138669322123 ], [ 55.422842814859955, -21.079127059674615 ], [ 55.422847668409055, -21.079084460848133 ], [ 55.422841509754385, -21.079069687931799 ], [ 55.422814454105939, -21.079039561594715 ], [ 55.422810937168222, -21.079010848197289 ], [ 55.422828904305348, -21.078974227353559 ], [ 55.42293732069367, -21.078783537326345 ], [ 55.423019913061353, -21.078697829944787 ], [ 55.423006494871338, -21.078670556653982 ], [ 55.423007277772847, -21.07863256295613 ], [ 55.422996435652223, -21.078574026748193 ], [ 55.422993902201682, -21.078560739131234 ], [ 55.422993576328786, -21.07850961377742 ], [ 55.422992632839254, -21.07845180367541 ], [ 55.422994665018621, -21.078440170879741 ], [ 55.423050735553922, -21.07837152617255 ], [ 55.42309411876267, -21.078332493898142 ], [ 55.423138964042174, -21.078366071704856 ], [ 55.423211987929783, -21.078391745490524 ], [ 55.423240938230329, -21.078399184893414 ], [ 55.423286169137207, -21.078407977855345 ], [ 55.423311177571634, -21.078415668774266 ], [ 55.423374138980691, -21.078452963913268 ], [ 55.423509160905766, -21.078536113430005 ], [ 55.423662018606819, -21.078627215888616 ], [ 55.423739853577061, -21.078680941909887 ], [ 55.423815616486841, -21.078723623859187 ], [ 55.423870216274921, -21.07876158457729 ], [ 55.423982891687608, -21.078827699487618 ], [ 55.424032183846428, -21.078862546864784 ], [ 55.424073014376454, -21.078890633926036 ], [ 55.424146483163462, -21.078957407160221 ], [ 55.42424943700501, -21.079077327107598 ], [ 55.42429293891837, -21.079136771744494 ], [ 55.424298746758382, -21.079208486385191 ], [ 55.424276597870183, -21.079261751644861 ], [ 55.4240694110972, -21.079321512259394 ], [ 55.423877668395669, -21.079319384553362 ], [ 55.423809249766329, -21.079318207975433 ], [ 55.423754138294996, -21.07932775070368 ], [ 55.423601081706352, -21.079301067179092 ], [ 55.423381142749435, -21.079256406091829 ], [ 55.423188847969584, -21.079183001122846 ], [ 55.42310455274599, -21.079163248489444 ], [ 55.423050635094256, -21.079163450207819 ], [ 55.423004708841013, -21.079163622296075 ], [ 55.422924067479606, -21.07916617893407 ], [ 55.4228702680049, -21.079138669322123 ] ], [ [ 55.423075298516757, -21.078749155441987 ], [ 55.423077932232012, -21.078734419073093 ], [ 55.423073140243019, -21.078760607309651 ], [ 55.423075298516757, -21.078749155441987 ] ], [ [ 55.423136880523991, -21.0788013513551 ], [ 55.423111630774336, -21.0787810408555 ], [ 55.423171166412608, -21.078834174337238 ], [ 55.423136880523991, -21.0788013513551 ] ], [ [ 55.423262750250053, -21.078504069329622 ], [ 55.423250770589647, -21.07848101326633 ], [ 55.423240287900171, -21.078460839996239 ], [ 55.423262750250053, -21.078504069329622 ] ] ], [ [ [ 55.423109450715465, -21.078315479067189 ], [ 55.423145591115109, -21.078220747865412 ], [ 55.423141907123409, -21.078178030846093 ], [ 55.423129894357871, -21.078141055500389 ], [ 55.423094019768996, -21.078014613169511 ], [ 55.423169370481212, -21.077926066276572 ], [ 55.423229680484162, -21.07789170413076 ], [ 55.423312643686401, -21.077865312695877 ], [ 55.423424545110556, -21.077839190067508 ], [ 55.423523942503103, -21.078018606720523 ], [ 55.423651063107442, -21.077881841740613 ], [ 55.423684745782083, -21.077924584489178 ], [ 55.423734314111577, -21.077976926933431 ], [ 55.423759973779525, -21.078024897525591 ], [ 55.423765755527086, -21.078049955514782 ], [ 55.423782112052926, -21.078115301411739 ], [ 55.42380259688143, -21.0781872689127 ], [ 55.423846593929333, -21.078282413103452 ], [ 55.423878529826645, -21.078324162223225 ], [ 55.42391664704779, -21.078356727071036 ], [ 55.423993357680985, -21.078376876754479 ], [ 55.424044140631388, -21.078386789684632 ], [ 55.424088771791247, -21.078389394669763 ], [ 55.424225107819048, -21.078439309826916 ], [ 55.424324743557854, -21.078480739040693 ], [ 55.424291676525947, -21.078564179794416 ], [ 55.42425229837341, -21.078615796435219 ], [ 55.424182121348778, -21.078690429531871 ], [ 55.424126711213169, -21.078753249954381 ], [ 55.424109032601905, -21.078799690714398 ], [ 55.424077709764902, -21.078857342999598 ], [ 55.424009017826556, -21.078816017648183 ], [ 55.423871298675351, -21.078736332001618 ], [ 55.423674461673706, -21.078607429037039 ], [ 55.423456898286986, -21.078484900305405 ], [ 55.423311131544949, -21.078400779232791 ], [ 55.423287654184563, -21.078391642805002 ], [ 55.423226017140117, -21.078372321182577 ], [ 55.423109450715465, -21.078315479067189 ] ] ], [ [ [ 55.423095040073882, -21.077940242121336 ], [ 55.423095132161897, -21.077939358645182 ], [ 55.423095386607599, -21.077938502873451 ], [ 55.423095795426498, -21.077937701830979 ], [ 55.423096345860579, -21.077936978885031 ], [ 55.42309702131201, -21.077936356463923 ], [ 55.423097802324563, -21.077935854259461 ], [ 55.423098663725177, -21.077935486490571 ], [ 55.423099580359867, -21.077935265569725 ], [ 55.423100524263859, -21.077935196656856 ], [ 55.423101466529111, -21.077935283096568 ], [ 55.423102378323797, -21.077935521007731 ], [ 55.423103231797484, -21.077935904711744 ], [ 55.423104001100604, -21.0779364213222 ], [ 55.423104664251987, -21.077937056182016 ], [ 55.423105198374806, -21.077937788302677 ], [ 55.423105590206042, -21.077938597688345 ], [ 55.423105826558889, -21.077939457117424 ], [ 55.423105899020044, -21.077940343025919 ], [ 55.423105807894423, -21.077941226511022 ], [ 55.423105553448771, -21.077942082282771 ], [ 55.423105144620379, -21.077942884228491 ], [ 55.423104595158186, -21.077943606280186 ], [ 55.423103918744417, -21.077944228692385 ], [ 55.423103137722308, -21.077944731800077 ], [ 55.423102276331171, -21.077945098665783 ], [ 55.423101360658755, -21.077945319595578 ], [ 55.423100415792362, -21.077945388499501 ], [ 55.423099474489376, -21.077945302068724 ], [ 55.423098562694641, -21.077945064157543 ], [ 55.423097708258595, -21.077944680444567 ], [ 55.42309693895546, -21.077944163834083 ], [ 55.423096276756887, -21.077943529886401 ], [ 55.42309574168128, -21.077942796853545 ], [ 55.423095349840565, -21.077941988371069 ], [ 55.423095114459642, -21.077941128047712 ], [ 55.423095040073882, -21.077940242121336 ] ] ], [ [ [ 55.423188751449956, -21.077476632685865 ], [ 55.423290023003219, -21.07749856454728 ], [ 55.423454598626492, -21.077553378386568 ], [ 55.423454306017959, -21.077614890489251 ], [ 55.423525224005452, -21.07762950441213 ], [ 55.423520070501091, -21.077618070424041 ], [ 55.423519870182282, -21.077617535615335 ], [ 55.423519743210058, -21.077616981615382 ], [ 55.423519691423344, -21.077616416570947 ], [ 55.423519403847031, -21.077604899517066 ], [ 55.423517743645526, -21.077601433483089 ], [ 55.423509615159659, -21.077566466150103 ], [ 55.423515188082895, -21.0775415958366 ], [ 55.423515645654888, -21.077541282125232 ], [ 55.423492279150068, -21.0774991030944 ], [ 55.42343870211301, -21.07750128545932 ], [ 55.423266483714201, -21.077446677007917 ], [ 55.423277434930142, -21.077223952391194 ], [ 55.423479059964322, -21.077253728549369 ], [ 55.423549224473419, -21.077275527539761 ], [ 55.423500399414152, -21.07749688414464 ], [ 55.423521911067738, -21.077536989126308 ], [ 55.423574032413498, -21.077501269892377 ], [ 55.423629542342695, -21.077474868056026 ], [ 55.423717265353801, -21.077451857415056 ], [ 55.423757263750232, -21.077431126909865 ], [ 55.423765287002311, -21.077388543923711 ], [ 55.423774763759447, -21.077390116069612 ], [ 55.42376633580011, -21.077434845154801 ], [ 55.423766158677871, -21.077435487563587 ], [ 55.423765882759618, -21.077436098342492 ], [ 55.423765514914955, -21.077436664909094 ], [ 55.423765395101015, -21.077436801098063 ], [ 55.423770163353701, -21.077435301644293 ], [ 55.423807335210931, -21.077435646898795 ], [ 55.423844380948481, -21.07744795429857 ], [ 55.423869117575329, -21.077469638357616 ], [ 55.423869390432841, -21.077470321981124 ], [ 55.423887302947712, -21.077500181670906 ], [ 55.423911054985723, -21.077488002646788 ], [ 55.423997525043767, -21.07746004819597 ], [ 55.424046148665418, -21.077451822634181 ], [ 55.424145098151762, -21.077451648509797 ], [ 55.424261891434028, -21.077436911680401 ], [ 55.42422978365687, -21.077376048078552 ], [ 55.424306811236946, -21.077301711576265 ], [ 55.424396851180539, -21.077214817104441 ], [ 55.424451522275653, -21.077184428152567 ], [ 55.424517764674221, -21.077264892300189 ], [ 55.424555115769678, -21.077297542025466 ], [ 55.424597206280943, -21.077318826136377 ], [ 55.42468450167015, -21.07735108043342 ], [ 55.424719139426792, -21.077411344165455 ], [ 55.42471909340783, -21.077411333496332 ], [ 55.424790256061364, -21.077535075549886 ], [ 55.424789899249113, -21.077602824387203 ], [ 55.424787866156457, -21.07762478826735 ], [ 55.42478543224226, -21.077651087888515 ], [ 55.424768755103685, -21.077721714004824 ], [ 55.424678832234775, -21.077818401541961 ], [ 55.424676274502474, -21.077869143354565 ], [ 55.424664836723814, -21.077933924951605 ], [ 55.424515048907224, -21.078132696100269 ], [ 55.42444398427812, -21.078231220641449 ], [ 55.424425392670948, -21.078303942658202 ], [ 55.424203005685946, -21.078313219587884 ], [ 55.424116889030564, -21.078313722453267 ], [ 55.424094920373221, -21.07830836149309 ], [ 55.424083021895839, -21.078366695504833 ], [ 55.42397656008977, -21.078340483911038 ], [ 55.42391741041974, -21.078314355775163 ], [ 55.423877420047987, -21.078266025373708 ], [ 55.423837884509226, -21.078202491206103 ], [ 55.42381771913378, -21.078151796713694 ], [ 55.423807322374699, -21.078111054293768 ], [ 55.423800140999518, -21.078058727992438 ], [ 55.423773825913209, -21.077994600288761 ], [ 55.423733802363103, -21.07793117357777 ], [ 55.423721220740781, -21.07791573220403 ], [ 55.42369199455365, -21.077898136313024 ], [ 55.423657882903385, -21.077809094482287 ], [ 55.423653239241993, -21.077803158209207 ], [ 55.423642548223732, -21.077795986050301 ], [ 55.423642109027995, -21.077795652265582 ], [ 55.423641713622878, -21.077795272819266 ], [ 55.423641368697062, -21.077794852290005 ], [ 55.423531624955835, -21.077643480135521 ], [ 55.423531412765797, -21.077643158395659 ], [ 55.423531172191325, -21.077642699090326 ], [ 55.423530222355119, -21.077640592800929 ], [ 55.423529458776592, -21.077639624594898 ], [ 55.423454262474316, -21.077624129954071 ], [ 55.42345417306327, -21.077643011734484 ], [ 55.423360104195112, -21.077793728918142 ], [ 55.423165936199005, -21.077848999934766 ], [ 55.423037496059742, -21.077877528657439 ], [ 55.423006402365395, -21.077799127646703 ], [ 55.423006834890067, -21.077797904079773 ], [ 55.422988375663692, -21.077716973803131 ], [ 55.423002579814842, -21.077675123071099 ], [ 55.423047508450679, -21.07765616476652 ], [ 55.423119723188819, -21.077660066012562 ], [ 55.423159457747431, -21.077644287811985 ], [ 55.423188751449956, -21.077476632685865 ] ], [ [ 55.424562198664937, -21.077482799083661 ], [ 55.42459731818019, -21.07737989940513 ], [ 55.424615781284444, -21.077385249909909 ], [ 55.424597284096954, -21.077379754560454 ], [ 55.424560968752473, -21.077485624033098 ], [ 55.424514865389568, -21.077650497522885 ], [ 55.424562198664937, -21.077482799083661 ] ], [ [ 55.424440378516046, -21.077276283514863 ], [ 55.424469787938918, -21.077307539802312 ], [ 55.424481620234623, -21.077317923806433 ], [ 55.424440378516046, -21.077276283514863 ] ] ], [ [ [ 55.422675212735371, -21.077253213562731 ], [ 55.422508422609148, -21.077104060231537 ], [ 55.422544543549293, -21.077012361351034 ], [ 55.4226406131693, -21.077025410037876 ], [ 55.42266803398303, -21.077056921832661 ], [ 55.422675212735371, -21.077253213562731 ] ] ], [ [ [ 55.423805432037128, -21.076693657368743 ], [ 55.423903702670721, -21.076938761365021 ], [ 55.423788577609059, -21.077183255550903 ], [ 55.423734017918882, -21.077146292449246 ], [ 55.423680931782499, -21.077134241619873 ], [ 55.423588525641541, -21.077164935590694 ], [ 55.423539817448173, -21.077209754785947 ], [ 55.423261027219134, -21.077212944974498 ], [ 55.423177677247651, -21.076945091447168 ], [ 55.423117885022577, -21.076723461917254 ], [ 55.423600115733237, -21.076434796285078 ], [ 55.423805432037128, -21.076693657368743 ] ] ], [ [ [ 55.423533503915245, -21.076317617310522 ], [ 55.423609280436821, -21.076395493855387 ], [ 55.423527292351721, -21.076431077507085 ], [ 55.423486893087002, -21.076451514289264 ], [ 55.423457173900289, -21.076474948066991 ], [ 55.423423209788858, -21.076501729784528 ], [ 55.423369154076717, -21.076533365262389 ], [ 55.423249821986325, -21.07657754361416 ], [ 55.423156664084395, -21.076539474695771 ], [ 55.423152618180545, -21.076419202274138 ], [ 55.423162555277848, -21.076358234141857 ], [ 55.423205916473613, -21.076275145777821 ], [ 55.423214863444201, -21.076233683363803 ], [ 55.42334677553108, -21.076263920241921 ], [ 55.423412381147685, -21.076289500587073 ], [ 55.423481009318166, -21.076296136945132 ], [ 55.423533503915245, -21.076317617310522 ] ] ], [ [ [ 55.423443363035048, -21.076249361145031 ], [ 55.423406685124185, -21.076247106319446 ], [ 55.423374205640229, -21.076233408625118 ], [ 55.423315342061393, -21.076207983039914 ], [ 55.423258845221575, -21.076171228538495 ], [ 55.423258638751221, -21.076171094738228 ], [ 55.423258642180492, -21.076170769581584 ], [ 55.423259346065173, -21.076104119703096 ], [ 55.423272062458089, -21.076058307679311 ], [ 55.423352867538874, -21.075936577937462 ], [ 55.423392958246346, -21.075882508398944 ], [ 55.423457431236201, -21.075882050467712 ], [ 55.423477239902532, -21.075890236826453 ], [ 55.423477570213599, -21.075889669911579 ], [ 55.423621121136641, -21.075732457660642 ], [ 55.423621282805492, -21.075732367928836 ], [ 55.423587710835932, -21.075709108621364 ], [ 55.423518709470919, -21.075687416236718 ], [ 55.423570189594443, -21.075630481485195 ], [ 55.423627920827059, -21.075569776586008 ], [ 55.423654970641344, -21.07551835717355 ], [ 55.42366764650378, -21.075476372020493 ], [ 55.423673095574273, -21.075476563546836 ], [ 55.423675308218741, -21.075463595524017 ], [ 55.423702185687411, -21.075431075184081 ], [ 55.423754862911494, -21.075402071635587 ], [ 55.4238341056789, -21.075370038512151 ], [ 55.423890413416032, -21.075364281682543 ], [ 55.423939595740606, -21.07536881592193 ], [ 55.423994442293441, -21.075385633451369 ], [ 55.424009375914061, -21.075554182796253 ], [ 55.424020217071401, -21.075686332628788 ], [ 55.42402631279591, -21.075854799899727 ], [ 55.424031346821572, -21.075887610301777 ], [ 55.424031520725904, -21.075954561024517 ], [ 55.423997416217219, -21.07601540687924 ], [ 55.42395387858469, -21.076052196014565 ], [ 55.423926451716341, -21.076064338221872 ], [ 55.423857567861226, -21.076063612686404 ], [ 55.423848300881488, -21.07611947170416 ], [ 55.423837577415007, -21.076184127094347 ], [ 55.423820193556026, -21.07627557397447 ], [ 55.423685777748688, -21.076351162174877 ], [ 55.423642135838726, -21.076348809292853 ], [ 55.423605016171081, -21.076301098080112 ], [ 55.423559534440869, -21.076254267588229 ], [ 55.423519948979354, -21.076239517508299 ], [ 55.423486258358828, -21.076242104143155 ], [ 55.423443363035048, -21.076249361145031 ] ] ], [ [ [ 55.422950341765684, -21.075774952625178 ], [ 55.422988039830287, -21.075680571905806 ], [ 55.42299544209731, -21.075558638997485 ], [ 55.423083690598958, -21.07531114864944 ], [ 55.42314685138723, -21.075122273430047 ], [ 55.423191800816362, -21.075087852518021 ], [ 55.423279755824417, -21.075079672779303 ], [ 55.423359391601146, -21.075102904803167 ], [ 55.423367059649046, -21.075230440918499 ], [ 55.42337129515078, -21.075300902556442 ], [ 55.423443815117231, -21.075378794064065 ], [ 55.423478322918839, -21.075369425803402 ], [ 55.423679340550976, -21.075395515001091 ], [ 55.423659838780651, -21.075450236540178 ], [ 55.423574876481837, -21.075461718731582 ], [ 55.423617486685984, -21.075474179012247 ], [ 55.4236340571765, -21.075495382561513 ], [ 55.423598682444172, -21.07557063142443 ], [ 55.423534711447452, -21.075634207759421 ], [ 55.423488687770522, -21.075684244990104 ], [ 55.423419519051087, -21.075807839832883 ], [ 55.423380608215993, -21.075867939941698 ], [ 55.423334099805771, -21.075927790602965 ], [ 55.423286051263965, -21.075997427761109 ], [ 55.423253500472484, -21.076054101985175 ], [ 55.423234270863382, -21.076114841071099 ], [ 55.423234255904674, -21.076114890613695 ], [ 55.423216738284992, -21.076180751965079 ], [ 55.423100305728674, -21.07609294328461 ], [ 55.422952749148912, -21.075981660278945 ], [ 55.422916489194151, -21.075939700108883 ], [ 55.422921879898759, -21.07586367868134 ], [ 55.422956568346528, -21.075838293067722 ], [ 55.422950341765684, -21.075774952625178 ] ] ], [ [ [ 55.423277008312695, -21.074821573101495 ], [ 55.423213510335302, -21.074799798956736 ], [ 55.423186965984023, -21.074755654599805 ], [ 55.423150632515139, -21.07474139896453 ], [ 55.423095898343007, -21.074713776026972 ], [ 55.423039965106454, -21.074669356783389 ], [ 55.423008586926869, -21.074644532465623 ], [ 55.422966367184976, -21.074604113977323 ], [ 55.422940518755013, -21.074576758491006 ], [ 55.422926142230843, -21.074516551742573 ], [ 55.422921341413264, -21.07446649313712 ], [ 55.422929860881787, -21.074416557401353 ], [ 55.422953851349895, -21.074356092009655 ], [ 55.422978937383959, -21.074325337346277 ], [ 55.423034203403894, -21.07430260980902 ], [ 55.42308801257672, -21.074287615431167 ], [ 55.423128119046879, -21.074267329551759 ], [ 55.42316684489483, -21.07422053790361 ], [ 55.423214360155022, -21.074121288267346 ], [ 55.423262071470226, -21.074003349317419 ], [ 55.423283522397647, -21.073977705134112 ], [ 55.423436004731457, -21.073872773178728 ], [ 55.423508616632994, -21.073844767815928 ], [ 55.423583901290037, -21.073825598050245 ], [ 55.423729043623467, -21.073708196205793 ], [ 55.42375361260688, -21.073705739765181 ], [ 55.42381459151887, -21.073708990674522 ], [ 55.423823456134855, -21.073737752829523 ], [ 55.423837351287766, -21.073868852502777 ], [ 55.423854050419379, -21.073927323841204 ], [ 55.423941144295192, -21.074071532680922 ], [ 55.423972899679249, -21.074099015136248 ], [ 55.424062418538398, -21.074119819273179 ], [ 55.424359076410944, -21.074158399419815 ], [ 55.424587451210336, -21.074219710966041 ], [ 55.424845860354672, -21.07426572441512 ], [ 55.424734682703068, -21.074422015274269 ], [ 55.424699312268707, -21.074606457415754 ], [ 55.424699261393464, -21.074606718901141 ], [ 55.424702979534651, -21.074690263684349 ], [ 55.424741401082841, -21.074823955806501 ], [ 55.424781582924822, -21.074916542338073 ], [ 55.424839403620183, -21.074973155067568 ], [ 55.424788770423362, -21.075012799873488 ], [ 55.424708271373575, -21.075046910239156 ], [ 55.42465346922134, -21.075053739993621 ], [ 55.424959652090266, -21.075142391824702 ], [ 55.424898111399003, -21.075234154422933 ], [ 55.424887830773436, -21.075300036191024 ], [ 55.424894839601968, -21.075393070889373 ], [ 55.424925571264573, -21.075508817069206 ], [ 55.425023981445385, -21.075623852630066 ], [ 55.425023704859115, -21.075650108150196 ], [ 55.425005563027831, -21.075664943637133 ], [ 55.424977432326706, -21.07567968732452 ], [ 55.424929379336987, -21.075688618543541 ], [ 55.424895273139683, -21.07570143150469 ], [ 55.424871098455796, -21.07571996239869 ], [ 55.42485879473633, -21.075749856801441 ], [ 55.424880720469481, -21.07582329640702 ], [ 55.424893514954732, -21.075860368333228 ], [ 55.424893594700123, -21.075860837887067 ], [ 55.424875413310581, -21.075879424403588 ], [ 55.424795476756067, -21.075927880825599 ], [ 55.424722649484465, -21.075964281787382 ], [ 55.424601833085482, -21.07586188121363 ], [ 55.424423527381961, -21.075715807871006 ], [ 55.424239543998688, -21.075539673956033 ], [ 55.42410491893466, -21.07542026394653 ], [ 55.424023510983204, -21.075370744174354 ], [ 55.424130339560016, -21.075255405328178 ], [ 55.423974240251724, -21.075269419454713 ], [ 55.423970077225448, -21.075251034737818 ], [ 55.423780316620714, -21.075133510751311 ], [ 55.42376087791277, -21.075134331978859 ], [ 55.423590849027775, -21.075150974167105 ], [ 55.423431964244095, -21.075109622057553 ], [ 55.423387458584521, -21.075049394704298 ], [ 55.423406254403289, -21.074970264850009 ], [ 55.423359855390963, -21.074897110820487 ], [ 55.423328794427249, -21.074856889115669 ], [ 55.423277008312695, -21.074821573101495 ] ], [ [ 55.423814163799243, -21.074975096018068 ], [ 55.423865615451746, -21.074814376939038 ], [ 55.423897281460256, -21.074707744468945 ], [ 55.423814163799243, -21.074975096018068 ] ] ], [ [ [ 55.422940504358557, -21.074309595201854 ], [ 55.422904414146835, -21.074340538470071 ], [ 55.422864671411631, -21.074332540788351 ], [ 55.422861774776536, -21.074298946285836 ], [ 55.42284409625865, -21.074279709701873 ], [ 55.422796372042065, -21.07427602878537 ], [ 55.422762398269477, -21.074270921960256 ], [ 55.422735414265944, -21.074248313582565 ], [ 55.422694786658852, -21.074228773383666 ], [ 55.422683248689438, -21.074193534054643 ], [ 55.422690298403971, -21.074065435550509 ], [ 55.422705620096856, -21.073926007929533 ], [ 55.422632816866987, -21.073795243286373 ], [ 55.422604367808461, -21.073768018955906 ], [ 55.422587794176856, -21.073726344673801 ], [ 55.422579557899304, -21.073700717342803 ], [ 55.422588383766652, -21.073670457473543 ], [ 55.422612301847884, -21.073661098443072 ], [ 55.422634417507439, -21.073661303976781 ], [ 55.422661890853732, -21.073637605550275 ], [ 55.422673678148477, -21.073595927463806 ], [ 55.422739505418242, -21.073491257604438 ], [ 55.422739850799402, -21.073492728678954 ], [ 55.422747237916951, -21.073449961865059 ], [ 55.422776311499419, -21.073435859606334 ], [ 55.422793558874865, -21.073413663165518 ], [ 55.422790509872236, -21.073380099763231 ], [ 55.422766979237302, -21.073352733279105 ], [ 55.42274166304874, -21.073333334481553 ], [ 55.422712927314976, -21.073315501843343 ], [ 55.422711580651196, -21.073281953356744 ], [ 55.422711933401374, -21.073248421565864 ], [ 55.422712321764969, -21.07321169603161 ], [ 55.422727968841265, -21.073179902501966 ], [ 55.422745116087391, -21.073167287356537 ], [ 55.422770516470415, -21.073178701749136 ], [ 55.422802739090955, -21.073188582495781 ], [ 55.422831660081883, -21.073188850334162 ], [ 55.422874123509068, -21.073195633055683 ], [ 55.422896171731459, -21.073202226073789 ], [ 55.422919853952578, -21.073215220613978 ], [ 55.422952076583186, -21.073225102236545 ], [ 55.422988233779435, -21.07321040995792 ], [ 55.423020189578459, -21.073227798234932 ], [ 55.423040007857445, -21.073275281047032 ], [ 55.423072476705912, -21.073356449886987 ], [ 55.423087258137677, -21.073419143565861 ], [ 55.423086984804179, -21.073493061811451 ], [ 55.423090316350795, -21.073514532628071 ], [ 55.423138524051474, -21.073567619507543 ], [ 55.423149049267828, -21.073584643357847 ], [ 55.423156010420506, -21.073605164198764 ], [ 55.423206015788594, -21.073668212210226 ], [ 55.423232961239208, -21.073707342444923 ], [ 55.423266726064469, -21.073742749386287 ], [ 55.423281813263479, -21.073776457135843 ], [ 55.423288146948885, -21.073826640182858 ], [ 55.423280687121199, -21.073883250351418 ], [ 55.423257270907655, -21.07394559006951 ], [ 55.423219829706717, -21.074027633282153 ], [ 55.423188070523111, -21.074110493465124 ], [ 55.423144906928613, -21.07419553574783 ], [ 55.423116019614866, -21.074237226622717 ], [ 55.423077262428663, -21.074261072301184 ], [ 55.423020902472508, -21.074281308320209 ], [ 55.422974850749014, -21.074292058782319 ], [ 55.422940504358557, -21.074309595201854 ] ] ], [ [ [ 55.423160649222105, -21.073549126716387 ], [ 55.423113019144914, -21.073501953705435 ], [ 55.423113680218393, -21.073407967699165 ], [ 55.42308825960999, -21.073331939097741 ], [ 55.423068871375087, -21.073281912975208 ], [ 55.423059448963478, -21.07324491652826 ], [ 55.42304173016197, -21.073180413342268 ], [ 55.423028616238589, -21.073153342400104 ], [ 55.423018991103078, -21.073133470666836 ], [ 55.422978287429565, -21.073109121566482 ], [ 55.423145885833847, -21.073133186257461 ], [ 55.423354764944179, -21.073082073060014 ], [ 55.424128719836482, -21.072663185696456 ], [ 55.424154653070573, -21.072714905651274 ], [ 55.424182587555435, -21.072755992444836 ], [ 55.424187045443929, -21.072871415311969 ], [ 55.424203335175285, -21.072940795614688 ], [ 55.424238703408847, -21.072994378142127 ], [ 55.42434389188066, -21.073062807839573 ], [ 55.42436978688486, -21.073118077389182 ], [ 55.424422221718558, -21.073205694851058 ], [ 55.42454399970773, -21.073303400892357 ], [ 55.42462327395269, -21.073339963477181 ], [ 55.42467575121966, -21.073399641225944 ], [ 55.424696453482923, -21.073482389766827 ], [ 55.424690261215545, -21.073597599066602 ], [ 55.424692136192128, -21.073734690759466 ], [ 55.424728957594581, -21.073862761236736 ], [ 55.424751993429766, -21.074038991582984 ], [ 55.424868040484995, -21.074208295972056 ], [ 55.424849426448198, -21.074242391795082 ], [ 55.424617485365019, -21.074204412302773 ], [ 55.424375883806952, -21.074138306130589 ], [ 55.424057703187074, -21.074094852487832 ], [ 55.423968175713703, -21.074065006217701 ], [ 55.423943583579735, -21.074033314951798 ], [ 55.423887458384662, -21.073946754268373 ], [ 55.423859677946041, -21.073876708997759 ], [ 55.423849230526635, -21.073804911492545 ], [ 55.423839196232052, -21.07369392355621 ], [ 55.423816941087068, -21.073679376967299 ], [ 55.42374220132443, -21.07367334255574 ], [ 55.423584594141019, -21.073802419439421 ], [ 55.423533296058551, -21.073817599002421 ], [ 55.423338465185239, -21.073775332172687 ], [ 55.423309742754817, -21.073764893275833 ], [ 55.423278402348004, -21.073713774252933 ], [ 55.423247136207621, -21.073688560799884 ], [ 55.423209577980302, -21.073630578528217 ], [ 55.423182315894572, -21.073594827310277 ], [ 55.423178475145335, -21.073589790950781 ], [ 55.423160649222105, -21.073549126716387 ] ] ], [ [ [ 55.423225305007769, -21.066603447909731 ], [ 55.422933099879053, -21.066640072612905 ], [ 55.422952660636199, -21.066581201834992 ], [ 55.422808548265849, -21.066528185178782 ], [ 55.42284576683344, -21.066384288922446 ], [ 55.422917515723931, -21.066351444723274 ], [ 55.423015387695791, -21.066196456518931 ], [ 55.423006150922653, -21.06604193041472 ], [ 55.422876544976745, -21.065967876984452 ], [ 55.422921354923339, -21.06584007759983 ], [ 55.423039926118669, -21.065782900611328 ], [ 55.42299861996257, -21.065725693804215 ], [ 55.422871088426312, -21.065749277724915 ], [ 55.422855920790823, -21.065568470944871 ], [ 55.422992670762952, -21.065553714813017 ], [ 55.423015276674349, -21.065618031252797 ], [ 55.423079034217423, -21.065606968135349 ], [ 55.423102952817807, -21.065493179073592 ], [ 55.423106433839735, -21.06496997075763 ], [ 55.423510459023795, -21.064942823440099 ], [ 55.423508965493241, -21.064976333841514 ], [ 55.423828670779727, -21.065029236659164 ], [ 55.423832304676743, -21.065614486767949 ], [ 55.423751294390911, -21.065531558534541 ], [ 55.423485113732767, -21.06551143656591 ], [ 55.423448262899072, -21.065509676195266 ], [ 55.423314903700593, -21.065760685008946 ], [ 55.423104591799955, -21.065833037433112 ], [ 55.423116409766052, -21.066037126422479 ], [ 55.423152599934873, -21.066137994684915 ], [ 55.423289013553187, -21.066155288000054 ], [ 55.423297957886874, -21.066337493992258 ], [ 55.423231096751188, -21.066348529254366 ], [ 55.423234339300642, -21.066482602213402 ], [ 55.423190851106284, -21.06648511236833 ], [ 55.423225305007769, -21.066603447909731 ] ] ], [ [ [ 55.421985285803416, -21.055007242726518 ], [ 55.421830506644831, -21.054925446816661 ], [ 55.421758573350104, -21.05485903242295 ], [ 55.421339254635086, -21.05452640291594 ], [ 55.421264982035524, -21.054496794249051 ], [ 55.421220429427265, -21.054479032207048 ], [ 55.420860118713904, -21.054208587854244 ], [ 55.421236262299161, -21.05291820861958 ], [ 55.421498794455438, -21.052914867337325 ], [ 55.421703984098158, -21.052901967953574 ], [ 55.421953406682476, -21.052864095528406 ], [ 55.422278317070997, -21.052801366726456 ], [ 55.422636581088362, -21.052715179290917 ], [ 55.422848952009758, -21.052619426434617 ], [ 55.423056618049507, -21.052545606997636 ], [ 55.423235739989451, -21.052532659742798 ], [ 55.423409084068467, -21.052575665311775 ], [ 55.423584638604915, -21.052655216313088 ], [ 55.423713992190002, -21.05268807209815 ], [ 55.423785822870698, -21.052764225945985 ], [ 55.423810631978135, -21.052871598834727 ], [ 55.423817065130358, -21.052978020753681 ], [ 55.423817259315626, -21.052981237414031 ], [ 55.423766772812172, -21.053095216629078 ], [ 55.423595461017946, -21.053351744104141 ], [ 55.423584419190568, -21.053414952382791 ], [ 55.423596908257416, -21.053953216003549 ], [ 55.423541644417519, -21.054028190384305 ], [ 55.423488743738126, -21.054125102630376 ], [ 55.423445781231763, -21.054263500988217 ], [ 55.423448737077941, -21.05447537931742 ], [ 55.423495608269683, -21.054704709690551 ], [ 55.42351001748515, -21.054814421384165 ], [ 55.423509195844581, -21.054892335435401 ], [ 55.423469751381148, -21.054943105336179 ], [ 55.423353107768378, -21.054934717606216 ], [ 55.423214115931437, -21.054916677389507 ], [ 55.423151048883575, -21.054908490602767 ], [ 55.422888897619181, -21.054923101984716 ], [ 55.422553888827935, -21.054958952269232 ], [ 55.422330284995624, -21.055008012343244 ], [ 55.422208504700315, -21.054994705503741 ], [ 55.42213847315297, -21.054994054941936 ], [ 55.422057706044832, -21.055027395274763 ], [ 55.421985285803416, -21.055007242726518 ] ] ], [ [ [ 55.423216950068365, -21.026130199420702 ], [ 55.423182082921521, -21.02604349381285 ], [ 55.423109003313506, -21.026008383882679 ], [ 55.423027384313492, -21.026007467070489 ], [ 55.422994346085055, -21.02591217981967 ], [ 55.42299687382819, -21.025829845217238 ], [ 55.423027164623782, -21.025707726331014 ], [ 55.423084089489379, -21.025571372625581 ], [ 55.423121976893363, -21.025551767229231 ], [ 55.423159790650089, -21.025496816569927 ], [ 55.423255339211877, -21.025365223666959 ], [ 55.423307247331415, -21.025298575764424 ], [ 55.423527998656546, -21.025114104141704 ], [ 55.423585905534743, -21.025051080718654 ], [ 55.423611031622777, -21.025024524286387 ], [ 55.423716203569832, -21.024951452484967 ], [ 55.423778209009591, -21.02491183100555 ], [ 55.423822012635647, -21.024888964238468 ], [ 55.423880770989882, -21.02487258451027 ], [ 55.423940198141004, -21.024863967654049 ], [ 55.424127091203736, -21.024876277466511 ], [ 55.424241217153835, -21.024880156091339 ], [ 55.424290174207094, -21.024867211000252 ], [ 55.424405006568044, -21.024811844552953 ], [ 55.424537921721011, -21.024742698499573 ], [ 55.424683448885482, -21.02467747209446 ], [ 55.424726128887016, -21.024683600762668 ], [ 55.424848932009077, -21.024720783888597 ], [ 55.424942946378536, -21.02472082728551 ], [ 55.425167090478276, -21.024641819699514 ], [ 55.425247153543879, -21.02481533128076 ], [ 55.42511465609428, -21.025023219796559 ], [ 55.424931839134935, -21.025197600937453 ], [ 55.424748150398464, -21.02542029256778 ], [ 55.424723216799158, -21.02546910030901 ], [ 55.424618456786732, -21.025548113988865 ], [ 55.424559251642251, -21.025507572459841 ], [ 55.424524366034476, -21.025422467576291 ], [ 55.424437869215161, -21.025384874464994 ], [ 55.424316812975455, -21.025393349491072 ], [ 55.424054353532611, -21.025601075154487 ], [ 55.423958541740184, -21.025638430439422 ], [ 55.423898279545945, -21.025672175857117 ], [ 55.423885979765394, -21.025716502727921 ], [ 55.423872541859893, -21.025840338930653 ], [ 55.423752986190216, -21.025939199644903 ], [ 55.423775839991798, -21.02605664893624 ], [ 55.423597859552636, -21.02611960438697 ], [ 55.423568436864755, -21.026149150660096 ], [ 55.423568149430622, -21.026176481144329 ], [ 55.423443459010642, -21.026205143234176 ], [ 55.42339655504145, -21.026156574761963 ], [ 55.423341312415822, -21.026131352596607 ], [ 55.423216950068365, -21.026130199420702 ] ] ], [ [ [ 55.423119441719486, -21.023918027346895 ], [ 55.423064493529282, -21.023914649813257 ], [ 55.42306650647209, -21.023860479123716 ], [ 55.423122513141706, -21.023860726577336 ], [ 55.42312184975377, -21.023890226932746 ], [ 55.423119441719486, -21.023918027346895 ] ] ], [ [ [ 55.422411355971896, -21.019707570928468 ], [ 55.422360640050947, -21.019478838521145 ], [ 55.422404550797445, -21.019398377287004 ], [ 55.422610393696182, -21.019439250584171 ], [ 55.422817975552064, -21.019460145969752 ], [ 55.422918244499471, -21.019495971385052 ], [ 55.42282399203765, -21.019740590909016 ], [ 55.422468610252281, -21.019741702280911 ], [ 55.422411355971896, -21.019707570928468 ] ] ], [ [ [ 55.424437210910803, -21.08083194694154 ], [ 55.424379363631161, -21.080628029693113 ], [ 55.424518118629699, -21.080375329596997 ], [ 55.424543016784696, -21.080377906643641 ], [ 55.424899688980538, -21.080366956526433 ], [ 55.424979048740759, -21.080364519871157 ], [ 55.424980311012263, -21.080364928137065 ], [ 55.425086431797858, -21.08067137991009 ], [ 55.424946199186813, -21.0808490882435 ], [ 55.424935382177509, -21.080862796604677 ], [ 55.424704872867956, -21.080875751809558 ], [ 55.424437210910803, -21.08083194694154 ] ] ], [ [ [ 55.424391344676835, -21.079724348163914 ], [ 55.42443534263338, -21.079777934049474 ], [ 55.424415971144285, -21.079924619251269 ], [ 55.424419148354048, -21.079985592692381 ], [ 55.424311981032602, -21.080006107898203 ], [ 55.424247657194705, -21.079948150945317 ], [ 55.424075788206899, -21.079946554839211 ], [ 55.42406069995544, -21.079928489598885 ], [ 55.424072724523768, -21.079874826844581 ], [ 55.424069434087791, -21.079824606154538 ], [ 55.424131336547532, -21.079749896300683 ], [ 55.424201142547268, -21.079650165200682 ], [ 55.424391344676835, -21.079724348163914 ] ] ], [ [ [ 55.424249949606811, -21.078647336882565 ], [ 55.424305551681122, -21.078569676952508 ], [ 55.424381561430501, -21.078385696393095 ], [ 55.424450798208419, -21.078325463032336 ], [ 55.424456488109989, -21.07826875419461 ], [ 55.424482302350867, -21.078219626623664 ], [ 55.424529526135728, -21.078148365488097 ], [ 55.424604397573077, -21.078051071313585 ], [ 55.424686283440984, -21.077952646243094 ], [ 55.425032865667696, -21.07818129300027 ], [ 55.425190793815261, -21.078302297105083 ], [ 55.425014142804365, -21.078605031523075 ], [ 55.42486022731854, -21.078555776712918 ], [ 55.424754859700087, -21.078522056667293 ], [ 55.424717247357407, -21.078553529027584 ], [ 55.424677998088228, -21.078747179409518 ], [ 55.424581035124469, -21.078728817523729 ], [ 55.424580956430859, -21.078728704783749 ], [ 55.424527733651274, -21.078637236451264 ], [ 55.424522088120256, -21.078646177307821 ], [ 55.424574659508544, -21.078741190473057 ], [ 55.424677703297007, -21.078755060689407 ], [ 55.42434983814919, -21.079120048832401 ], [ 55.424325219060947, -21.079102704477396 ], [ 55.424251936851405, -21.079018308731527 ], [ 55.424161838693479, -21.07892582671559 ], [ 55.424093333273234, -21.078868082011343 ], [ 55.424121474319556, -21.078823483593098 ], [ 55.424150742088592, -21.078751613218696 ], [ 55.424249949606811, -21.078647336882565 ] ] ], [ [ [ 55.423725086084232, -21.077380836621039 ], [ 55.423726099841112, -21.077360998697866 ], [ 55.423822255557504, -21.07737066286116 ], [ 55.42382080630609, -21.077390273625294 ], [ 55.423725086084232, -21.077380836621039 ] ] ], [ [ [ 55.42401077326268, -21.077171791308494 ], [ 55.423891229248206, -21.077129596238855 ], [ 55.423926105973834, -21.077031593065133 ], [ 55.424106710119695, -21.077089453812075 ], [ 55.424130298469194, -21.077028519334529 ], [ 55.424174098944853, -21.076911215013791 ], [ 55.424214810299198, -21.076942893343755 ], [ 55.424303095257379, -21.077003588430944 ], [ 55.424373925038047, -21.07706956380693 ], [ 55.424421588131423, -21.07713812611491 ], [ 55.424419979663064, -21.077138972931341 ], [ 55.424285751975148, -21.077218211756904 ], [ 55.424252653101384, -21.077247726932161 ], [ 55.424175643521103, -21.07724320534777 ], [ 55.424147499877527, -21.077341494215137 ], [ 55.424090755989567, -21.077366095329793 ], [ 55.424031468283339, -21.077381760827915 ], [ 55.424032552319389, -21.077431756892331 ], [ 55.423999566085087, -21.077437432221124 ], [ 55.423978775188452, -21.077395590615215 ], [ 55.423938666834076, -21.077341125722484 ], [ 55.42401077326268, -21.077171791308494 ] ] ], [ [ [ 55.424210640484127, -21.076788095566506 ], [ 55.424216814236104, -21.076732687459685 ], [ 55.42422683944185, -21.07669080592418 ], [ 55.42424538587364, -21.076656686992251 ], [ 55.424274909395002, -21.07661948584084 ], [ 55.424300088125825, -21.076576937445594 ], [ 55.424331341488127, -21.076532209774154 ], [ 55.424386891536457, -21.076426160304674 ], [ 55.424411280651547, -21.076379172055887 ], [ 55.424444821255172, -21.076349727780155 ], [ 55.42456469669996, -21.076338146537744 ], [ 55.424636147947574, -21.076326222300253 ], [ 55.424677664941605, -21.076325828134213 ], [ 55.424707451319115, -21.076335455602322 ], [ 55.424778327793682, -21.076385206131743 ], [ 55.424887934360896, -21.076462589495531 ], [ 55.424925168599358, -21.076474622894704 ], [ 55.4249732599894, -21.076480524265371 ], [ 55.425041365604955, -21.076478039930283 ], [ 55.425092284694486, -21.076473881239618 ], [ 55.425150595464672, -21.076459276690915 ], [ 55.425224809079388, -21.076434724385212 ], [ 55.425190918761267, -21.076546442840158 ], [ 55.425165104288581, -21.076711401870206 ], [ 55.425107760161914, -21.076874511002799 ], [ 55.425055803427419, -21.076987201722822 ], [ 55.425001240789257, -21.07709766056669 ], [ 55.425000684208207, -21.077098785431843 ], [ 55.425000596111865, -21.077098743062354 ], [ 55.424982935243897, -21.077134594703669 ], [ 55.424937558916753, -21.077221668081421 ], [ 55.424939542560821, -21.077222562898392 ], [ 55.424828121175111, -21.077430171582296 ], [ 55.42480305272354, -21.077490750076294 ], [ 55.424702697337409, -21.077323396028358 ], [ 55.424563240800637, -21.077265461719126 ], [ 55.424401483749932, -21.077022645645229 ], [ 55.424343992101264, -21.076974937838614 ], [ 55.424253793898863, -21.076912412081388 ], [ 55.424187499753202, -21.07686208511916 ], [ 55.424197263318817, -21.076844936266554 ], [ 55.424210640484127, -21.076788095566506 ] ], [ [ 55.424460853618918, -21.076853693177014 ], [ 55.42451144109706, -21.076857817577011 ], [ 55.424512904465921, -21.076837496936591 ], [ 55.424509759312336, -21.076838407172108 ], [ 55.42450916813398, -21.076855143478493 ], [ 55.42446800844273, -21.076850477906255 ], [ 55.424253793898863, -21.076912412081388 ], [ 55.424460853618918, -21.076853693177014 ] ], [ [ 55.424672024309864, -21.076876658008207 ], [ 55.424814799003585, -21.076917781852313 ], [ 55.42482338596426, -21.076781018550584 ], [ 55.424778799848781, -21.076700378858138 ], [ 55.424608629657911, -21.076838673735232 ], [ 55.424572149593565, -21.076820367510759 ], [ 55.424672024309864, -21.076876658008207 ] ], [ [ 55.424532645117921, -21.076946220034802 ], [ 55.424532194611963, -21.076946875153659 ], [ 55.424552652658861, -21.077002478540155 ], [ 55.424532645117921, -21.076946220034802 ] ] ], [ [ [ 55.424028617501023, -21.076050024795169 ], [ 55.424058727092742, -21.075981503518488 ], [ 55.424070966237217, -21.075901144731766 ], [ 55.424066060956036, -21.075786273275725 ], [ 55.424025897626734, -21.075396869046894 ], [ 55.424096249163384, -21.075444770413846 ], [ 55.424411584740689, -21.075738371681151 ], [ 55.424443830250198, -21.075770801484762 ], [ 55.42446051921663, -21.075800594654368 ], [ 55.424462534681304, -21.075839939513717 ], [ 55.424450774307125, -21.075866485869337 ], [ 55.424687915442277, -21.075983422827314 ], [ 55.424697054713064, -21.076008614032872 ], [ 55.424649026702973, -21.076030599012835 ], [ 55.42455005750822, -21.076139769311943 ], [ 55.424408401374123, -21.076312482557469 ], [ 55.424370517480426, -21.076389586254457 ], [ 55.424343849205115, -21.076436040260468 ], [ 55.424319168110493, -21.076458314161389 ], [ 55.42426883573529, -21.076473281555014 ], [ 55.424203573945427, -21.076474590593666 ], [ 55.424164856795315, -21.076472316993687 ], [ 55.424110753692055, -21.076465916050857 ], [ 55.424061715242885, -21.076453815316917 ], [ 55.423953170692037, -21.076422899913425 ], [ 55.423795770097648, -21.076366608601852 ], [ 55.423729834903114, -21.076345805610629 ], [ 55.423831241925953, -21.076288277642561 ], [ 55.423909325313566, -21.07611585073542 ], [ 55.423991636082484, -21.076076473303299 ], [ 55.424028617501023, -21.076050024795169 ] ] ], [ [ [ 55.424588249117008, -21.076140123844567 ], [ 55.424652702272141, -21.076064839366662 ], [ 55.424687393978012, -21.076043416201813 ], [ 55.424712309316689, -21.076039910510865 ], [ 55.424737397623936, -21.07606026985135 ], [ 55.424937898362799, -21.07587947860031 ], [ 55.425093913655395, -21.076081162327803 ], [ 55.425387655370521, -21.076245336050473 ], [ 55.425244882660373, -21.076394478852631 ], [ 55.42512287070474, -21.076439308458941 ], [ 55.425066776444424, -21.076453176600975 ], [ 55.424997704857702, -21.076456273453875 ], [ 55.424933774663089, -21.076452960290158 ], [ 55.42490049358728, -21.076443435920403 ], [ 55.424865384325997, -21.076420993618452 ], [ 55.424773508444936, -21.076355935970067 ], [ 55.424736156172948, -21.076328529052773 ], [ 55.424703489040979, -21.076312439727264 ], [ 55.424684764851278, -21.076297497841164 ], [ 55.4246762519276, -21.076307122089382 ], [ 55.424629190547947, -21.07630668614237 ], [ 55.424566151675378, -21.076310857746886 ], [ 55.424519736162026, -21.076317902587519 ], [ 55.424491442443255, -21.076323075994797 ], [ 55.424455228460033, -21.076324100170126 ], [ 55.424464202758891, -21.076296998617565 ], [ 55.424481850564497, -21.076271337054713 ], [ 55.424533204338537, -21.076207931384868 ], [ 55.424588249117008, -21.076140123844567 ] ] ], [ [ [ 55.424177059825617, -21.07254629284752 ], [ 55.42402880027462, -21.072629142927024 ], [ 55.423737623047337, -21.071846520080463 ], [ 55.423725324704868, -21.071681907353113 ], [ 55.42371208387565, -21.071405848210521 ], [ 55.423978626757609, -21.071344655770936 ], [ 55.424033163724992, -21.071125338127537 ], [ 55.424497896330493, -21.07057311773308 ], [ 55.425097921250519, -21.070306450239283 ], [ 55.425100128507417, -21.070175627337399 ], [ 55.425237145773345, -21.070063130233809 ], [ 55.425227433098556, -21.069988680255662 ], [ 55.425434126621298, -21.069942211295373 ], [ 55.425924201398999, -21.070105352867245 ], [ 55.425993726982064, -21.070062772703512 ], [ 55.426462933699909, -21.070094388040928 ], [ 55.426400299815882, -21.070154161625048 ], [ 55.426310247942524, -21.070200748414607 ], [ 55.426264915331117, -21.070253137045604 ], [ 55.426229174967006, -21.070266816828628 ], [ 55.426152058202092, -21.070284423545971 ], [ 55.426040179867464, -21.070331885455982 ], [ 55.425965530161733, -21.070333348549262 ], [ 55.425931871218367, -21.07036752453967 ], [ 55.425917310578356, -21.070441754829204 ], [ 55.425932545212909, -21.070521649610303 ], [ 55.425902330235253, -21.070555857527214 ], [ 55.425774401267262, -21.070601014220756 ], [ 55.425730375167156, -21.070638326940593 ], [ 55.425627343261041, -21.070827055908875 ], [ 55.425571438908811, -21.070901980331211 ], [ 55.42557010519112, -21.070968513365454 ], [ 55.42557165753869, -21.070990357879516 ], [ 55.425513512845384, -21.071059872393292 ], [ 55.425428357639184, -21.071134070171322 ], [ 55.425356132290275, -21.071229532353776 ], [ 55.425300158109479, -21.071327693478391 ], [ 55.425243062323894, -21.071445353701872 ], [ 55.425178858503813, -21.071544988493191 ], [ 55.425149395854085, -21.071616925143061 ], [ 55.425107787018931, -21.071658877782205 ], [ 55.425053780759725, -21.071701190517057 ], [ 55.424958357353503, -21.071767703200717 ], [ 55.424719078032474, -21.071905947138006 ], [ 55.424678849735876, -21.071998537145291 ], [ 55.42464365908836, -21.072037085058206 ], [ 55.424590990883139, -21.072073403088226 ], [ 55.424471298350817, -21.07209069510564 ], [ 55.424446008925671, -21.072098347095562 ], [ 55.424350298015796, -21.072157571605466 ], [ 55.424323993570148, -21.072179167462206 ], [ 55.424288790887289, -21.072208067915 ], [ 55.424250153832972, -21.07226460191076 ], [ 55.424226644538955, -21.072319310751968 ], [ 55.424209009587997, -21.072390464541328 ], [ 55.424212524884673, -21.072458988250858 ], [ 55.424195571131442, -21.072515087605115 ], [ 55.424177059825617, -21.07254629284752 ] ] ], [ [ [ 55.424531074359983, -21.066169177871025 ], [ 55.424532718359977, -21.066172803628113 ], [ 55.424536248541699, -21.066176888603326 ], [ 55.42453753156834, -21.066180888591227 ], [ 55.424523753199743, -21.066202580915068 ], [ 55.424520579722419, -21.066224932599528 ], [ 55.424500732144537, -21.066262490215141 ], [ 55.424511731768497, -21.06628652439403 ], [ 55.424503362406924, -21.066321407255373 ], [ 55.42448211117933, -21.066346954174346 ], [ 55.424456916692428, -21.066348702213606 ], [ 55.424418192136216, -21.066343450551354 ], [ 55.424388899318643, -21.066333382381867 ], [ 55.424364054090852, -21.066304623695412 ], [ 55.424360016201419, -21.066296571215762 ], [ 55.424356985150418, -21.066296628899174 ], [ 55.424346122515999, -21.066271286193977 ], [ 55.424320173135541, -21.066251514149709 ], [ 55.424313989358517, -21.066258064417841 ], [ 55.424293863249488, -21.06629136215534 ], [ 55.424254169252144, -21.066288521407177 ], [ 55.424226383691398, -21.066299902573057 ], [ 55.424219268489601, -21.066305617670388 ], [ 55.424203860200002, -21.066323713241488 ], [ 55.424190061787357, -21.066316517728801 ], [ 55.424178753809358, -21.066306320170074 ], [ 55.42416929298772, -21.066302113296292 ], [ 55.424152405254269, -21.066283698992606 ], [ 55.424143736382739, -21.066272282079986 ], [ 55.424133779471454, -21.066271957511052 ], [ 55.42413023686229, -21.066270514572921 ], [ 55.424124054671339, -21.066269240440661 ], [ 55.42412236114491, -21.066268306965672 ], [ 55.424117905372995, -21.066269776832034 ], [ 55.424110749715609, -21.066265812661147 ], [ 55.4240999088941, -21.066261970554834 ], [ 55.42408405108943, -21.066259065575238 ], [ 55.424083927962464, -21.066248830013258 ], [ 55.424079221597324, -21.066232432935941 ], [ 55.424049877991145, -21.06622472366524 ], [ 55.424022893665402, -21.066198876293804 ], [ 55.424005785372543, -21.066171530782963 ], [ 55.424009103443105, -21.066138202617289 ], [ 55.42404180670848, -21.066122608966175 ], [ 55.424066659592775, -21.066100302260484 ], [ 55.424097754255911, -21.06606968438884 ], [ 55.424135062049025, -21.066059051038128 ], [ 55.424151895188267, -21.066046014545844 ], [ 55.424176847972149, -21.066024179370231 ], [ 55.42418793034652, -21.065989378616298 ], [ 55.424184852031516, -21.065957200597627 ], [ 55.424197508596251, -21.065922236502832 ], [ 55.424200085244429, -21.065912968142936 ], [ 55.4242243544725, -21.065908331821191 ], [ 55.424232995714945, -21.065907571048729 ], [ 55.424251553167089, -21.065921045321598 ], [ 55.424278531965562, -21.065921471859614 ], [ 55.424300438119865, -21.06590710851026 ], [ 55.424357288026251, -21.065896589630828 ], [ 55.424391976322163, -21.065929985986575 ], [ 55.424427860791624, -21.065972796818752 ], [ 55.424479871985874, -21.066009153252686 ], [ 55.424493019917833, -21.06600629075125 ], [ 55.424504761479398, -21.066056549276009 ], [ 55.424738943718111, -21.065903643232289 ], [ 55.424885160551312, -21.066110964631555 ], [ 55.424635971505417, -21.066287234652076 ], [ 55.424506850856133, -21.06606549239341 ], [ 55.424531074359983, -21.066169177871025 ] ] ], [ [ [ 55.423828670779727, -21.065029236659164 ], [ 55.424176352450303, -21.065017201764164 ], [ 55.424469936621485, -21.065028408378673 ], [ 55.424479426244858, -21.065414452468122 ], [ 55.424474663219947, -21.065885401209037 ], [ 55.424177425811216, -21.065838515376779 ], [ 55.424169229332307, -21.065838439299931 ], [ 55.424175552093295, -21.065561998824069 ], [ 55.424177567113745, -21.065473856984095 ], [ 55.424177430381867, -21.065422524632183 ], [ 55.42408056881542, -21.065410244874968 ], [ 55.423832177682016, -21.065378756117006 ], [ 55.423828670779727, -21.065029236659164 ] ] ], [ [ [ 55.424796436726837, -21.022781619108692 ], [ 55.424893126889813, -21.022742419585846 ], [ 55.425032470906395, -21.022738614577005 ], [ 55.424998061657661, -21.022835210831325 ], [ 55.42499990803389, -21.022834920806915 ], [ 55.425206260860342, -21.022781159164452 ], [ 55.425202085752154, -21.022846618409794 ], [ 55.425404085067925, -21.023539490936674 ], [ 55.425559446742007, -21.023691575770844 ], [ 55.425614015152064, -21.023923954547662 ], [ 55.425627291637809, -21.023952372661373 ], [ 55.425689919405364, -21.024052754374331 ], [ 55.425642254912759, -21.024052313100203 ], [ 55.425580923367917, -21.024101131796826 ], [ 55.42556417891997, -21.024130300832454 ], [ 55.424815218291108, -21.023175259210358 ], [ 55.424767534293451, -21.023159122564273 ], [ 55.424365977987016, -21.023152006084722 ], [ 55.424341365033875, -21.0230838321907 ], [ 55.424280904276287, -21.023015753406781 ], [ 55.424239450434477, -21.022969077531535 ], [ 55.42423822910051, -21.022913012404906 ], [ 55.424323930943928, -21.022849257075098 ], [ 55.424378414174164, -21.022829377848591 ], [ 55.42466783235664, -21.022833759103047 ], [ 55.424796436726837, -21.022781619108692 ] ] ], [ [ [ 55.424963975953915, -21.019687690117461 ], [ 55.424946599074872, -21.019740381720091 ], [ 55.424932074414677, -21.019771849424874 ], [ 55.424894363722011, -21.019845133301853 ], [ 55.424871454428022, -21.019923979510612 ], [ 55.424867934873554, -21.020038490816788 ], [ 55.424552093480784, -21.020017262645776 ], [ 55.424495968121917, -21.019893943533585 ], [ 55.424356097655952, -21.019958354383782 ], [ 55.424295500557207, -21.019846874084966 ], [ 55.424442162672008, -21.019775721580764 ], [ 55.42490349717459, -21.019552638396899 ], [ 55.42497257263512, -21.019639168169178 ], [ 55.424963975953915, -21.019687690117461 ] ] ], [ [ [ 55.423574488593538, -21.016675216604852 ], [ 55.423632765328783, -21.016614652451995 ], [ 55.423604596739906, -21.016342860818707 ], [ 55.424015009012088, -21.01633536606569 ], [ 55.424344393784729, -21.016225096607673 ], [ 55.424442221447848, -21.016148552242857 ], [ 55.424712615669343, -21.016234121067949 ], [ 55.424918083875625, -21.016324628291827 ], [ 55.424964163789781, -21.016330524494169 ], [ 55.424972554799751, -21.016400491116226 ], [ 55.424924445759807, -21.016465968156254 ], [ 55.424818737947824, -21.016540329699485 ], [ 55.424773080284844, -21.016564111024731 ], [ 55.424653964074224, -21.016575228757929 ], [ 55.424548504718246, -21.016525368646416 ], [ 55.42438097782459, -21.01654302037975 ], [ 55.424183172957633, -21.016611021843222 ], [ 55.424188826878591, -21.016702205307048 ], [ 55.423771597443704, -21.016924719265006 ], [ 55.423603690806104, -21.016985222293339 ], [ 55.423689464423724, -21.01685565457139 ], [ 55.423574488593538, -21.016675216604852 ] ] ], [ [ [ 55.426386003696763, -21.087891972764346 ], [ 55.42672611948673, -21.087459487816556 ], [ 55.426540096434181, -21.087340951157401 ], [ 55.426576082010165, -21.087084196321808 ], [ 55.426697964778512, -21.086936358789135 ], [ 55.426770223529211, -21.086881765840989 ], [ 55.426891858318726, -21.087000627431905 ], [ 55.427024441329841, -21.087052313464703 ], [ 55.427059141744905, -21.087160756802088 ], [ 55.427278178309948, -21.087268506431368 ], [ 55.42736490804041, -21.087211625636616 ], [ 55.427417576503764, -21.087151247616045 ], [ 55.427387363834974, -21.087110939531041 ], [ 55.427519105493843, -21.086999233596117 ], [ 55.427659115823374, -21.087075015818165 ], [ 55.427897007783891, -21.087094039172676 ], [ 55.427920811778094, -21.087264851934595 ], [ 55.427887690589195, -21.08727519582229 ], [ 55.427848731135732, -21.087302627554759 ], [ 55.427852872842848, -21.087335272423712 ], [ 55.427980537227938, -21.087429865061551 ], [ 55.428006391218709, -21.087449020690016 ], [ 55.428075438413408, -21.087546070830481 ], [ 55.428066250955709, -21.087640074519001 ], [ 55.428026033034548, -21.087730212678228 ], [ 55.428054609153158, -21.087860416547056 ], [ 55.428092784566999, -21.087913467121858 ], [ 55.427978926516062, -21.088067894651957 ], [ 55.427541208634658, -21.08806143490888 ], [ 55.427518649222698, -21.088015574730367 ], [ 55.427505414896878, -21.08792293951042 ], [ 55.427403944526887, -21.087870330009544 ], [ 55.427307875138055, -21.087780102848257 ], [ 55.427270576801561, -21.087729985134615 ], [ 55.427211857845805, -21.087712368329605 ], [ 55.427147746312478, -21.087722432862659 ], [ 55.427043757618293, -21.087662212076612 ], [ 55.427000920498415, -21.087617101439207 ], [ 55.426646768127561, -21.088054884703553 ], [ 55.426386003696763, -21.087891972764346 ] ] ], [ [ [ 55.425054404197184, -21.080573497167048 ], [ 55.424980778898991, -21.080363727475746 ], [ 55.424519848790169, -21.080374537206453 ], [ 55.42465817884402, -21.080239000251758 ], [ 55.424684547312573, -21.080153205587113 ], [ 55.424715857369051, -21.080081796702739 ], [ 55.424884965655814, -21.079982986253128 ], [ 55.425037737971635, -21.079984404294706 ], [ 55.425123302440284, -21.080080798474405 ], [ 55.425167865719622, -21.08027350782222 ], [ 55.425105410281802, -21.080303625967058 ], [ 55.425135445558738, -21.080308615449418 ], [ 55.425166391275908, -21.080312877185509 ], [ 55.425193226497491, -21.080314481192648 ], [ 55.425335790560986, -21.080354268634618 ], [ 55.425382364879169, -21.080376668230851 ], [ 55.425486978596048, -21.080330700716832 ], [ 55.425577531261368, -21.08024358915609 ], [ 55.425654997111479, -21.08023857194036 ], [ 55.42571759881772, -21.080290777352673 ], [ 55.425707323248602, -21.080493232992183 ], [ 55.426203999668061, -21.080517000288086 ], [ 55.426136926502274, -21.080749301799102 ], [ 55.426110173685082, -21.080841957349019 ], [ 55.426093823008166, -21.080908832491211 ], [ 55.426084307385075, -21.080951599576849 ], [ 55.426043412341585, -21.080942161927492 ], [ 55.425944159409788, -21.081316102437757 ], [ 55.425644665902304, -21.081166234720204 ], [ 55.425570746571033, -21.0810863347102 ], [ 55.42550213003156, -21.081094909883408 ], [ 55.42545514693186, -21.081065885314565 ], [ 55.425454944207154, -21.081065760584355 ], [ 55.425462258593477, -21.081060846749722 ], [ 55.425453526606113, -21.081066483620504 ], [ 55.425445331608366, -21.081070663931794 ], [ 55.425435676369482, -21.081074224576746 ], [ 55.425427369757806, -21.081075843894542 ], [ 55.425425427402665, -21.08107622241948 ], [ 55.425418593748105, -21.081076249335148 ], [ 55.425415995657374, -21.081075834999194 ], [ 55.425402769975548, -21.081073435044026 ], [ 55.425390751180117, -21.081069758179542 ], [ 55.42537646757161, -21.081064179622832 ], [ 55.425372446028348, -21.081062394414253 ], [ 55.42537071402149, -21.081061625890932 ], [ 55.425370637557933, -21.08106166673323 ], [ 55.42524707210373, -21.081127696728405 ], [ 55.425119501888616, -21.081281771291014 ], [ 55.425041770633818, -21.081287262711236 ], [ 55.42480408902216, -21.081202088137317 ], [ 55.424934441544224, -21.081043664059244 ], [ 55.424935719392032, -21.080956743089789 ], [ 55.424937112341887, -21.080862004210129 ], [ 55.424946740931048, -21.080849738229485 ], [ 55.425087568986598, -21.080670323665839 ], [ 55.425067601395938, -21.080612026235112 ], [ 55.425054404197184, -21.080573497167048 ] ], [ [ 55.425455826840434, -21.080453715047362 ], [ 55.425585792441218, -21.080590018796713 ], [ 55.425382364879169, -21.080376668230851 ], [ 55.425455826840434, -21.080453715047362 ] ], [ [ 55.42548578827445, -21.080535704835402 ], [ 55.425482157546767, -21.080520392700222 ], [ 55.425480021946342, -21.080511889977295 ], [ 55.425474098932582, -21.08049399571108 ], [ 55.42546943702601, -21.080479909723888 ], [ 55.425455826840434, -21.080453715047362 ], [ 55.42548578827445, -21.080535704835402 ] ], [ [ 55.425490390835961, -21.080589604074575 ], [ 55.425490340083002, -21.080583997836101 ], [ 55.425489740425938, -21.080570298217989 ], [ 55.425487940651955, -21.080554035636492 ], [ 55.425486478063249, -21.080541579083924 ], [ 55.42548578827445, -21.080535704835402 ], [ 55.425490390835961, -21.080589604074575 ] ], [ [ 55.425486804179201, -21.081035966345674 ], [ 55.425498813738635, -21.081017313500606 ], [ 55.425498788298846, -21.081017353009813 ], [ 55.425486804179201, -21.081035966345674 ] ], [ [ 55.425594743027339, -21.080876346783281 ], [ 55.42559474346956, -21.080876346421565 ], [ 55.425603366884907, -21.080867675247973 ], [ 55.425594743027339, -21.080876346783281 ] ], [ [ 55.425590801202809, -21.080816598889857 ], [ 55.425539021074869, -21.08077069681007 ], [ 55.42554845445018, -21.080779059488354 ], [ 55.425590801202809, -21.080816598889857 ] ] ], [ [ [ 55.425683446988167, -21.078346404887945 ], [ 55.425244458276602, -21.078307101148354 ], [ 55.425043957527578, -21.078145952187569 ], [ 55.424871710971587, -21.078032318785503 ], [ 55.424968160005314, -21.077797430539871 ], [ 55.425831515065425, -21.078093945188918 ], [ 55.425821545535925, -21.078135688239922 ], [ 55.425805038624823, -21.078178307370571 ], [ 55.425772341866903, -21.078235902104563 ], [ 55.425732679799069, -21.078288670909284 ], [ 55.425683446988167, -21.078346404887945 ] ] ], [ [ [ 55.425002945841385, -21.077727737564501 ], [ 55.425022983024093, -21.077691702028396 ], [ 55.425039192302549, -21.077627561761901 ], [ 55.42508060766302, -21.077615929498162 ], [ 55.425210088709768, -21.077686976208291 ], [ 55.425171319898162, -21.0777440239825 ], [ 55.425119442177575, -21.077780577924443 ], [ 55.425022913712588, -21.077780495954979 ], [ 55.425002945841385, -21.077727737564501 ] ] ], [ [ [ 55.425371156915261, -21.075693392746263 ], [ 55.425555283127522, -21.075743157570077 ], [ 55.425454001780835, -21.07612476821404 ], [ 55.425220438425796, -21.076082714899311 ], [ 55.425169554839641, -21.075942173107318 ], [ 55.424965970659557, -21.075768604981175 ], [ 55.424985772812164, -21.075708808597376 ], [ 55.425074978122936, -21.075733629039423 ], [ 55.425137722449065, -21.075733001765613 ], [ 55.425255618014582, -21.075723308502948 ], [ 55.425371156915261, -21.075693392746263 ] ] ], [ [ [ 55.425867708461645, -21.074412653107455 ], [ 55.42592675586689, -21.073975762071704 ], [ 55.425866121444379, -21.073801550661514 ], [ 55.425785318530416, -21.073547958741649 ], [ 55.425985556953727, -21.073460200072127 ], [ 55.426013524543002, -21.07332943178065 ], [ 55.426168736835344, -21.073043531398913 ], [ 55.426236140877009, -21.07291937325019 ], [ 55.426311800491803, -21.072780008630087 ], [ 55.42630264955131, -21.072299598870181 ], [ 55.426658390940744, -21.072081582089798 ], [ 55.42667040752962, -21.072138091191466 ], [ 55.426693738727259, -21.072176601171606 ], [ 55.426742283419486, -21.072216042199248 ], [ 55.426780024354464, -21.072224746656623 ], [ 55.426852310098354, -21.072226242245428 ], [ 55.426931044314152, -21.072236934475701 ], [ 55.427009435222047, -21.072280355576353 ], [ 55.427034263723989, -21.072314135243357 ], [ 55.427044179176804, -21.072358787971542 ], [ 55.427039368244202, -21.072604522197743 ], [ 55.427023708712902, -21.072744174052293 ], [ 55.427027043287289, -21.072835620049741 ], [ 55.427032663348214, -21.072869553288328 ], [ 55.427046552117702, -21.072917815400785 ], [ 55.427046696276662, -21.0729182918741 ], [ 55.427065979909834, -21.07296612794006 ], [ 55.427092301040631, -21.073002576242654 ], [ 55.427124614298862, -21.073033512110303 ], [ 55.427176999152451, -21.073071780900783 ], [ 55.427012883209009, -21.073260016881118 ], [ 55.426864453482743, -21.073475189124242 ], [ 55.426831470821426, -21.073547208168385 ], [ 55.426810367794801, -21.073670194166745 ], [ 55.426808606335001, -21.073837519199866 ], [ 55.426842563385918, -21.073905235688365 ], [ 55.426931479907985, -21.073926978501134 ], [ 55.427062917476135, -21.073993803537419 ], [ 55.426974736597963, -21.074045751826784 ], [ 55.426849893617756, -21.074282042313836 ], [ 55.426480712968335, -21.074953714061241 ], [ 55.426454915979164, -21.075048143705875 ], [ 55.426418992830449, -21.075134219658693 ], [ 55.42637883432274, -21.075207287616465 ], [ 55.426337805642127, -21.075269851118559 ], [ 55.426298314438704, -21.075316727661047 ], [ 55.426258161571397, -21.075361362383738 ], [ 55.426230973416793, -21.075430947294588 ], [ 55.426225261279953, -21.075502284124713 ], [ 55.426058002269919, -21.074988287784887 ], [ 55.425334353490761, -21.074587234160269 ], [ 55.425436670779867, -21.07454828546415 ], [ 55.425696716354466, -21.074505691652824 ], [ 55.425863509986151, -21.074517639333816 ], [ 55.425867708461645, -21.074412653107455 ] ], [ [ 55.426727639715494, -21.072963903587361 ], [ 55.4264344180907, -21.07293300779564 ], [ 55.426236140877009, -21.07291937325019 ], [ 55.426727639715494, -21.072963903587361 ] ], [ [ 55.4262872556004, -21.073936564910312 ], [ 55.426212756806784, -21.074383615021155 ], [ 55.426246245043004, -21.074253644021805 ], [ 55.4262872556004, -21.073936564910312 ] ] ], [ [ [ 55.424878548010241, -21.072927988825036 ], [ 55.424854042400575, -21.072825955633469 ], [ 55.4247157023499, -21.072736052395442 ], [ 55.42456204132084, -21.072680664745143 ], [ 55.424586316914791, -21.072623918795713 ], [ 55.424525731935539, -21.072578750492262 ], [ 55.424533566786231, -21.072455343613033 ], [ 55.424634625676973, -21.072312822753641 ], [ 55.424685252516376, -21.072298815400963 ], [ 55.424726745165998, -21.072220232898808 ], [ 55.424790041873571, -21.07225582870652 ], [ 55.424863262200283, -21.072305731850946 ], [ 55.424955764214637, -21.072180466644372 ], [ 55.425010567128211, -21.072032657434342 ], [ 55.425040493192682, -21.071963612074196 ], [ 55.425114376225373, -21.071871360424737 ], [ 55.425212819089914, -21.071844284044314 ], [ 55.425283916675816, -21.071818120081744 ], [ 55.425295506104035, -21.071812510597741 ], [ 55.425313647433086, -21.071785152559677 ], [ 55.425325950433269, -21.07175317958292 ], [ 55.425336090742192, -21.071715742337517 ], [ 55.425360862251836, -21.071682230175664 ], [ 55.425474405064612, -21.071592243191368 ], [ 55.425597585364102, -21.071523069082385 ], [ 55.42567481640895, -21.071493302553574 ], [ 55.425726410072841, -21.071463298215754 ], [ 55.425774814600736, -21.071411605795646 ], [ 55.425806018088977, -21.071370182467856 ], [ 55.425822617880463, -21.071335842896069 ], [ 55.425962192957634, -21.071296111941429 ], [ 55.426040609219626, -21.071304315718955 ], [ 55.426126888289552, -21.071322200797596 ], [ 55.426089702747454, -21.071393795944058 ], [ 55.426223738083657, -21.071470317260907 ], [ 55.426140054691317, -21.071625965405698 ], [ 55.426014940756005, -21.071576674606803 ], [ 55.425866344911562, -21.071538701132734 ], [ 55.42563545641989, -21.071640144205958 ], [ 55.425479885639639, -21.071719860225556 ], [ 55.425425669114055, -21.071797869649181 ], [ 55.425554868728575, -21.071927926026571 ], [ 55.425616012528558, -21.07209991651062 ], [ 55.425717382908438, -21.072269119421357 ], [ 55.425523559815758, -21.072338737632162 ], [ 55.425564722027062, -21.072569549212407 ], [ 55.425600202032044, -21.072768492859716 ], [ 55.425446166918604, -21.073023690421135 ], [ 55.425391983212833, -21.073187455114503 ], [ 55.425421149159504, -21.073294057929242 ], [ 55.425330403714113, -21.07353039345243 ], [ 55.425119989044262, -21.073591780738706 ], [ 55.425004034951833, -21.073225263918406 ], [ 55.424900725161628, -21.073126361076394 ], [ 55.42484306443972, -21.07307115902951 ], [ 55.424878548010241, -21.072927988825036 ] ] ], [ [ [ 55.426261262124981, -21.071729509300582 ], [ 55.426291568392429, -21.071865059878728 ], [ 55.426212044291425, -21.071919751935866 ], [ 55.426075409319893, -21.071760100827046 ], [ 55.426261262124981, -21.071729509300582 ] ] ], [ [ [ 55.425336325645645, -21.071307019988705 ], [ 55.425427988987366, -21.071169082373935 ], [ 55.425477172795674, -21.071130666781873 ], [ 55.425554886958949, -21.071053258272979 ], [ 55.425596520723467, -21.070996842957676 ], [ 55.425590245720983, -21.070932149836377 ], [ 55.42567154370262, -21.070808202925651 ], [ 55.425818892392407, -21.070826346503495 ], [ 55.425846552831722, -21.071230934879608 ], [ 55.42578591037568, -21.071362013501684 ], [ 55.425746340911992, -21.071412301029966 ], [ 55.425703395454754, -21.071456090492433 ], [ 55.425584232798045, -21.071503366148626 ], [ 55.425447767951987, -21.071581751747964 ], [ 55.425330824695735, -21.071674694389952 ], [ 55.425308758369653, -21.071707939876607 ], [ 55.425295645501706, -21.071759883680549 ], [ 55.425272976166291, -21.07179884598823 ], [ 55.425194776070846, -21.071826847309666 ], [ 55.425092410487103, -21.071854292866437 ], [ 55.42498522604977, -21.07187462530392 ], [ 55.42486931451581, -21.071887570777864 ], [ 55.424798440350877, -21.071890871342216 ], [ 55.424865807904034, -21.071851450405084 ], [ 55.424935775917973, -21.071808362676027 ], [ 55.425037317469808, -21.07174118955351 ], [ 55.425114706277903, -21.071685314798984 ], [ 55.425136221016032, -21.071668535039088 ], [ 55.425172301306823, -21.071622526760027 ], [ 55.42519825277482, -21.071557024272764 ], [ 55.425265945061277, -21.071453110374158 ], [ 55.425336325645645, -21.071307019988705 ] ] ], [ [ [ 55.426053684773763, -21.07114150010646 ], [ 55.426053872352206, -21.071045498822485 ], [ 55.425925170830055, -21.07099925678525 ], [ 55.425934518144373, -21.070955946991639 ], [ 55.425946435322494, -21.070921842197059 ], [ 55.425963616188049, -21.070894462522013 ], [ 55.425985163775159, -21.07087463339607 ], [ 55.426020054542541, -21.070854094244464 ], [ 55.426054267417847, -21.070844654004599 ], [ 55.426122038358244, -21.070820414459295 ], [ 55.426168387416894, -21.070801592104573 ], [ 55.42624659911057, -21.070759801481138 ], [ 55.426286838988737, -21.070752955350901 ], [ 55.426320996010389, -21.070755678414493 ], [ 55.426352521011381, -21.070764795038407 ], [ 55.426389918836861, -21.070784393829204 ], [ 55.426422461974489, -21.070818943341028 ], [ 55.426476146931009, -21.070874234456657 ], [ 55.426528775055466, -21.070908413699616 ], [ 55.426606201881484, -21.070941218525579 ], [ 55.426706820630855, -21.070963007508336 ], [ 55.4267332101942, -21.070972878599814 ], [ 55.426744091978186, -21.07099463795338 ], [ 55.426747265318021, -21.071017930128367 ], [ 55.426702813136892, -21.071100142349849 ], [ 55.426680314110143, -21.071140615871325 ], [ 55.426569803082074, -21.071079296963543 ], [ 55.426536167798197, -21.071066675871759 ], [ 55.426520878496184, -21.071083224474442 ], [ 55.426510264661978, -21.071162405374825 ], [ 55.426512396541291, -21.071213331678198 ], [ 55.426248011356336, -21.07111019492741 ], [ 55.426135917557851, -21.07123394240466 ], [ 55.426053684773763, -21.07114150010646 ] ] ], [ [ [ 55.42611278727756, -21.069308430813905 ], [ 55.425964735219623, -21.069009963548062 ], [ 55.425913472030338, -21.068921058467961 ], [ 55.425867018286588, -21.068859085687965 ], [ 55.425829734278935, -21.06882735289058 ], [ 55.425926901469659, -21.068769673786964 ], [ 55.425972563139133, -21.068786935643924 ], [ 55.426094314939796, -21.068771226926131 ], [ 55.426192055662554, -21.068953608484389 ], [ 55.426378397245472, -21.068998971794148 ], [ 55.426627300769404, -21.069071311990836 ], [ 55.427026123316722, -21.069077701596804 ], [ 55.427306751947462, -21.069096771599312 ], [ 55.427301946026802, -21.069364263864067 ], [ 55.42744278191735, -21.069404215509699 ], [ 55.427426079150401, -21.069372624014335 ], [ 55.427424386078968, -21.069369902936387 ], [ 55.427564295194344, -21.069373795959425 ], [ 55.427569859578675, -21.069399704563764 ], [ 55.42756946179658, -21.069415204276631 ], [ 55.427565941594565, -21.069552304877892 ], [ 55.427531516609122, -21.069742131369608 ], [ 55.427484529691682, -21.069840426270449 ], [ 55.427443191201519, -21.06992688510438 ], [ 55.427401622395884, -21.070013825961791 ], [ 55.427380535631045, -21.070151026662142 ], [ 55.427361721625736, -21.070313242814382 ], [ 55.427351839300194, -21.070448929489491 ], [ 55.426691934443419, -21.070183630621543 ], [ 55.426683882419553, -21.07011491308549 ], [ 55.426711824038975, -21.069961410894269 ], [ 55.426612576343885, -21.069941271441309 ], [ 55.426609689056548, -21.069933877339604 ], [ 55.426588815432538, -21.069880428727956 ], [ 55.426489725767773, -21.069800365545031 ], [ 55.426465320520151, -21.069732717682406 ], [ 55.426435323181046, -21.069667150678683 ], [ 55.426406105372934, -21.069624634158167 ], [ 55.426379708369069, -21.069604336131942 ], [ 55.426371220123997, -21.069620535870285 ], [ 55.426384034556875, -21.069632110349698 ], [ 55.426410289709018, -21.069664518548137 ], [ 55.426438377602217, -21.069717105456601 ], [ 55.426461949116998, -21.069777922042647 ], [ 55.426453188986642, -21.069770844757482 ], [ 55.426331625951271, -21.069696102286525 ], [ 55.425848503185414, -21.06960994625479 ], [ 55.425875982913638, -21.069430083377949 ], [ 55.42611278727756, -21.069308430813905 ] ], [ [ 55.426965845642535, -21.069351888170669 ], [ 55.427163396375661, -21.06935921886323 ], [ 55.427301946026802, -21.069364263864067 ], [ 55.426965845642535, -21.069351888170669 ] ], [ [ 55.427439178168221, -21.069626314372805 ], [ 55.427449699200793, -21.069606510255976 ], [ 55.427458000569132, -21.069585648583843 ], [ 55.427463900171851, -21.069563932719728 ], [ 55.427467503777905, -21.069541737611338 ], [ 55.427468602282111, -21.069519455162123 ], [ 55.427466801585581, -21.069489626758216 ], [ 55.427461820674907, -21.069460123892402 ], [ 55.427453744346138, -21.069431211114619 ], [ 55.42744278191735, -21.069404215509699 ], [ 55.427439178168221, -21.069626314372805 ] ], [ [ 55.427438813020771, -21.06962388200731 ], [ 55.426948699649977, -21.069546262872322 ], [ 55.426909246625698, -21.069538831900768 ], [ 55.426909947605679, -21.069539234679667 ], [ 55.42689089953334, -21.069620189246475 ], [ 55.426759567549325, -21.069649718778106 ], [ 55.426673504254822, -21.069766004586263 ], [ 55.426701992450432, -21.069793357779833 ], [ 55.426719076604456, -21.069806065708416 ], [ 55.426722716724122, -21.069807855466582 ], [ 55.426731439842435, -21.069812140285496 ], [ 55.426745052716086, -21.0698156999043 ], [ 55.426759570814895, -21.069817099080609 ], [ 55.426782377772561, -21.069816309590138 ], [ 55.42678240858455, -21.06981630806909 ], [ 55.42684790129136, -21.069809607299941 ], [ 55.426883881772177, -21.06980849183989 ], [ 55.426914214915563, -21.069809949941344 ], [ 55.426944077991521, -21.069814285218719 ], [ 55.426965571314675, -21.06982017429749 ], [ 55.426985809117284, -21.069828772488709 ], [ 55.427004739753755, -21.069840781180918 ], [ 55.427046349279756, -21.069872778746848 ], [ 55.427065178852494, -21.069883966296981 ], [ 55.427078509983495, -21.069889335305469 ], [ 55.427099910753, -21.06989396069245 ], [ 55.427137896212123, -21.06989711470257 ], [ 55.427168478608003, -21.069898209231265 ], [ 55.427190457798901, -21.06989651774656 ], [ 55.427204165017905, -21.069892938494288 ], [ 55.427216546826678, -21.069887092315653 ], [ 55.427225708906242, -21.069880569539809 ], [ 55.427225805875274, -21.069880499980584 ], [ 55.427233707432741, -21.069874874248516 ], [ 55.42723546584147, -21.069873304339641 ], [ 55.427235498881991, -21.06987327393345 ], [ 55.427284231179634, -21.069829847473795 ], [ 55.427284272947141, -21.069829810825322 ], [ 55.427288747661379, -21.069825815419712 ], [ 55.427288792363221, -21.069825774281906 ], [ 55.427322672596247, -21.069795864542296 ], [ 55.427322693975384, -21.069795844867684 ], [ 55.427342833493668, -21.069774804723412 ], [ 55.427360285670439, -21.069751696407963 ], [ 55.427401214276081, -21.069685271774521 ], [ 55.427401363088009, -21.069685031067802 ], [ 55.427414344197686, -21.069663922791207 ], [ 55.427414359850594, -21.069663898547024 ], [ 55.427439178168221, -21.069626314372805 ], [ 55.427438813020771, -21.06962388200731 ] ], [ [ 55.426310219143708, -21.06940441787939 ], [ 55.42621745816534, -21.069399926650963 ], [ 55.426225042034332, -21.069542833558238 ], [ 55.426381782566182, -21.069600376309698 ], [ 55.426380919445727, -21.069483565801278 ], [ 55.426377274365372, -21.069432492677556 ], [ 55.426333010201496, -21.069426169323528 ], [ 55.426310219143708, -21.06940441787939 ] ] ], [ [ [ 55.425846364435806, -21.069518548300604 ], [ 55.425847877446536, -21.069519995872614 ], [ 55.425352505946456, -21.069555554232448 ], [ 55.425315505397386, -21.069297091348709 ], [ 55.425824744812175, -21.069250190606464 ], [ 55.425873071032562, -21.069303696943063 ], [ 55.425846364435806, -21.069518548300604 ] ] ], [ [ [ 55.425815194445676, -21.068835983714656 ], [ 55.425842225938965, -21.068855868570068 ], [ 55.425869899662331, -21.068887792275664 ], [ 55.425900603765967, -21.068934084011509 ], [ 55.425941993538359, -21.069002368178634 ], [ 55.425761641559525, -21.068942133762686 ], [ 55.42576243014144, -21.068867306040413 ], [ 55.425815194445676, -21.068835983714656 ] ] ], [ [ [ 55.425596436442049, -21.042648335825795 ], [ 55.425572321054311, -21.042605572128362 ], [ 55.425515743324539, -21.042635541705298 ], [ 55.425500700448872, -21.042615575674674 ], [ 55.425454654192102, -21.042642687194391 ], [ 55.425407957178138, -21.042620223786781 ], [ 55.42543367169268, -21.042518019996798 ], [ 55.425474978371795, -21.042432950943667 ], [ 55.425316623319247, -21.042152130092528 ], [ 55.425368284007888, -21.042086291723624 ], [ 55.425315218413601, -21.042061356558236 ], [ 55.425264009833981, -21.042027457019849 ], [ 55.425203163838709, -21.041976179794833 ], [ 55.425167129657396, -21.041835257215091 ], [ 55.425240267566082, -21.041666361068099 ], [ 55.425307467818968, -21.041484541367915 ], [ 55.425229014482717, -21.041439799015329 ], [ 55.425246280146077, -21.041199289524947 ], [ 55.425238702460362, -21.041066543601485 ], [ 55.425273935270987, -21.041004645882911 ], [ 55.425209219213208, -21.041002653295738 ], [ 55.42518024817435, -21.040955938666457 ], [ 55.425149375765457, -21.040909691488039 ], [ 55.425114515223306, -21.040755976240856 ], [ 55.425088521882309, -21.04064572185991 ], [ 55.425110700592256, -21.040482632362593 ], [ 55.425112932676669, -21.040465435119092 ], [ 55.42511303469734, -21.040465468694084 ], [ 55.425113045754173, -21.04046538738849 ], [ 55.425234297083357, -21.040505376130081 ], [ 55.425384601939349, -21.040554841439299 ], [ 55.425384760605446, -21.040554999065716 ], [ 55.425384760966018, -21.040554999184632 ], [ 55.425385367295696, -21.04055560178054 ], [ 55.425620424696845, -21.040789118933542 ], [ 55.425620366782312, -21.040789154141947 ], [ 55.425621010311474, -21.04078979370826 ], [ 55.425486446980038, -21.040870568992954 ], [ 55.425547285561684, -21.040959683700546 ], [ 55.425558315800743, -21.040918612318293 ], [ 55.425822273486091, -21.040875892286426 ], [ 55.425808948875989, -21.040846252442574 ], [ 55.425896334495178, -21.040825220851001 ], [ 55.426138986455392, -21.04062260030171 ], [ 55.426238885316941, -21.040485983572644 ], [ 55.426363319594714, -21.040552966066716 ], [ 55.42649041483488, -21.040691441776133 ], [ 55.426562077191029, -21.040760904679338 ], [ 55.426508510823631, -21.040803809860815 ], [ 55.426452788215443, -21.040857608800348 ], [ 55.426406708656756, -21.040919646635867 ], [ 55.426377847880801, -21.040946748659398 ], [ 55.426400543952404, -21.040975234099204 ], [ 55.426436341224608, -21.0409133223691 ], [ 55.426489463454438, -21.040848587424009 ], [ 55.426589543329513, -21.040767268937213 ], [ 55.426619056209418, -21.040765282106907 ], [ 55.426933648655087, -21.040960473035739 ], [ 55.426980264454393, -21.04113100248091 ], [ 55.426905425846186, -21.04118014784034 ], [ 55.426903126701653, -21.041181658564742 ], [ 55.426951860694516, -21.041178450383928 ], [ 55.427002341475053, -21.041291739673493 ], [ 55.427017325739101, -21.041375930095167 ], [ 55.426940431388083, -21.041460840902253 ], [ 55.426938163188488, -21.041538924260401 ], [ 55.426910539417868, -21.041558179963165 ], [ 55.42688936653159, -21.041691546789899 ], [ 55.426820655735547, -21.041806929527624 ], [ 55.426837535621324, -21.041857942819771 ], [ 55.426747242309332, -21.042039951386428 ], [ 55.42679342462727, -21.042329061949847 ], [ 55.426779690357193, -21.042361383353551 ], [ 55.426620005774559, -21.042737189571159 ], [ 55.42661998982944, -21.04273861574336 ], [ 55.426503836037057, -21.04301197355236 ], [ 55.426266901885278, -21.042916526673743 ], [ 55.426133328174352, -21.043047362793661 ], [ 55.425773390697458, -21.04285164087597 ], [ 55.425710233325056, -21.042831912020677 ], [ 55.425596436442049, -21.042648335825795 ] ], [ [ 55.425479864662748, -21.040976925536391 ], [ 55.425507907874476, -21.041002990087311 ], [ 55.42549723364084, -21.041042229246244 ], [ 55.425396591327612, -21.041093506020854 ], [ 55.425338759071906, -21.041017989477933 ], [ 55.425352570937335, -21.041116134237576 ], [ 55.425490280438616, -21.041105699726192 ], [ 55.425518095936553, -21.041005880209322 ], [ 55.425527845862142, -21.04097209838719 ], [ 55.425547285561684, -21.040959683700546 ], [ 55.425479864662748, -21.040976925536391 ] ], [ [ 55.425402741453276, -21.041863780001574 ], [ 55.425391479072992, -21.041814257609861 ], [ 55.425402715036732, -21.041863730074994 ], [ 55.425402741453276, -21.041863780001574 ] ] ], [ [ [ 55.426780680953939, -21.040747387127503 ], [ 55.426666226420878, -21.040746327545861 ], [ 55.426579497915355, -21.04074695181458 ], [ 55.426505488158497, -21.040678739038942 ], [ 55.426377004412167, -21.040543749890535 ], [ 55.426249445007933, -21.040471542651289 ], [ 55.426373307563473, -21.040316817855402 ], [ 55.426558292707838, -21.040128006237371 ], [ 55.427041393741725, -21.039807844508182 ], [ 55.427189034606641, -21.039915891395978 ], [ 55.427167022237548, -21.040097372370184 ], [ 55.427220817454241, -21.040204719611118 ], [ 55.427369408385943, -21.040265948664178 ], [ 55.427166438428905, -21.040392309089686 ], [ 55.426950509264714, -21.040573379076662 ], [ 55.426906806992314, -21.040703723590248 ], [ 55.426780680953939, -21.040747387127503 ] ] ], [ [ [ 55.425249003731601, -21.040389401990453 ], [ 55.425403905218744, -21.040179404134676 ], [ 55.425537860591064, -21.040155310194624 ], [ 55.425831336177858, -21.040209319431582 ], [ 55.425969220749515, -21.040155042350897 ], [ 55.426162089276126, -21.040132989423387 ], [ 55.425976821391458, -21.040267446052784 ], [ 55.426023112284469, -21.040325202188825 ], [ 55.426083923945718, -21.040392900890435 ], [ 55.42612763885991, -21.040430539105852 ], [ 55.42616859895989, -21.040465805913868 ], [ 55.425906052022839, -21.040794329279557 ], [ 55.425878828783517, -21.040811273353565 ], [ 55.425803427563935, -21.040810574920993 ], [ 55.425712664326923, -21.040797126710117 ], [ 55.425638531794128, -21.040774135534047 ], [ 55.425602838836788, -21.040730165269284 ], [ 55.425568092160347, -21.04066125626936 ], [ 55.425507581128791, -21.040554720744399 ], [ 55.42540511663708, -21.040475219046105 ], [ 55.425249003731601, -21.040389401990453 ] ] ], [ [ [ 55.426027012237661, -21.039548705096518 ], [ 55.426091585285356, -21.039268017260365 ], [ 55.426278143342451, -21.039309643871817 ], [ 55.426366946646816, -21.039349388700856 ], [ 55.426554055230945, -21.039313617623058 ], [ 55.426567294026782, -21.039262120761865 ], [ 55.426515551388974, -21.039231672731617 ], [ 55.426526654307835, -21.039199763261056 ], [ 55.426578925407476, -21.039178342922884 ], [ 55.426648982008913, -21.039172251922167 ], [ 55.426733360397236, -21.039169662802223 ], [ 55.426807094031894, -21.039155181540515 ], [ 55.426873454922536, -21.0391591660395 ], [ 55.426954031466934, -21.039176760322192 ], [ 55.427050846981196, -21.039186081532041 ], [ 55.427109545021629, -21.039210142362069 ], [ 55.427264861677799, -21.039314428374894 ], [ 55.427335829197716, -21.039392588775737 ], [ 55.426972423794453, -21.039670211631883 ], [ 55.426795909374619, -21.039808681440558 ], [ 55.426725678686708, -21.039669906769657 ], [ 55.426726501359788, -21.039912664352364 ], [ 55.426526092601875, -21.040048013939252 ], [ 55.426399598401005, -21.039675331949375 ], [ 55.426398927106163, -21.039657442984556 ], [ 55.426380037765199, -21.039690580202539 ], [ 55.426428943248197, -21.039801791893662 ], [ 55.426483156275083, -21.039943679305203 ], [ 55.426457744487195, -21.040013524307156 ], [ 55.426206523937239, -21.039900288370859 ], [ 55.42592861029275, -21.039813119055136 ], [ 55.425958839185277, -21.03976751651491 ], [ 55.425973892044105, -21.039555315818443 ], [ 55.426027012237661, -21.039548705096518 ] ], [ [ 55.42637807736179, -21.039506073540078 ], [ 55.426378033390122, -21.039506504009903 ], [ 55.426467249760968, -21.03943632298116 ], [ 55.42637807736179, -21.039506073540078 ] ] ], [ [ [ 55.426880544201524, -21.031044298968453 ], [ 55.427181684864479, -21.030989542768872 ], [ 55.427132039821487, -21.030923118566616 ], [ 55.427151205397514, -21.03087938702496 ], [ 55.427193545754598, -21.030855628820408 ], [ 55.427254246243635, -21.030864971420783 ], [ 55.42731689378067, -21.030911655760388 ], [ 55.427451977620585, -21.030963400194363 ], [ 55.427469482942683, -21.030935211818633 ], [ 55.428386563788436, -21.030519723836655 ], [ 55.428498294425644, -21.030643276787266 ], [ 55.428485980429294, -21.030680505696118 ], [ 55.428491820669748, -21.030736916137457 ], [ 55.428438976303788, -21.030767624282262 ], [ 55.428250624411199, -21.030841358909132 ], [ 55.428113063529814, -21.030977957090297 ], [ 55.428045705343798, -21.031063881068285 ], [ 55.428016755813104, -21.031198628029706 ], [ 55.427946019056606, -21.031246435473193 ], [ 55.427930715188985, -21.031370732671014 ], [ 55.427932866772416, -21.031521482039395 ], [ 55.428007738284109, -21.031591404755737 ], [ 55.42809697708531, -21.031626406542603 ], [ 55.428141945547047, -21.031699557541813 ], [ 55.428119405686971, -21.031722033892411 ], [ 55.428315429755678, -21.03172921552132 ], [ 55.428487532601196, -21.031746379558488 ], [ 55.428533495608519, -21.031682695801852 ], [ 55.428568473692224, -21.031615641421098 ], [ 55.428615186014603, -21.031526093836128 ], [ 55.428792299829389, -21.031499909878463 ], [ 55.428865027344123, -21.031399956265314 ], [ 55.428925029790953, -21.03133899282005 ], [ 55.428977189317955, -21.031297815190015 ], [ 55.429164417976082, -21.031457189632107 ], [ 55.429178680776964, -21.031500951182242 ], [ 55.429234825761476, -21.031544187370283 ], [ 55.429254743481742, -21.031486478407896 ], [ 55.4292929884326, -21.031408423749639 ], [ 55.429346894241718, -21.031371093064759 ], [ 55.429429206474765, -21.031422476693397 ], [ 55.42951101204757, -21.031475573695857 ], [ 55.429694405087993, -21.031559241155648 ], [ 55.429872806413613, -21.03170906034255 ], [ 55.429789974676567, -21.031869377675079 ], [ 55.429681112302035, -21.031993976189945 ], [ 55.42952357756802, -21.032019316669881 ], [ 55.429683274305212, -21.032065121715547 ], [ 55.429556509682371, -21.032501261884775 ], [ 55.428808342391136, -21.032453671795245 ], [ 55.428736244574694, -21.032467917220675 ], [ 55.428651691620011, -21.03240924903697 ], [ 55.428587859965511, -21.032365283990945 ], [ 55.42873367395196, -21.032470283612341 ], [ 55.428460626605144, -21.032738638045728 ], [ 55.4282892993606, -21.032607337374355 ], [ 55.42826985074506, -21.032379670450467 ], [ 55.428287893021093, -21.03259666805554 ], [ 55.428213950387224, -21.032543524828121 ], [ 55.428133785260904, -21.032437866271561 ], [ 55.428110040022268, -21.032280270710167 ], [ 55.42813209141147, -21.032115149496285 ], [ 55.428354134371816, -21.031931211431974 ], [ 55.428482454775214, -21.031753415452489 ], [ 55.428310602755452, -21.031735728003774 ], [ 55.428111739088038, -21.031729679959813 ], [ 55.428076832502406, -21.031764490435886 ], [ 55.42799774791888, -21.031752786688745 ], [ 55.427964040010984, -21.031780178521473 ], [ 55.42799573671217, -21.031842333720267 ], [ 55.428036414562051, -21.032008163242345 ], [ 55.428047357661434, -21.032132639908728 ], [ 55.428034475586756, -21.03233882262186 ], [ 55.428047457815488, -21.032429513673318 ], [ 55.428071054856687, -21.032478423745903 ], [ 55.428089475180528, -21.032511417549667 ], [ 55.428145211664777, -21.032579839946084 ], [ 55.42822806830327, -21.032645657724906 ], [ 55.428451599808341, -21.03283624909346 ], [ 55.428351363012119, -21.033042495938766 ], [ 55.428343812921177, -21.033198086756979 ], [ 55.428221367659056, -21.03330104726275 ], [ 55.427980378495199, -21.033309762426839 ], [ 55.427817434430949, -21.03328636837459 ], [ 55.427771158113153, -21.03325310968291 ], [ 55.427674337083403, -21.033223031937126 ], [ 55.427543658067137, -21.033214808104692 ], [ 55.427503944196154, -21.033244387174719 ], [ 55.427351427475202, -21.033225807111766 ], [ 55.427173584311959, -21.033178271944397 ], [ 55.42713413992896, -21.033128644243462 ], [ 55.42718526115771, -21.032945419837784 ], [ 55.427096890171249, -21.032772335241727 ], [ 55.427000644811322, -21.03275684454373 ], [ 55.426914505220388, -21.032674226824462 ], [ 55.426893800215844, -21.032566069279628 ], [ 55.426801490943838, -21.032471782408258 ], [ 55.426783348487511, -21.032444424976401 ], [ 55.426737200117451, -21.032374834402621 ], [ 55.42658596261078, -21.0322654028142 ], [ 55.426530663685213, -21.032200655036885 ], [ 55.426482565395837, -21.032042542162234 ], [ 55.426487461520601, -21.03190731819085 ], [ 55.426488997843023, -21.031610008971143 ], [ 55.426439618531759, -21.031533592849232 ], [ 55.426412413927274, -21.03144934073212 ], [ 55.426408083959167, -21.03136627591595 ], [ 55.426386803130022, -21.031312358375303 ], [ 55.426452040210023, -21.031186730501627 ], [ 55.426600357864267, -21.031226391712387 ], [ 55.426880544201524, -21.031044298968453 ] ], [ [ 55.427105935016641, -21.031996727565762 ], [ 55.427285545197165, -21.031756500806537 ], [ 55.427105925520607, -21.031996717514509 ], [ 55.427105935016641, -21.031996727565762 ] ], [ [ 55.427275707420492, -21.032167372953193 ], [ 55.427148812846951, -21.032219793970164 ], [ 55.427180369111156, -21.032225913162868 ], [ 55.427275707420492, -21.032167372953193 ] ], [ [ 55.428462239091822, -21.032278757483681 ], [ 55.428623132872204, -21.032113330717905 ], [ 55.428464488768341, -21.032276444134244 ], [ 55.428462239091822, -21.032278757483681 ] ] ], [ [ [ 55.426060298745469, -21.023256280605885 ], [ 55.426229201945105, -21.023330752438319 ], [ 55.426368334494818, -21.023421572199162 ], [ 55.426368466884462, -21.023429215406516 ], [ 55.42636838441949, -21.0234370716129 ], [ 55.426368087505445, -21.02346535774937 ], [ 55.426371220766121, -21.023485817754388 ], [ 55.426370725927711, -21.023532959508461 ], [ 55.426364714662867, -21.023627199257767 ], [ 55.426349355000035, -21.023655346007192 ], [ 55.42633071361589, -21.023677175365588 ], [ 55.426313795562088, -21.023694306307149 ], [ 55.426266360694449, -21.023673467041611 ], [ 55.426227712220538, -21.023746589828352 ], [ 55.425934034545328, -21.023913674557654 ], [ 55.425919327620392, -21.023808543391848 ], [ 55.425823702443509, -21.023458400741703 ], [ 55.425949206199476, -21.023428073158168 ], [ 55.425955723323902, -21.023355224825089 ], [ 55.426060298745469, -21.023256280605885 ] ] ], [ [ [ 55.425207000790827, -21.019380999336203 ], [ 55.425375925173739, -21.019569995138788 ], [ 55.425476415022402, -21.019672261212435 ], [ 55.425565999247375, -21.019766000225875 ], [ 55.425832475468923, -21.019676444107162 ], [ 55.425956107122389, -21.02000798670333 ], [ 55.425812290230908, -21.020127612171077 ], [ 55.42572410744863, -21.020125311824003 ], [ 55.425560895886129, -21.020104511798987 ], [ 55.425481293422017, -21.02014712914006 ], [ 55.4253978624795, -21.02013289565836 ], [ 55.42530678440248, -21.020119191130956 ], [ 55.424987000731974, -21.020355000430762 ], [ 55.424880000064505, -21.020306999582619 ], [ 55.424900575927609, -21.020080663215438 ], [ 55.424932887172055, -21.019944321836149 ], [ 55.424985081046955, -21.019740391212256 ], [ 55.425031999385453, -21.019664000285506 ], [ 55.42499199989966, -21.019586999594981 ], [ 55.425015999926522, -21.019534999825023 ], [ 55.425086151096231, -21.019456833124238 ], [ 55.425207000790827, -21.019380999336203 ] ], [ [ 55.42501147362448, -21.019841998461871 ], [ 55.42499673150953, -21.019780414452036 ], [ 55.424985081046955, -21.019740391212256 ], [ 55.42501147362448, -21.019841998461871 ] ], [ [ 55.425337846785929, -21.01994334367804 ], [ 55.425293416157217, -21.019959020224668 ], [ 55.425285742224546, -21.019962099911105 ], [ 55.425337846785929, -21.01994334367804 ] ] ], [ [ [ 55.424859979918331, -21.019355721743629 ], [ 55.424924938459405, -21.019326687597726 ], [ 55.424945039106149, -21.019351730053934 ], [ 55.424969550868695, -21.019393064762571 ], [ 55.424999499621258, -21.019449745522522 ], [ 55.424928327168033, -21.019488761509614 ], [ 55.424886140563899, -21.019433877901214 ], [ 55.424859979918331, -21.019355721743629 ] ] ], [ [ [ 55.425229988840087, -21.019107019468958 ], [ 55.425167557862849, -21.018992318442908 ], [ 55.425223166373051, -21.018968933601329 ], [ 55.425287506864848, -21.019083652287993 ], [ 55.425300326659084, -21.019074809262452 ], [ 55.425319070609042, -21.019107845131927 ], [ 55.425290890991576, -21.019124910581677 ], [ 55.425301507395588, -21.019144129185442 ], [ 55.425264402193029, -21.019162905963128 ], [ 55.42522679097123, -21.01916913020057 ], [ 55.425178132330274, -21.019197359692189 ], [ 55.425151846528337, -21.019155291358988 ], [ 55.425203675716865, -21.019128286306053 ], [ 55.425229988840087, -21.019107019468958 ] ] ], [ [ [ 55.425766815668176, -21.016383092891367 ], [ 55.425644509199593, -21.016283173375626 ], [ 55.425681826411811, -21.016166777925765 ], [ 55.425832302332864, -21.016137160850082 ], [ 55.425921295984658, -21.016278204006738 ], [ 55.425766815668176, -21.016383092891367 ] ] ], [ [ [ 55.426942573674197, -21.075092355440511 ], [ 55.42648114629209, -21.075128901868471 ], [ 55.42699120570672, -21.074190609058345 ], [ 55.427426912563732, -21.074183275863035 ], [ 55.427609740203806, -21.074342424492617 ], [ 55.427845682121394, -21.074942118965609 ], [ 55.427646761356627, -21.075643538165675 ], [ 55.427315173885361, -21.075230525302338 ], [ 55.426942573674197, -21.075092355440511 ] ] ], [ [ [ 55.427055782125201, -21.072273667049839 ], [ 55.427009387130404, -21.072230217297065 ], [ 55.426984106731041, -21.072212775093966 ], [ 55.426906756643454, -21.072207277965848 ], [ 55.426824263807283, -21.07220651341753 ], [ 55.426765303589079, -21.072195570832786 ], [ 55.426728851311339, -21.072175157058151 ], [ 55.426701786177581, -21.072133797780648 ], [ 55.426701643051764, -21.072050624836983 ], [ 55.426724985263547, -21.071979052095529 ], [ 55.4267784117174, -21.071820940834318 ], [ 55.426772564028823, -21.071728662110818 ], [ 55.426750718354533, -21.071645736953641 ], [ 55.426626202988629, -21.071476327301589 ], [ 55.426626167030989, -21.071476227046624 ], [ 55.426625371202846, -21.071476171449909 ], [ 55.426607820784149, -21.071425075129749 ], [ 55.426618126198377, -21.071351240725146 ], [ 55.426680082506948, -21.071209921454724 ], [ 55.426680086827837, -21.071209912887007 ], [ 55.426707443285899, -21.071147514730139 ], [ 55.426793328705678, -21.070985370231497 ], [ 55.426788781300345, -21.070960501704423 ], [ 55.426788781328305, -21.070960501693182 ], [ 55.42677964554688, -21.070910540251319 ], [ 55.426850338462302, -21.070724439316219 ], [ 55.42701920861694, -21.070834662593224 ], [ 55.427102085632058, -21.070865990216085 ], [ 55.427182272908077, -21.070809008539161 ], [ 55.427297276611242, -21.070881381750265 ], [ 55.427419230788118, -21.070855461296702 ], [ 55.427514092218487, -21.070683261760127 ], [ 55.427904753860957, -21.070723574272073 ], [ 55.427872243379447, -21.070970040316649 ], [ 55.427870657790855, -21.071088091903555 ], [ 55.427882970931833, -21.071159090872168 ], [ 55.427927173268671, -21.071315903626331 ], [ 55.427963217612159, -21.071399288968372 ], [ 55.427989237166159, -21.071491704827473 ], [ 55.427979620683388, -21.071669795974213 ], [ 55.42793835616645, -21.071876802320894 ], [ 55.427922024311528, -21.071948767186132 ], [ 55.427916571985421, -21.071972788818535 ], [ 55.427914791438774, -21.071980124313313 ], [ 55.427906298743018, -21.072002515325764 ], [ 55.427826401177398, -21.072215798569228 ], [ 55.42780059199, -21.072345575564309 ], [ 55.427770445049433, -21.072452214004429 ], [ 55.427744524232125, -21.072543903975273 ], [ 55.427643008736453, -21.072705483205365 ], [ 55.42762298535213, -21.072769349135097 ], [ 55.427617034978894, -21.072827729596277 ], [ 55.427617855535196, -21.072869681176208 ], [ 55.427630452512489, -21.072930982207772 ], [ 55.427629487539541, -21.073022748867476 ], [ 55.427614164027332, -21.073121248516788 ], [ 55.427600421648073, -21.073171614948009 ], [ 55.427537512244903, -21.073245600712475 ], [ 55.427516034583924, -21.073254005693848 ], [ 55.427485451299809, -21.073256590336559 ], [ 55.427449986631096, -21.073239052934088 ], [ 55.427440587551807, -21.073227918455192 ], [ 55.427411759152015, -21.073193767556127 ], [ 55.427335989660719, -21.073134749180436 ], [ 55.427203460619744, -21.073054267167834 ], [ 55.427143712779426, -21.073016335737982 ], [ 55.427112532780413, -21.072978762969104 ], [ 55.427091227273969, -21.072948114285932 ], [ 55.427086446255785, -21.072941237396567 ], [ 55.427067527723501, -21.072899954565866 ], [ 55.427052884692607, -21.07283959114147 ], [ 55.427048205437927, -21.072800351655534 ], [ 55.427050262297634, -21.072735739389085 ], [ 55.427051972987329, -21.072699735132719 ], [ 55.427069120623102, -21.072580550553266 ], [ 55.427071023225835, -21.072470857518304 ], [ 55.427074084207362, -21.072354151132132 ], [ 55.427074358710385, -21.072347451167495 ], [ 55.427055782125201, -21.072273667049839 ] ] ], [ [ [ 55.428187619811652, -21.044981494611509 ], [ 55.428043354970669, -21.044846652292311 ], [ 55.427987826142044, -21.044796553388775 ], [ 55.427923001689024, -21.044776765616096 ], [ 55.428051324001089, -21.044640595188987 ], [ 55.427827609911056, -21.044489423915618 ], [ 55.427521725663297, -21.044268677217616 ], [ 55.427405705652028, -21.044450059547795 ], [ 55.427268509359799, -21.044303866970214 ], [ 55.427212250870667, -21.044120813431842 ], [ 55.427183799617211, -21.044028984682281 ], [ 55.427108741710789, -21.043657666246464 ], [ 55.427111092301359, -21.043433861457714 ], [ 55.427080328316293, -21.04337783007465 ], [ 55.427099705631974, -21.043211325114672 ], [ 55.427103925227627, -21.043049409554019 ], [ 55.427252772939873, -21.043024780178047 ], [ 55.427318582473482, -21.042993470939372 ], [ 55.427402303284559, -21.042935137922615 ], [ 55.427475201189488, -21.042828236916463 ], [ 55.427412055622824, -21.042725988172304 ], [ 55.427415218878998, -21.042664544759706 ], [ 55.427512688248115, -21.042635269993937 ], [ 55.427472893794693, -21.042441158849019 ], [ 55.427634721649838, -21.042359728283067 ], [ 55.427688943274077, -21.04245597862695 ], [ 55.427747945861157, -21.042528516238868 ], [ 55.427879583171325, -21.042616715293015 ], [ 55.427918209175857, -21.042628500365005 ], [ 55.427951944580116, -21.042636411070035 ], [ 55.427963090163367, -21.042654246079902 ], [ 55.42795874218676, -21.042708584891123 ], [ 55.427929212007456, -21.042762690735902 ], [ 55.42784072688287, -21.042794971959935 ], [ 55.427835845338286, -21.042862094836806 ], [ 55.427897101641996, -21.04286505893575 ], [ 55.427950364093576, -21.042898353443597 ], [ 55.428019489411561, -21.042903598880709 ], [ 55.428071503873703, -21.042916547481003 ], [ 55.428091464056891, -21.042949249339614 ], [ 55.428105049600916, -21.043002399990417 ], [ 55.428113780825065, -21.043224873847617 ], [ 55.428108566406927, -21.043263307360391 ], [ 55.428043834250474, -21.04333443106071 ], [ 55.428043259744044, -21.043370738654676 ], [ 55.428032081106153, -21.043445790316404 ], [ 55.427994360986268, -21.04349159940762 ], [ 55.428027803711458, -21.043524478395426 ], [ 55.428056727330734, -21.043578223496521 ], [ 55.428071177629391, -21.043641761136339 ], [ 55.428182159712975, -21.043585909287298 ], [ 55.428254941366404, -21.043485574805334 ], [ 55.428284403308169, -21.043336207406835 ], [ 55.428401510076583, -21.043154136146068 ], [ 55.428499237704642, -21.043252298056998 ], [ 55.428576339981198, -21.043373535643795 ], [ 55.428703075500103, -21.043490861969705 ], [ 55.428929790123703, -21.043650483147715 ], [ 55.428996346877703, -21.043728269776587 ], [ 55.429100155148014, -21.043809583116644 ], [ 55.429264293690572, -21.043937987927386 ], [ 55.429318443797108, -21.043981576195662 ], [ 55.429429022600182, -21.044101783277299 ], [ 55.429645570109642, -21.044328864292901 ], [ 55.429831011492091, -21.044533954775972 ], [ 55.429939398562304, -21.044649448630306 ], [ 55.430048975052451, -21.044754116442203 ], [ 55.430164078358622, -21.044857436029876 ], [ 55.430375245184628, -21.045033223715627 ], [ 55.430474914932084, -21.045107996058967 ], [ 55.431002097552216, -21.045441226006282 ], [ 55.431003068875668, -21.045550556793479 ], [ 55.430900409522117, -21.045780502155822 ], [ 55.430754354695132, -21.045816792284853 ], [ 55.43057781413119, -21.045326619075571 ], [ 55.430172614223949, -21.045542886196721 ], [ 55.430002594928915, -21.045537006519513 ], [ 55.430373623087235, -21.045824123330661 ], [ 55.43015373296695, -21.04591906632913 ], [ 55.429992682516186, -21.045797515264937 ], [ 55.429822437168461, -21.045849046562459 ], [ 55.429557396705839, -21.045793492571974 ], [ 55.429432435762209, -21.045748468464542 ], [ 55.429371922519714, -21.045655554151789 ], [ 55.429293517903268, -21.045627122259301 ], [ 55.429235392299042, -21.045541156528895 ], [ 55.429132637073472, -21.045489410040588 ], [ 55.42911607567676, -21.045426917047461 ], [ 55.429047750194258, -21.045375489724165 ], [ 55.428885829249332, -21.045337050972922 ], [ 55.428746232986718, -21.045280345905532 ], [ 55.428636076325525, -21.045230840443843 ], [ 55.428559289319509, -21.045180976894809 ], [ 55.428524008503516, -21.045167607761055 ], [ 55.428340205608009, -21.045075133600736 ], [ 55.428296076910406, -21.045062531689222 ], [ 55.428187619811652, -21.044981494611509 ] ], [ [ 55.428950003370176, -21.044663223209859 ], [ 55.428914096375806, -21.044705694382383 ], [ 55.428966775021287, -21.044643386302674 ], [ 55.428950003370176, -21.044663223209859 ] ], [ [ 55.428015447981643, -21.043695256969741 ], [ 55.427850701394725, -21.043844513555481 ], [ 55.427977553532457, -21.043731633923649 ], [ 55.428015447981643, -21.043695256969741 ] ] ], [ [ [ 55.428560634979171, -21.043306493346158 ], [ 55.428514804955554, -21.043245169504431 ], [ 55.428457318365773, -21.043187374559924 ], [ 55.428408568007846, -21.043132756026807 ], [ 55.428355996575029, -21.043021768345589 ], [ 55.428009375991401, -21.042644972756907 ], [ 55.427971082107241, -21.042622629321048 ], [ 55.427902486298755, -21.042607559894915 ], [ 55.427768011394726, -21.042512400826112 ], [ 55.427703943404786, -21.042439808223573 ], [ 55.427650862685795, -21.042343307385163 ], [ 55.427594337663542, -21.042224782770965 ], [ 55.427543564873709, -21.042156099796539 ], [ 55.427486380514132, -21.042079033512632 ], [ 55.42748678317357, -21.041960679745703 ], [ 55.42750818693289, -21.041843310703729 ], [ 55.427526679497433, -21.041757883626516 ], [ 55.427577918070405, -21.04167715955067 ], [ 55.427902384732654, -21.041446566506917 ], [ 55.428068662954864, -21.041390474617057 ], [ 55.428529961916347, -21.04150648001206 ], [ 55.428558322819761, -21.041743881912446 ], [ 55.42862203237371, -21.041791500787618 ], [ 55.42865143304104, -21.041850485766833 ], [ 55.42865162419897, -21.041853175774648 ], [ 55.428660157763055, -21.041972688967242 ], [ 55.428698750377315, -21.042109259021288 ], [ 55.428737277662563, -21.042243991138815 ], [ 55.428740200412705, -21.042254210170981 ], [ 55.428737367681642, -21.042243481602977 ], [ 55.428831970175253, -21.042451208984261 ], [ 55.429011416040368, -21.042585999150845 ], [ 55.429052851226892, -21.042750383840225 ], [ 55.429136243205086, -21.042755894400361 ], [ 55.429138891466032, -21.042754216148403 ], [ 55.429140272040222, -21.042756160180147 ], [ 55.429174959410929, -21.042758451846961 ], [ 55.429510440442222, -21.042959496090525 ], [ 55.429670837373564, -21.043204998595666 ], [ 55.429757043041938, -21.043345235065701 ], [ 55.429817239937272, -21.043506534754542 ], [ 55.429853827698075, -21.043656964479812 ], [ 55.429604367551271, -21.043787376643738 ], [ 55.429325334261478, -21.043951752184384 ], [ 55.429250651104361, -21.043890963949053 ], [ 55.429164250999783, -21.043822030650091 ], [ 55.429084434091941, -21.04376853696445 ], [ 55.429009596585672, -21.043703310163707 ], [ 55.428983411437301, -21.043669155238948 ], [ 55.428950335951576, -21.043630046104482 ], [ 55.42885323240256, -21.043564612473883 ], [ 55.428757507112095, -21.043495849302445 ], [ 55.428687025610408, -21.043441277404174 ], [ 55.42859881637365, -21.043358656474201 ], [ 55.428560634979171, -21.043306493346158 ] ], [ [ 55.428517235997852, -21.042957740029518 ], [ 55.428517668949588, -21.042956368297794 ], [ 55.428408568007846, -21.043132756026807 ], [ 55.428517235997852, -21.042957740029518 ] ] ], [ [ [ 55.428859573701715, -21.039795381276441 ], [ 55.428916048082549, -21.039797392911471 ], [ 55.4293867247465, -21.039814161151995 ], [ 55.42966880631284, -21.040036493643338 ], [ 55.429607489606774, -21.040233403522638 ], [ 55.429513596539238, -21.040217818297222 ], [ 55.429555868234878, -21.040367951930396 ], [ 55.429638802711843, -21.040432761857804 ], [ 55.429717058628469, -21.040549288913056 ], [ 55.429709275309243, -21.040612358154178 ], [ 55.429647130232475, -21.040758120551519 ], [ 55.429523019629272, -21.040876299607383 ], [ 55.429103411072731, -21.040701696409641 ], [ 55.428723586352312, -21.04018018109204 ], [ 55.428825120757338, -21.039973069301045 ], [ 55.428859573701715, -21.039795381276441 ] ] ], [ [ [ 55.426965290498813, -21.037234017897752 ], [ 55.426878965225249, -21.03709482155411 ], [ 55.426734984712184, -21.036925545263262 ], [ 55.426592153038868, -21.036804485346721 ], [ 55.426440567451479, -21.036728440943016 ], [ 55.426269940647401, -21.036572913435009 ], [ 55.42618936008617, -21.036517741324783 ], [ 55.426127372005709, -21.036426975832537 ], [ 55.426108085713935, -21.036370815746537 ], [ 55.426078633569915, -21.036336332108196 ], [ 55.426007575226336, -21.036163065831612 ], [ 55.426150192510271, -21.036304339295967 ], [ 55.426252546776944, -21.036335405951363 ], [ 55.426443990501497, -21.036589508891595 ], [ 55.426874612840102, -21.036817789579121 ], [ 55.427228616296851, -21.037114737829015 ], [ 55.427457655416255, -21.037460135247478 ], [ 55.428231304449561, -21.037999013930893 ], [ 55.427853997602945, -21.038253010904828 ], [ 55.427824594619366, -21.038213862411055 ], [ 55.42752101952442, -21.037942033944201 ], [ 55.427286353446256, -21.037733043413962 ], [ 55.427227692962902, -21.037640754473355 ], [ 55.427199831710325, -21.037612505896853 ], [ 55.427176197078985, -21.037497214974831 ], [ 55.427129587804295, -21.037361495443651 ], [ 55.427065567599584, -21.037306476963721 ], [ 55.426965290498813, -21.037234017897752 ] ] ], [ [ [ 55.429153979623216, -21.035658931018165 ], [ 55.428744765019694, -21.035605929351242 ], [ 55.428687223474775, -21.035517571586471 ], [ 55.428506386486433, -21.035452358458425 ], [ 55.428529482721835, -21.035438991668773 ], [ 55.428615593239286, -21.035403338403839 ], [ 55.428751265552158, -21.035471872714592 ], [ 55.428755968927206, -21.035468535112983 ], [ 55.428772800081369, -21.035353193837651 ], [ 55.428831625985708, -21.035329904737171 ], [ 55.429237426228532, -21.035364821104917 ], [ 55.4294489840292, -21.035487773092317 ], [ 55.429449474822924, -21.035565596656944 ], [ 55.429594107595172, -21.035591877803853 ], [ 55.429639907574149, -21.035612766274138 ], [ 55.429776077708944, -21.035690235400178 ], [ 55.429781123753202, -21.035954393767376 ], [ 55.429685153390984, -21.036108421685434 ], [ 55.429595647279733, -21.036049984516961 ], [ 55.429509635548769, -21.036196343112721 ], [ 55.429464281700767, -21.036230079910816 ], [ 55.429438411941874, -21.036246066984035 ], [ 55.429695312597772, -21.036290014391803 ], [ 55.429722451461181, -21.036321115772452 ], [ 55.429724277922467, -21.036397096283078 ], [ 55.429878665403663, -21.036501921407954 ], [ 55.42987599369323, -21.036547252698025 ], [ 55.42989325834759, -21.036671041547987 ], [ 55.430075533250019, -21.036789943823621 ], [ 55.430523526302821, -21.036928141014023 ], [ 55.430690506785751, -21.036789467787468 ], [ 55.43090059447087, -21.037137325459732 ], [ 55.430844810659899, -21.037455645559699 ], [ 55.430507004456359, -21.037533774518192 ], [ 55.430174322484675, -21.037263266210147 ], [ 55.430101043870835, -21.037203681996537 ], [ 55.429777758350653, -21.037083222342211 ], [ 55.429525348207484, -21.036898616433721 ], [ 55.429472930787831, -21.036871330069001 ], [ 55.429354900757552, -21.036818698514374 ], [ 55.429191580190071, -21.036687305395002 ], [ 55.429178989209625, -21.03663152543584 ], [ 55.429157269688147, -21.036608646277578 ], [ 55.429120331476717, -21.036571195229545 ], [ 55.429095725851241, -21.036513963717272 ], [ 55.428972381362243, -21.03643994487787 ], [ 55.428937618013251, -21.036404576146307 ], [ 55.428827668788969, -21.036313501927562 ], [ 55.428683429702637, -21.036184595407445 ], [ 55.428567907618984, -21.036093922073889 ], [ 55.428395285863068, -21.035894890257492 ], [ 55.428326895476282, -21.035783389610387 ], [ 55.428331306434963, -21.035697683976718 ], [ 55.428691539382307, -21.035998219660545 ], [ 55.429055912537599, -21.035803669445006 ], [ 55.429153979623216, -21.035658931018165 ] ], [ [ 55.429230819655928, -21.036295956973657 ], [ 55.429333981736256, -21.036280144912272 ], [ 55.429305604726842, -21.03628427817965 ], [ 55.429230819655928, -21.036295956973657 ] ] ], [ [ [ 55.429388673584285, -21.033006690941953 ], [ 55.429121972893874, -21.033033189378106 ], [ 55.428836554508855, -21.032972626152489 ], [ 55.428519363532494, -21.032732726902548 ], [ 55.428808342391136, -21.032453671795245 ], [ 55.428940055438787, -21.032462787614211 ], [ 55.429446881776251, -21.032804489454538 ], [ 55.429388673584285, -21.033006690941953 ] ] ], [ [ [ 55.428195284501633, -21.028897557210595 ], [ 55.428162878066878, -21.02871083750092 ], [ 55.428345954408293, -21.028730455162158 ], [ 55.428329141148048, -21.028877285068969 ], [ 55.428195284501633, -21.028897557210595 ] ] ], [ [ [ 55.427867168458775, -21.028705439585675 ], [ 55.427924455180978, -21.0286787688873 ], [ 55.427943550370777, -21.028660039217872 ], [ 55.428018637714324, -21.028632847461868 ], [ 55.428046253665691, -21.028859739057278 ], [ 55.428043689179567, -21.028940321097643 ], [ 55.427707073870941, -21.028976845660402 ], [ 55.427615852211026, -21.028905221585262 ], [ 55.427529419447602, -21.028808160356505 ], [ 55.427479095915224, -21.028718511381008 ], [ 55.427523039467253, -21.02869768375745 ], [ 55.427556475203616, -21.028672511589413 ], [ 55.427531632251196, -21.028597254917493 ], [ 55.427573432530899, -21.02857905324375 ], [ 55.427634651200357, -21.028485362877184 ], [ 55.427634660976636, -21.028485256377312 ], [ 55.427637408675558, -21.02845555122758 ], [ 55.42762678145062, -21.028415270216325 ], [ 55.427573148722878, -21.028347683760636 ], [ 55.427572994387752, -21.028347446570052 ], [ 55.427572786639587, -21.028347256760792 ], [ 55.427510490111331, -21.028290314229071 ], [ 55.427482459390077, -21.028228115188078 ], [ 55.427463144995244, -21.028155223914112 ], [ 55.427467216697508, -21.028112210840714 ], [ 55.427351081773004, -21.027966146814336 ], [ 55.427369307152837, -21.027929448699158 ], [ 55.427193133712976, -21.027931598567775 ], [ 55.427077207078163, -21.027905350089302 ], [ 55.426989705607625, -21.027918454234349 ], [ 55.426886035169723, -21.027809166865829 ], [ 55.426763338392725, -21.027789148884697 ], [ 55.426766653106895, -21.027686373247445 ], [ 55.426850273160483, -21.027596928217921 ], [ 55.42692053250375, -21.02750316457178 ], [ 55.42688016880328, -21.027362422585565 ], [ 55.426753780884326, -21.027245236923957 ], [ 55.426763195128771, -21.027243853446159 ], [ 55.426566978916483, -21.02702120086623 ], [ 55.426863488324507, -21.026874616856379 ], [ 55.426888658967414, -21.026786133197508 ], [ 55.426920258413595, -21.026747234646333 ], [ 55.426906601096704, -21.026705648289767 ], [ 55.426913387679932, -21.026654316495193 ], [ 55.427056416324945, -21.026664360196968 ], [ 55.427152770550514, -21.026648936873837 ], [ 55.427139185348928, -21.026614775484248 ], [ 55.427148410578511, -21.026581523350877 ], [ 55.427227156396604, -21.026543549526835 ], [ 55.427270895366171, -21.026528497594256 ], [ 55.427347811400701, -21.026475376384017 ], [ 55.427366943367019, -21.026467424467143 ], [ 55.427423117951697, -21.026497987112855 ], [ 55.427481450690614, -21.026519548366466 ], [ 55.427450581385628, -21.026105449509267 ], [ 55.427549088519712, -21.026097625504395 ], [ 55.427624974340397, -21.026070594796074 ], [ 55.427726062172255, -21.026024301896346 ], [ 55.42784751024179, -21.026011535562137 ], [ 55.427947777909431, -21.026119209184625 ], [ 55.427935496883293, -21.02634908504319 ], [ 55.427897196053223, -21.026455475718954 ], [ 55.427853602662218, -21.026545080960883 ], [ 55.427831410913399, -21.026644974018737 ], [ 55.427778791893907, -21.026809249916315 ], [ 55.427714629502489, -21.026969946733566 ], [ 55.427650005674714, -21.026998709359539 ], [ 55.427652760375366, -21.02704775643652 ], [ 55.427569339889644, -21.027118436634993 ], [ 55.427519382740776, -21.027133852974149 ], [ 55.427447947504582, -21.027136720637081 ], [ 55.427339958483813, -21.02713131191463 ], [ 55.42724968802878, -21.02713841523012 ], [ 55.427204122286867, -21.02714095569959 ], [ 55.427161000985251, -21.027187804321304 ], [ 55.427250489083953, -21.027151654288183 ], [ 55.427336982477954, -21.027146280197613 ], [ 55.42745435721055, -21.027152658258103 ], [ 55.427522034855315, -21.02714975584232 ], [ 55.427573140681041, -21.027133429654956 ], [ 55.427647065119409, -21.027067439236333 ], [ 55.427703124647493, -21.027120644855263 ], [ 55.427731279881698, -21.027118319938708 ], [ 55.427785280079817, -21.027083152158315 ], [ 55.427750764354727, -21.026981471944538 ], [ 55.427794393006501, -21.026817072286587 ], [ 55.427841262415363, -21.026696559971779 ], [ 55.427870864921204, -21.026552388440283 ], [ 55.42789021479836, -21.026510816459218 ], [ 55.427926818996283, -21.026511523436785 ], [ 55.428143324626966, -21.02652012095545 ], [ 55.428148485693164, -21.026375401835011 ], [ 55.428341048165578, -21.026370262462589 ], [ 55.428332634494339, -21.026527638494667 ], [ 55.428320410410734, -21.02677516285355 ], [ 55.428314231598492, -21.026854734138571 ], [ 55.428236963505718, -21.026869783531232 ], [ 55.428236278913815, -21.026877725408898 ], [ 55.428198395986925, -21.02718400126076 ], [ 55.428419786412455, -21.027191481981081 ], [ 55.428422145978587, -21.027261538154178 ], [ 55.42840641738789, -21.027290915587862 ], [ 55.428419251392675, -21.027292699911236 ], [ 55.428411546636674, -21.02734722733495 ], [ 55.428399558370359, -21.027458848484137 ], [ 55.428392653796337, -21.027571115512586 ], [ 55.428399362122647, -21.027659607743157 ], [ 55.428397999549645, -21.027728905055685 ], [ 55.428386818384958, -21.027763457110819 ], [ 55.42837956194851, -21.027787886842525 ], [ 55.428380367998017, -21.027893054679108 ], [ 55.428381008001324, -21.027953408782921 ], [ 55.428401367817393, -21.028014542248975 ], [ 55.428404986599134, -21.028154988572592 ], [ 55.428393238417378, -21.028182962916375 ], [ 55.428381375005976, -21.02819761150084 ], [ 55.428280577339663, -21.028306201302623 ], [ 55.428238901286285, -21.028335691138025 ], [ 55.428171810781052, -21.02836136078642 ], [ 55.428091956157807, -21.028390497628855 ], [ 55.428020342546873, -21.028422697863899 ], [ 55.42795444228927, -21.028456145968899 ], [ 55.427917252549562, -21.028482690864855 ], [ 55.427875304073375, -21.028508973149783 ], [ 55.427845953934991, -21.028545114089162 ], [ 55.427826356525017, -21.028587048688607 ], [ 55.427815575797133, -21.028634769199506 ], [ 55.427817951167228, -21.02867559085664 ], [ 55.427823580204077, -21.028683871136259 ], [ 55.42783175607903, -21.028695899302985 ], [ 55.427839077258234, -21.028697871172909 ], [ 55.427867168458775, -21.028705439585675 ] ], [ [ 55.427863628807508, -21.027283195054761 ], [ 55.427719832171199, -21.027357396402103 ], [ 55.427643554258587, -21.02738606479905 ], [ 55.427742177467586, -21.027457689515867 ], [ 55.427793548103928, -21.027377511799962 ], [ 55.427849624765493, -21.027330587685398 ], [ 55.427907952038865, -21.02730977820913 ], [ 55.427968608441816, -21.027307966934885 ], [ 55.427948581558972, -21.027279784654638 ], [ 55.427863628807508, -21.027283195054761 ] ], [ [ 55.427909869629524, -21.027902780399884 ], [ 55.42802888182252, -21.02753862105553 ], [ 55.427909236590146, -21.027898099929605 ], [ 55.427909869629524, -21.027902780399884 ] ], [ [ 55.428121990863552, -21.027357931438669 ], [ 55.42806881494527, -21.027346058159683 ], [ 55.428105227524568, -21.027354873235428 ], [ 55.428121990863552, -21.027357931438669 ] ] ], [ [ [ 55.428781710921037, -21.02851366905173 ], [ 55.428552711194222, -21.028671347818761 ], [ 55.428428479841457, -21.028582146017776 ], [ 55.42868828540248, -21.028413170807436 ], [ 55.428712939308092, -21.028438420277453 ], [ 55.428781710921037, -21.02851366905173 ] ] ], [ [ [ 55.42863530230423, -21.027258612263697 ], [ 55.428640907145727, -21.027330962119997 ], [ 55.428671873774185, -21.027379286215243 ], [ 55.428735112064473, -21.027433774615339 ], [ 55.428823078779139, -21.027567155173646 ], [ 55.428858064996312, -21.027639635609589 ], [ 55.428864738813409, -21.027685004497208 ], [ 55.428845343529687, -21.027849221907321 ], [ 55.428724901799015, -21.028002080459068 ], [ 55.428580738663349, -21.027948508037635 ], [ 55.428428156762301, -21.027854789658921 ], [ 55.428525171337768, -21.027495013569652 ], [ 55.428424848660349, -21.027483120167442 ], [ 55.428451764128269, -21.027283206755243 ], [ 55.42848726103864, -21.027296678871618 ], [ 55.4285764025772, -21.027280808703289 ], [ 55.428626444210273, -21.027253750998156 ], [ 55.42863530230423, -21.027258612263697 ] ] ], [ [ [ 55.428586148883703, -21.027200307449963 ], [ 55.428526627961013, -21.027222750155168 ], [ 55.428474388359184, -21.027206179423263 ], [ 55.428433603005601, -21.027154699621025 ], [ 55.428394282246764, -21.02705970293994 ], [ 55.428382992511651, -21.026982945687624 ], [ 55.428379436988436, -21.02693748817947 ], [ 55.428378099042028, -21.026893321219081 ], [ 55.428375220540104, -21.026858902971092 ], [ 55.428368657039357, -21.026847989963418 ], [ 55.428349173618777, -21.026813302611391 ], [ 55.428337811093272, -21.026775237877725 ], [ 55.428347074027073, -21.026563386682184 ], [ 55.428365781171934, -21.026203772033867 ], [ 55.428375469349248, -21.025994294126889 ], [ 55.428382326221183, -21.025700653225506 ], [ 55.428426796621757, -21.0256867377731 ], [ 55.428572763954548, -21.025617925032577 ], [ 55.428647583222322, -21.025625141947163 ], [ 55.428775086751031, -21.025603615501272 ], [ 55.428904199189148, -21.025549838557147 ], [ 55.428938707602143, -21.02553357626509 ], [ 55.429059586945996, -21.025539323408147 ], [ 55.429164978263579, -21.025563002588999 ], [ 55.429253338429874, -21.025578075741404 ], [ 55.429230590866787, -21.025708346690728 ], [ 55.42949202636418, -21.025786437976905 ], [ 55.429608005666836, -21.025820044488071 ], [ 55.4296574070164, -21.025829795763823 ], [ 55.429740994199925, -21.025884018244593 ], [ 55.429772924865979, -21.025907552525183 ], [ 55.429777583228912, -21.025935481577754 ], [ 55.429783340032401, -21.025994295856517 ], [ 55.429890368238858, -21.026059774968793 ], [ 55.429963513161759, -21.026093964006133 ], [ 55.430102070637084, -21.026135529959131 ], [ 55.430107899088711, -21.02618053421013 ], [ 55.430080959928006, -21.026226420167308 ], [ 55.430052408748722, -21.026241029534507 ], [ 55.429906476205169, -21.026257838592244 ], [ 55.429883312460547, -21.026264851169884 ], [ 55.429931937168156, -21.026322678312503 ], [ 55.429970585890572, -21.02641366863201 ], [ 55.429922807663367, -21.026485269026924 ], [ 55.429784968909196, -21.027007022593551 ], [ 55.429735147931488, -21.027187164549453 ], [ 55.429551672529684, -21.027850568657623 ], [ 55.429299769406114, -21.027842017996317 ], [ 55.429298275264038, -21.027843394384774 ], [ 55.429263092600564, -21.02797416195434 ], [ 55.42938013593708, -21.028011139740354 ], [ 55.42948952315912, -21.027996765926392 ], [ 55.429616089506418, -21.02800142172114 ], [ 55.429616519403361, -21.028001437434707 ], [ 55.429776731126438, -21.028007331556125 ], [ 55.42984677051065, -21.02800990783215 ], [ 55.429926298764912, -21.028795653246668 ], [ 55.42963352350241, -21.028849358229969 ], [ 55.429339966679905, -21.028698442658062 ], [ 55.429271309807966, -21.028626806577275 ], [ 55.429149939291626, -21.028269932769991 ], [ 55.42910922857012, -21.028061475122758 ], [ 55.429059822454661, -21.027958577195307 ], [ 55.429002639288655, -21.027828916453657 ], [ 55.428951340451619, -21.027778100204841 ], [ 55.42890289461554, -21.027686225146709 ], [ 55.428893399737376, -21.027659136632742 ], [ 55.428850008316012, -21.027555657399454 ], [ 55.428802613779354, -21.027486765864204 ], [ 55.42875620670204, -21.027416285490787 ], [ 55.428703565769091, -21.027362549929649 ], [ 55.428676372612031, -21.027302651397896 ], [ 55.428667061000596, -21.02724377083679 ], [ 55.428760775707474, -21.027126911444267 ], [ 55.428688022907743, -21.027169467840711 ], [ 55.428586148883703, -21.027200307449963 ] ], [ [ 55.429064989053607, -21.026715290904349 ], [ 55.429018757222458, -21.026773502015271 ], [ 55.429040403225066, -21.026746262213678 ], [ 55.429064989053607, -21.026715290904349 ] ], [ [ 55.429042575599986, -21.026864500026132 ], [ 55.428995478492453, -21.026846734017226 ], [ 55.429042587729718, -21.026864719642077 ], [ 55.429083779177439, -21.026887380302533 ], [ 55.429042575599986, -21.026864500026132 ] ], [ [ 55.429103895278104, -21.026904771460657 ], [ 55.429089262534646, -21.026892120034759 ], [ 55.429083779177439, -21.026887380302533 ], [ 55.429103895278104, -21.026904771460657 ] ], [ [ 55.429205231645398, -21.027002324586572 ], [ 55.429212776436749, -21.027006180050854 ], [ 55.429205264353641, -21.027002324888738 ], [ 55.429203951512768, -21.026979700247193 ], [ 55.429205231645398, -21.027002324586572 ] ], [ [ 55.429338032960203, -21.02707019564604 ], [ 55.429400192453294, -21.02709359823174 ], [ 55.429394649497617, -21.027180667495081 ], [ 55.429397909798517, -21.027240739603972 ], [ 55.429405292425884, -21.027252268069105 ], [ 55.429517802758006, -21.027302104007987 ], [ 55.429586761102016, -21.027134091462052 ], [ 55.429517659816611, -21.027301789239768 ], [ 55.429405518558681, -21.02725189709162 ], [ 55.429422759254095, -21.027132367102091 ], [ 55.429419773012448, -21.027098934276989 ], [ 55.429430325716538, -21.027046836794977 ], [ 55.42942505161227, -21.027019646376353 ], [ 55.429413176664013, -21.027000891503459 ], [ 55.429391145528733, -21.026966094006863 ], [ 55.429400587112738, -21.026913986262539 ], [ 55.429382222509822, -21.026862665896232 ], [ 55.429407654940682, -21.026769992851911 ], [ 55.42943907784634, -21.026742098074052 ], [ 55.429467275804704, -21.026703733968681 ], [ 55.429480977800075, -21.026669411961876 ], [ 55.429483627523588, -21.026628724331168 ], [ 55.429475381616989, -21.026581505412235 ], [ 55.429475161225731, -21.026594091880973 ], [ 55.429417635294776, -21.026593560537748 ], [ 55.429347301696623, -21.026576891600421 ], [ 55.429309301038892, -21.026704119316349 ], [ 55.429340053170719, -21.026715080487666 ], [ 55.429343882448769, -21.026716445529363 ], [ 55.429366617752692, -21.02672608969046 ], [ 55.429350698510305, -21.026782498770725 ], [ 55.429343053604711, -21.02680959063137 ], [ 55.429342321356771, -21.026845498499178 ], [ 55.429339592389027, -21.026987026205024 ], [ 55.429252547156352, -21.026945640994864 ], [ 55.429234471297072, -21.026973176667013 ], [ 55.429212776436749, -21.027006180050854 ], [ 55.429338032960203, -21.02707019564604 ] ], [ [ 55.429679422127471, -21.026327318227995 ], [ 55.429686802727382, -21.026411221536264 ], [ 55.429782505159224, -21.026408115418246 ], [ 55.429760379993894, -21.026302575404273 ], [ 55.429674958780744, -21.026310346299361 ], [ 55.429679422127471, -21.026327318227995 ] ] ], [ [ [ 55.427833371024832, -21.025719588527959 ], [ 55.427834375245375, -21.025745475775931 ], [ 55.427834462485229, -21.025764401785178 ], [ 55.427831679402409, -21.025775018826387 ], [ 55.427821614169211, -21.025776470421413 ], [ 55.427812777009542, -21.025773109706645 ], [ 55.42778432288226, -21.0257815743803 ], [ 55.427682337906909, -21.025815731219716 ], [ 55.427664851377394, -21.0257734970629 ], [ 55.427624401407478, -21.025675797936202 ], [ 55.427757540169893, -21.025630961219477 ], [ 55.427773333646364, -21.025624467935458 ], [ 55.42779395536958, -21.02561958020771 ], [ 55.427807375581104, -21.025620496490927 ], [ 55.427818668975711, -21.025627523859335 ], [ 55.427828242557219, -21.025643869206107 ], [ 55.427834544121559, -21.025667548065872 ], [ 55.427833371024832, -21.025719588527959 ] ] ], [ [ [ 55.428571679119429, -21.025599990664634 ], [ 55.428546803312734, -21.025404330068749 ], [ 55.428611322510513, -21.025358300251916 ], [ 55.428732284346211, -21.025437115173261 ], [ 55.428832233979676, -21.025494202806371 ], [ 55.428903114323596, -21.025531903285504 ], [ 55.42877400093905, -21.02558568022096 ], [ 55.428646498378228, -21.025607207579135 ], [ 55.428571679119429, -21.025599990664634 ] ] ], [ [ [ 55.427750028262963, -21.024820265087889 ], [ 55.427518178282853, -21.024694423187796 ], [ 55.427489707114582, -21.024617585596335 ], [ 55.427501187404836, -21.024557261366784 ], [ 55.426843475845402, -21.024322979939836 ], [ 55.426977949506622, -21.024063083975907 ], [ 55.427019593898208, -21.024080158703953 ], [ 55.427128532315884, -21.024061532047988 ], [ 55.427596383456994, -21.024473722104982 ], [ 55.427646702036135, -21.024503193499314 ], [ 55.427753302272443, -21.024508104913767 ], [ 55.427849704960622, -21.024488380912238 ], [ 55.427916421549718, -21.02450765011611 ], [ 55.427973275979639, -21.024570025216278 ], [ 55.428015493772499, -21.02463226409132 ], [ 55.428068392018844, -21.024673003593069 ], [ 55.428058783935676, -21.024750872967569 ], [ 55.428068572465797, -21.024767361203818 ], [ 55.428151173703426, -21.024786035544903 ], [ 55.428251842627304, -21.02482354912819 ], [ 55.428393272278392, -21.024882721315706 ], [ 55.428633046850308, -21.025231610601008 ], [ 55.428371238165425, -21.025582000597744 ], [ 55.428220443671293, -21.025316766797989 ], [ 55.428125684820301, -21.025160961819779 ], [ 55.428006464741827, -21.024886658746436 ], [ 55.427906751200261, -21.024831531216599 ], [ 55.427750028262963, -21.024820265087889 ] ] ], [ [ [ 55.42948100983596, -21.022784670015469 ], [ 55.4291256563315, -21.023125070648387 ], [ 55.428800257392517, -21.023278849080629 ], [ 55.428291605996272, -21.02335345744142 ], [ 55.427870512139727, -21.023457115646867 ], [ 55.427518543865702, -21.023473098274302 ], [ 55.427451510202815, -21.023362671395493 ], [ 55.427627546894271, -21.023254626712671 ], [ 55.427722595686305, -21.023123576470926 ], [ 55.427744200078195, -21.023005232383596 ], [ 55.427895855978853, -21.022947948300398 ], [ 55.427977391752101, -21.022890222714967 ], [ 55.427919850540661, -21.022739271973009 ], [ 55.42820257233749, -21.02266044554187 ], [ 55.428299453741687, -21.022556343261225 ], [ 55.428816927185238, -21.022441186318339 ], [ 55.429203652272228, -21.022115056528211 ], [ 55.429312535785371, -21.022102157556361 ], [ 55.429481766249673, -21.022160594570487 ], [ 55.429923377087071, -21.022472388862106 ], [ 55.42948100983596, -21.022784670015469 ] ] ], [ [ [ 55.431907944486738, -21.105941979853608 ], [ 55.432109891765428, -21.106143918216453 ], [ 55.432185109483854, -21.106178351305726 ], [ 55.432168400276268, -21.106223645468567 ], [ 55.432145568020367, -21.106271218030709 ], [ 55.432117741080447, -21.106317751663759 ], [ 55.432086647843008, -21.106367964034856 ], [ 55.43207786638564, -21.106384874811766 ], [ 55.432066016963979, -21.10641462654414 ], [ 55.432063268619267, -21.106425540101629 ], [ 55.432060986957694, -21.106442244523638 ], [ 55.432061259492457, -21.106462119672528 ], [ 55.432064678291979, -21.106488092301024 ], [ 55.432079624268006, -21.106564112368076 ], [ 55.432208607585927, -21.106540571157868 ], [ 55.432360078865763, -21.106538898980926 ], [ 55.432355049205626, -21.106645405895154 ], [ 55.432372846556056, -21.106702915666094 ], [ 55.432406540320187, -21.106817275376955 ], [ 55.432389471427676, -21.106906257111081 ], [ 55.432278168364988, -21.107063683069384 ], [ 55.432242708131788, -21.107063255747221 ], [ 55.432155662594646, -21.107068293215153 ], [ 55.43199577893256, -21.107092281104251 ], [ 55.431960900824301, -21.107042121537827 ], [ 55.431922775934872, -21.106946411874173 ], [ 55.431884932198585, -21.106827792569987 ], [ 55.43190089505206, -21.106727200475927 ], [ 55.431856262746159, -21.106623268373063 ], [ 55.431841381457673, -21.106573721035723 ], [ 55.431701625826598, -21.106445963235419 ], [ 55.431583962054994, -21.106339123332535 ], [ 55.431518838016359, -21.106159886648097 ], [ 55.431907944486738, -21.105941979853608 ] ] ], [ [ [ 55.431341455603878, -21.104664759693392 ], [ 55.431415967359193, -21.104629058756313 ], [ 55.431523505834072, -21.104597945002716 ], [ 55.431541561748148, -21.104617878095997 ], [ 55.431567702775808, -21.104655472363053 ], [ 55.431603449542123, -21.104680704390965 ], [ 55.431650531942857, -21.104709598483407 ], [ 55.431690019217278, -21.104729259211254 ], [ 55.431739565312455, -21.104774337036815 ], [ 55.431800789007575, -21.104847889246294 ], [ 55.431860482942895, -21.104932094371367 ], [ 55.431908221603365, -21.104998869895287 ], [ 55.431965086949674, -21.10507891441361 ], [ 55.432103327421302, -21.105207224315858 ], [ 55.432160970409761, -21.105251463680485 ], [ 55.431942985509849, -21.105419451511626 ], [ 55.431904714900206, -21.105471436592065 ], [ 55.431709002111099, -21.1057372869064 ], [ 55.431371567257166, -21.106159613313245 ], [ 55.431197183255037, -21.1059246235966 ], [ 55.431241511690708, -21.105637167131675 ], [ 55.431187267919604, -21.105466976421464 ], [ 55.431060412477294, -21.105420391651279 ], [ 55.430893810005237, -21.105102203791631 ], [ 55.431143539409, -21.104721794546414 ], [ 55.431213365234825, -21.104697823964766 ], [ 55.431331983382954, -21.104697851201561 ], [ 55.431341455603878, -21.104664759693392 ] ] ], [ [ [ 55.430656715877312, -21.105373882699173 ], [ 55.430627446749511, -21.105075220726587 ], [ 55.430744390898518, -21.105095422574074 ], [ 55.430883617587682, -21.104934193013769 ], [ 55.430949377401845, -21.104977821387859 ], [ 55.430852233495891, -21.105091647784384 ], [ 55.431053101341362, -21.105435792112726 ], [ 55.431074565478724, -21.105618879419453 ], [ 55.431139318534889, -21.105667291333255 ], [ 55.431146413617554, -21.106022689430009 ], [ 55.431277622724465, -21.106158743965096 ], [ 55.430790336459516, -21.106121512686464 ], [ 55.430606789347003, -21.105992187924322 ], [ 55.430566619435332, -21.105888568739108 ], [ 55.430761494331911, -21.105400544340107 ], [ 55.430656715877312, -21.105373882699173 ] ] ], [ [ [ 55.430027715404876, -21.105014514773821 ], [ 55.430325071678901, -21.104828069280497 ], [ 55.430437685201191, -21.104820312908039 ], [ 55.430614363413213, -21.104962747033909 ], [ 55.430638192228102, -21.105372165667458 ], [ 55.430165636161931, -21.105275390726312 ], [ 55.430053207363315, -21.10526554960077 ], [ 55.430027715404876, -21.105014514773821 ] ] ], [ [ [ 55.431012631429134, -21.104488430116469 ], [ 55.43112102577728, -21.104208712567353 ], [ 55.431306537851142, -21.104168018362913 ], [ 55.43145072628819, -21.104373328784046 ], [ 55.431515187566262, -21.104588000377724 ], [ 55.43117186270063, -21.104695899767492 ], [ 55.431121446431149, -21.104578297619611 ], [ 55.431012631429134, -21.104488430116469 ] ] ], [ [ [ 55.429447885698849, -21.104182476623905 ], [ 55.429143935665138, -21.104025351462713 ], [ 55.429130833346719, -21.103912596604594 ], [ 55.429122244150427, -21.103838676710854 ], [ 55.429062101501358, -21.103764829222268 ], [ 55.429048374195204, -21.103747973796477 ], [ 55.429029028644777, -21.103724218386574 ], [ 55.429025595349906, -21.103669215312411 ], [ 55.429021464284979, -21.103603041880262 ], [ 55.429018670253669, -21.103558274608343 ], [ 55.428896404869647, -21.103443547028292 ], [ 55.429160621409387, -21.10326044838687 ], [ 55.42923689538685, -21.103669475896528 ], [ 55.429412545868367, -21.103919516364439 ], [ 55.429613623417168, -21.104027401308027 ], [ 55.429617040673619, -21.103702540074625 ], [ 55.430120918275627, -21.103707206768931 ], [ 55.430116469388153, -21.104130274422545 ], [ 55.430791015220279, -21.104353063398637 ], [ 55.430882053559515, -21.104924375010857 ], [ 55.430586972779537, -21.104758726829917 ], [ 55.430364021253403, -21.104779381585608 ], [ 55.43011321279667, -21.104686183483171 ], [ 55.429889806430097, -21.104749999437676 ], [ 55.429186357334615, -21.104648063517516 ], [ 55.429263696627991, -21.104430678199364 ], [ 55.429219136525184, -21.104293952754762 ], [ 55.429388974477682, -21.104259175697692 ], [ 55.429447885698849, -21.104182476623905 ] ] ], [ [ [ 55.431249864643618, -21.102573724454121 ], [ 55.431417195202307, -21.102666611815419 ], [ 55.431657627931173, -21.102630654490415 ], [ 55.431696398166231, -21.102619558368158 ], [ 55.431757483328639, -21.102614397390354 ], [ 55.43180630392294, -21.102614848975325 ], [ 55.431850955817012, -21.102624806272523 ], [ 55.431909685489856, -21.102650167692957 ], [ 55.431958105125183, -21.102688797182218 ], [ 55.43203788532248, -21.102737107421028 ], [ 55.432076396442682, -21.102778731822539 ], [ 55.432084970760187, -21.102852556665351 ], [ 55.432085897775075, -21.102860526939175 ], [ 55.432178657963178, -21.102932182851166 ], [ 55.432227127381601, -21.102975620102765 ], [ 55.432292289448505, -21.1030240669464 ], [ 55.432265545133141, -21.103052455205535 ], [ 55.432210341503264, -21.103078672510918 ], [ 55.432163535425076, -21.103080148340535 ], [ 55.43208627639423, -21.103075615590949 ], [ 55.432025130884377, -21.103086504858236 ], [ 55.431760103975179, -21.103207892541164 ], [ 55.43152951186871, -21.103328966958689 ], [ 55.431448020279085, -21.103361351523631 ], [ 55.431358480194113, -21.103416843903375 ], [ 55.431272638176225, -21.103498458696109 ], [ 55.431263698944377, -21.103509416127917 ], [ 55.431238200596596, -21.103540673782856 ], [ 55.430931602943168, -21.103333143857075 ], [ 55.431081716351784, -21.103066040358268 ], [ 55.43103142836673, -21.102999116391686 ], [ 55.431083002245266, -21.102943768748005 ], [ 55.431065902673119, -21.102797132972103 ], [ 55.431036558537393, -21.102740673362479 ], [ 55.431075868165443, -21.102662775115203 ], [ 55.431199233378834, -21.102606532674322 ], [ 55.431249864643618, -21.102573724454121 ] ] ], [ [ [ 55.430615703537725, -21.101346066353386 ], [ 55.43038203884413, -21.10147210976476 ], [ 55.430586034131231, -21.101616564412616 ], [ 55.430944168595104, -21.101195451226484 ], [ 55.43103334384638, -21.101246558735593 ], [ 55.431128095171545, -21.101314267184215 ], [ 55.431137993270255, -21.101593039923578 ], [ 55.43099974640505, -21.101720274218554 ], [ 55.430870368041454, -21.101818246720274 ], [ 55.430669642892667, -21.101970248199994 ], [ 55.430899810091688, -21.10225481555528 ], [ 55.430303262112943, -21.103619996822598 ], [ 55.429435588553638, -21.102937984669015 ], [ 55.428458971113869, -21.100882086258732 ], [ 55.429350088105743, -21.100759911431616 ], [ 55.43020364248121, -21.100479603533547 ], [ 55.430204921043412, -21.100478296551188 ], [ 55.430206652067966, -21.100476526751152 ], [ 55.430569316882341, -21.101099816172198 ], [ 55.430615703537725, -21.101346066353386 ] ] ], [ [ [ 55.431611277258497, -21.101781051798291 ], [ 55.431548452199856, -21.101696587323239 ], [ 55.431503412846105, -21.10163905941943 ], [ 55.431505744944033, -21.101598032260728 ], [ 55.431460507828881, -21.101559241508792 ], [ 55.431405660164103, -21.101530178913265 ], [ 55.431418640166669, -21.10129025202912 ], [ 55.431554347957913, -21.101135343794834 ], [ 55.431649356823968, -21.101143362363469 ], [ 55.431712576333908, -21.101178711609979 ], [ 55.431818836500909, -21.101142585922563 ], [ 55.431971297973874, -21.101186797140013 ], [ 55.432154630054256, -21.101357177834839 ], [ 55.432129124823838, -21.101423887482575 ], [ 55.432171588984758, -21.101524820361288 ], [ 55.432260214806192, -21.101587429336586 ], [ 55.432224983290943, -21.101647847894114 ], [ 55.43217170576996, -21.101620125200007 ], [ 55.432054387289924, -21.101702896498956 ], [ 55.432006665985099, -21.101735192628837 ], [ 55.431917295417271, -21.101795831247632 ], [ 55.431788800163666, -21.101801432890934 ], [ 55.431611277258497, -21.101781051798291 ] ] ], [ [ [ 55.430945157189818, -21.100398900231031 ], [ 55.430942137630943, -21.100355569819961 ], [ 55.430973712483535, -21.100300007265268 ], [ 55.430980554806808, -21.100277347129452 ], [ 55.430979905540902, -21.100129636866303 ], [ 55.430983619228257, -21.100090421875979 ], [ 55.430980697764753, -21.100054243810046 ], [ 55.430965658454333, -21.100018986082226 ], [ 55.430953704349399, -21.100004415409884 ], [ 55.430954648531682, -21.099914561901588 ], [ 55.430951542580779, -21.099895941406924 ], [ 55.430928724618468, -21.09986784262308 ], [ 55.430916888955167, -21.099841910414504 ], [ 55.430916190396729, -21.099803687067666 ], [ 55.430912178736264, -21.099766465534948 ], [ 55.43089933075202, -21.099732261458023 ], [ 55.430883137117753, -21.099702157217219 ], [ 55.430869784021567, -21.099611139828838 ], [ 55.430859256619073, -21.099565595497516 ], [ 55.430831065537696, -21.099525051874902 ], [ 55.430801698401986, -21.099491726486708 ], [ 55.430768496209701, -21.099471793179077 ], [ 55.430849577745441, -21.099155435913381 ], [ 55.430946436924323, -21.099045864768478 ], [ 55.430940169921314, -21.099042634380975 ], [ 55.430867979808689, -21.098973538540417 ], [ 55.430899767552113, -21.098787211483842 ], [ 55.430937985719964, -21.098619606129798 ], [ 55.431026934305642, -21.098520004618933 ], [ 55.43125493085968, -21.098393054846813 ], [ 55.431594683390642, -21.098261769236487 ], [ 55.431550977336464, -21.098562645967586 ], [ 55.431901732017579, -21.098583074436039 ], [ 55.431848314768956, -21.098867945272833 ], [ 55.431848278089717, -21.098868321610535 ], [ 55.431894130782482, -21.098881794757769 ], [ 55.432253353397037, -21.099011381802192 ], [ 55.432606383828322, -21.099189359488776 ], [ 55.433080414616555, -21.099518969248145 ], [ 55.43330828499046, -21.099087437339595 ], [ 55.433492311861997, -21.098616383384883 ], [ 55.433559741330299, -21.097875576467967 ], [ 55.433851911438694, -21.097921639148996 ], [ 55.434152690780579, -21.097881052928205 ], [ 55.434476041724871, -21.097891265838999 ], [ 55.434937246751801, -21.097975023804359 ], [ 55.435298420044894, -21.098050629293713 ], [ 55.435490704506385, -21.098044040711667 ], [ 55.435863293751723, -21.097795658661038 ], [ 55.436258371550018, -21.097575256071362 ], [ 55.436418344465991, -21.097742958939843 ], [ 55.436175764739964, -21.097878974386703 ], [ 55.436061617549704, -21.097978170262405 ], [ 55.436013068123067, -21.098201768819219 ], [ 55.436041523771358, -21.098426076701372 ], [ 55.43587943123908, -21.098460718249676 ], [ 55.43564659476769, -21.09863202444005 ], [ 55.435594474058632, -21.098803365396638 ], [ 55.435488870325926, -21.098984707438728 ], [ 55.435316804672944, -21.099236074410683 ], [ 55.435284487157077, -21.099380321832246 ], [ 55.435677938174699, -21.099979449321101 ], [ 55.435477210035025, -21.10009760199981 ], [ 55.435066949881197, -21.100296179282218 ], [ 55.434938845740909, -21.100342280259088 ], [ 55.434981451787117, -21.100501378410254 ], [ 55.435184360507968, -21.100731938565094 ], [ 55.435226200323299, -21.100925056110661 ], [ 55.435274107641327, -21.10123039004532 ], [ 55.435504741475214, -21.101516855523744 ], [ 55.435615158659004, -21.102127656196497 ], [ 55.435462065082362, -21.102077875267192 ], [ 55.435572397086048, -21.102113751828973 ], [ 55.435550816030968, -21.102160567370166 ], [ 55.435583630145437, -21.102169085221604 ], [ 55.435710209568889, -21.102203968036093 ], [ 55.435717216310309, -21.10230667498843 ], [ 55.435668537155117, -21.102324880850883 ], [ 55.435636919641283, -21.102353487582072 ], [ 55.435622059352312, -21.102387465502542 ], [ 55.435620718009261, -21.102515571273667 ], [ 55.435310274435743, -21.102429892576009 ], [ 55.435047666852739, -21.102343953922304 ], [ 55.435059350403137, -21.102238227080143 ], [ 55.435000090674272, -21.102215787770852 ], [ 55.435052178182637, -21.102107603066521 ], [ 55.435123305137502, -21.101959874048777 ], [ 55.434986852797749, -21.102243282246103 ], [ 55.434914452083206, -21.102298540085258 ], [ 55.434815321858231, -21.102282669879227 ], [ 55.43404594455275, -21.102198990599078 ], [ 55.434280579900324, -21.10170633215867 ], [ 55.43418157177728, -21.101675927693375 ], [ 55.434048341028337, -21.1016580032714 ], [ 55.433962846719375, -21.101646500443696 ], [ 55.433773575181739, -21.101593366844071 ], [ 55.433540860349403, -21.101505573026692 ], [ 55.433536279487988, -21.101504557847036 ], [ 55.433427955119868, -21.101480549881362 ], [ 55.433137108808666, -21.101494912106148 ], [ 55.433077319836968, -21.101497864368433 ], [ 55.432840669216084, -21.10143743852387 ], [ 55.432515663611035, -21.101378293899685 ], [ 55.43236861023135, -21.101297526848679 ], [ 55.432223509127084, -21.101180549002958 ], [ 55.432040662956496, -21.100990948811344 ], [ 55.431972267123321, -21.100903588476417 ], [ 55.431889138576402, -21.10098290911446 ], [ 55.431608829370717, -21.10102900164415 ], [ 55.431597390637016, -21.101027392737574 ], [ 55.431043225497874, -21.10107985736882 ], [ 55.431021111961975, -21.101026567514438 ], [ 55.430993614193333, -21.100919926722291 ], [ 55.430968275223925, -21.100817435798543 ], [ 55.430953421318058, -21.10076462050694 ], [ 55.430942084830171, -21.10069118016354 ], [ 55.430936296183788, -21.100613660362409 ], [ 55.43093375363317, -21.100541333871991 ], [ 55.430935386503108, -21.100490737903236 ], [ 55.430945845852129, -21.100438156861156 ], [ 55.430945157189818, -21.100398900231031 ] ], [ [ 55.435326450725285, -21.102033659284142 ], [ 55.435345089973232, -21.102039736883867 ], [ 55.435374759435312, -21.10204941045918 ], [ 55.435462065082362, -21.102077875267192 ], [ 55.435326450725285, -21.102033659284142 ] ], [ [ 55.435212079162646, -21.101996369345351 ], [ 55.435013399312012, -21.101914492975556 ], [ 55.435013312908652, -21.101914654772482 ], [ 55.435123305137502, -21.101959874048777 ], [ 55.435212079162646, -21.101996369345351 ] ] ], [ [ [ 55.428349528480929, -21.098983892794006 ], [ 55.428569285120631, -21.098914230034765 ], [ 55.429344452094753, -21.099308589588194 ], [ 55.429754461446066, -21.099068608623725 ], [ 55.430156160384094, -21.099134468025877 ], [ 55.430297892334025, -21.099574993301442 ], [ 55.430276709471983, -21.099846265454136 ], [ 55.427983205505484, -21.099977975778923 ], [ 55.427965550067086, -21.09986405402384 ], [ 55.42786796597639, -21.099723703128177 ], [ 55.427770133539099, -21.099606589998132 ], [ 55.427971667388448, -21.099283082479463 ], [ 55.428349528480929, -21.098983892794006 ] ] ], [ [ [ 55.429863103705721, -21.088585538875982 ], [ 55.429867522533414, -21.088525182273852 ], [ 55.429926193481776, -21.08852572533203 ], [ 55.429923685422409, -21.088584323730363 ], [ 55.430049782399429, -21.088652993703299 ], [ 55.429947774437359, -21.088813701851127 ], [ 55.429765235429102, -21.088712533335176 ], [ 55.429863103705721, -21.088585538875982 ] ] ], [ [ [ 55.431167364412381, -21.045509193866252 ], [ 55.431249949872559, -21.045568887219734 ], [ 55.431168174610789, -21.045679836034207 ], [ 55.43106998443772, -21.045613565197847 ], [ 55.431167364412381, -21.045509193866252 ] ] ], [ [ [ 55.430866013796198, -21.045349308937919 ], [ 55.430634871467817, -21.045195904632113 ], [ 55.43097719699621, -21.044822845955558 ], [ 55.430778225677187, -21.044614560433679 ], [ 55.431225699662214, -21.044341366223154 ], [ 55.431231813440753, -21.044327415987961 ], [ 55.431683519075406, -21.044993521122489 ], [ 55.431409899360588, -21.045275803610167 ], [ 55.431199693956643, -21.045055759448491 ], [ 55.430866013796198, -21.045349308937919 ] ] ], [ [ [ 55.43054798079573, -21.044357826042621 ], [ 55.430707177439615, -21.044471626208672 ], [ 55.430706983980677, -21.04447181501974 ], [ 55.430778225677187, -21.044614560433679 ], [ 55.430524166682886, -21.044833794232954 ], [ 55.430410634034281, -21.045013350876914 ], [ 55.430206964769063, -21.044842152648236 ], [ 55.430206850367604, -21.04484223469554 ], [ 55.429980175517535, -21.044653277847594 ], [ 55.42998847095307, -21.044645642063763 ], [ 55.429757514436226, -21.044416438301965 ], [ 55.430127020223928, -21.044108495347139 ], [ 55.430385143935844, -21.04428051100227 ], [ 55.430385863880495, -21.044279848302285 ], [ 55.43054798079573, -21.044357826042621 ] ] ], [ [ [ 55.430832236621406, -21.044207859277989 ], [ 55.430654876832442, -21.044115420905229 ], [ 55.430521377085398, -21.044067842822244 ], [ 55.430743657691274, -21.043815466706537 ], [ 55.430804712575771, -21.043853863751163 ], [ 55.430978577896745, -21.043895194902625 ], [ 55.431015426143922, -21.043936204740614 ], [ 55.431033735136815, -21.044015824171296 ], [ 55.431004813417069, -21.04408365653838 ], [ 55.430832236621406, -21.044207859277989 ] ] ], [ [ [ 55.431456560959361, -21.043913488921223 ], [ 55.431431781439613, -21.043882965063787 ], [ 55.431381675014052, -21.043874087310932 ], [ 55.431312396515096, -21.043812856626005 ], [ 55.431428088676654, -21.043684793243571 ], [ 55.431521344724928, -21.043764646479957 ], [ 55.431572559702026, -21.043802086158866 ], [ 55.431605222395618, -21.043821514267584 ], [ 55.431649786276758, -21.043842265357696 ], [ 55.431711550812707, -21.043865295251717 ], [ 55.431785944235067, -21.04391204419386 ], [ 55.431625879297172, -21.044277381896801 ], [ 55.431551132727591, -21.044219966077744 ], [ 55.431442578752907, -21.044221360511912 ], [ 55.431312085471944, -21.044184811260468 ], [ 55.431244742245077, -21.044110134617007 ], [ 55.431309982384846, -21.044043414337423 ], [ 55.431355327432996, -21.044042502377923 ], [ 55.431366907577221, -21.043985094808157 ], [ 55.431412902458888, -21.043973676141924 ], [ 55.431454467926841, -21.043942080953766 ], [ 55.431456560959361, -21.043913488921223 ] ] ], [ [ [ 55.430999810798625, -21.043888965736969 ], [ 55.43055462424941, -21.04346536685193 ], [ 55.430571740955585, -21.04337097760579 ], [ 55.430665967144257, -21.043334405770924 ], [ 55.431170161239507, -21.043706278394872 ], [ 55.430999810798625, -21.043888965736969 ] ] ], [ [ [ 55.430334359674205, -21.043671388297632 ], [ 55.430057860970166, -21.043305137311247 ], [ 55.430242450190498, -21.043153321998663 ], [ 55.430336355814276, -21.04310941343245 ], [ 55.430430261395216, -21.043065503907428 ], [ 55.43054248770828, -21.043316924523623 ], [ 55.430514909346385, -21.043347739048723 ], [ 55.430492462368377, -21.043446223427331 ], [ 55.430443338073317, -21.043489632465583 ], [ 55.430334359674205, -21.043671388297632 ] ] ], [ [ [ 55.430681992374666, -21.042259341015434 ], [ 55.430787694657006, -21.042414818790768 ], [ 55.430629480787253, -21.042490608541776 ], [ 55.430003140753143, -21.0421724612304 ], [ 55.429709142499135, -21.041890970722022 ], [ 55.429554487347112, -21.041627560901766 ], [ 55.430250580086629, -21.041093238334323 ], [ 55.430254192370732, -21.041089912301846 ], [ 55.430271749832144, -21.041462892808713 ], [ 55.430352479034049, -21.041611422240422 ], [ 55.430455998480198, -21.04197512122283 ], [ 55.430629458994524, -21.042151376771081 ], [ 55.430681992374666, -21.042259341015434 ] ] ], [ [ [ 55.43157066983084, -21.041265415316833 ], [ 55.431610278765888, -21.041374824547908 ], [ 55.431460873225753, -21.041517605344207 ], [ 55.431421736498827, -21.041598129868273 ], [ 55.431330465227795, -21.041630504705541 ], [ 55.431217568382984, -21.041531536786696 ], [ 55.43116709739062, -21.041430038636783 ], [ 55.431069183973257, -21.041440294155734 ], [ 55.430956777496917, -21.041387130093309 ], [ 55.43099976999855, -21.041296493529561 ], [ 55.4309625197778, -21.0412558873916 ], [ 55.430870479620637, -21.04115088623746 ], [ 55.430841743199629, -21.041140103693404 ], [ 55.430668446844621, -21.041075079550854 ], [ 55.430667559621881, -21.040912728073028 ], [ 55.430585237060058, -21.040649502888261 ], [ 55.430475549597148, -21.040373385871451 ], [ 55.430698363569888, -21.040306574456054 ], [ 55.430782044303015, -21.040293955620459 ], [ 55.430851340801098, -21.040292682258023 ], [ 55.430987716696052, -21.04030733382529 ], [ 55.431143988118812, -21.040374128100495 ], [ 55.431124501925581, -21.040314600911362 ], [ 55.431045109178314, -21.040233112284167 ], [ 55.431038481827834, -21.040167416779941 ], [ 55.431069281389256, -21.040151523786797 ], [ 55.431119075972305, -21.040150185894557 ], [ 55.431149404898683, -21.040179225379752 ], [ 55.431162410564667, -21.040217091950392 ], [ 55.431148102155824, -21.040266031140199 ], [ 55.431249346436708, -21.040355860233802 ], [ 55.431369779951481, -21.040478376432684 ], [ 55.43144228267851, -21.040593043046815 ], [ 55.431503496954392, -21.040673912075896 ], [ 55.4315450445823, -21.040831922705525 ], [ 55.431442524260802, -21.040909925560705 ], [ 55.431470618577833, -21.040937645416133 ], [ 55.431439514990885, -21.040985956278238 ], [ 55.431403389830287, -21.04102681366173 ], [ 55.431406810389703, -21.04107688846948 ], [ 55.431416144483308, -21.041113558578417 ], [ 55.431447518607762, -21.041168046613986 ], [ 55.431472672755106, -21.041234975397742 ], [ 55.43157066983084, -21.041265415316833 ] ] ], [ [ [ 55.430361818780327, -21.036341281837927 ], [ 55.430330415051522, -21.036280835157925 ], [ 55.430288419928594, -21.036211936872427 ], [ 55.430230389899073, -21.0361445616095 ], [ 55.430136208560675, -21.036031292318455 ], [ 55.430133662891841, -21.035987565882849 ], [ 55.430192514363384, -21.035959915381529 ], [ 55.430487899587789, -21.036000705841854 ], [ 55.430600700746766, -21.036056674822078 ], [ 55.430644398969925, -21.036041440225809 ], [ 55.430669736470293, -21.035986877707689 ], [ 55.430739246819833, -21.035992186855431 ], [ 55.430775991102337, -21.036052681868799 ], [ 55.430822804830477, -21.036139133344296 ], [ 55.43089672196659, -21.036118810203053 ], [ 55.431128508365838, -21.036198345188478 ], [ 55.431217518769678, -21.03630207790092 ], [ 55.431468672756097, -21.036264923019733 ], [ 55.431804804298814, -21.036286350868124 ], [ 55.432145387609033, -21.036327664801217 ], [ 55.432146481957666, -21.03649532437932 ], [ 55.431948844377388, -21.03672751943591 ], [ 55.43178188360983, -21.036706969847913 ], [ 55.431398713149242, -21.036636448412281 ], [ 55.431253101687567, -21.036632285325048 ], [ 55.431033050149431, -21.03665995497078 ], [ 55.430965631454832, -21.036639281000216 ], [ 55.430906882952961, -21.036713674371605 ], [ 55.430743170227153, -21.036637227264759 ], [ 55.430631798225683, -21.036598354907056 ], [ 55.430562673939107, -21.036536971925745 ], [ 55.430497314311921, -21.036489580688073 ], [ 55.430460593875864, -21.036457210321249 ], [ 55.43046149256034, -21.036426625396526 ], [ 55.430471276941695, -21.036411088524041 ], [ 55.430393556111916, -21.036369981233943 ], [ 55.430361818780327, -21.036341281837927 ] ] ], [ [ [ 55.430459790330488, -21.031178969783667 ], [ 55.430258570515399, -21.031335807826181 ], [ 55.430461826966258, -21.031178987683099 ], [ 55.430738851637514, -21.03106649696786 ], [ 55.430792199125761, -21.030925691195549 ], [ 55.431085896804369, -21.030956279736866 ], [ 55.431179528187627, -21.030815006400989 ], [ 55.431361169828691, -21.030754882623121 ], [ 55.431511004525632, -21.030589406800253 ], [ 55.431844761148888, -21.030774793224481 ], [ 55.431779164185052, -21.031067735444008 ], [ 55.431715473718548, -21.031178385856311 ], [ 55.431614905577717, -21.03135358519491 ], [ 55.431482883106654, -21.031389447076904 ], [ 55.431380252403791, -21.031447208868126 ], [ 55.431398704537727, -21.031570977913088 ], [ 55.431263423049131, -21.031603719322035 ], [ 55.431135273676425, -21.031583996348761 ], [ 55.431109690548624, -21.031512692471654 ], [ 55.430987832389476, -21.031520836700079 ], [ 55.430983279606416, -21.031641303233474 ], [ 55.431034931011311, -21.031737568552398 ], [ 55.430714715135132, -21.031830401561852 ], [ 55.430464966141209, -21.031794106270876 ], [ 55.430296971001553, -21.031808005362567 ], [ 55.430197726864606, -21.031856527919583 ], [ 55.430100004945977, -21.031759837841488 ], [ 55.430018866373686, -21.031650939091744 ], [ 55.429978668681493, -21.031525579847294 ], [ 55.430161757658382, -21.031290314848913 ], [ 55.430255788365329, -21.03115786567291 ], [ 55.430328481688228, -21.031144196851173 ], [ 55.430402998441124, -21.031077965071798 ], [ 55.430443691377214, -21.030960035398909 ], [ 55.43052312548209, -21.030880016597404 ], [ 55.430728302212707, -21.030919189248895 ], [ 55.430790162502568, -21.030925672397075 ], [ 55.430736815974491, -21.031066478177504 ], [ 55.430459790330488, -21.031178969783667 ] ] ], [ [ [ 55.4299908595668, -21.031146150415971 ], [ 55.429838776877858, -21.031319908115524 ], [ 55.429764635170216, -21.031204503222497 ], [ 55.429706253765126, -21.031139911319798 ], [ 55.429633430586726, -21.030995838530099 ], [ 55.429513402299769, -21.030886701384002 ], [ 55.429561398525884, -21.030818427411031 ], [ 55.429487190680874, -21.030914561154251 ], [ 55.429454115878208, -21.031057114650235 ], [ 55.429265217191343, -21.03094564828988 ], [ 55.429206889757971, -21.030858589658031 ], [ 55.429195085507573, -21.030728703265222 ], [ 55.429262101045019, -21.030614994386795 ], [ 55.429374668997418, -21.030551145255956 ], [ 55.42963454693578, -21.030562814761769 ], [ 55.429825829545457, -21.030653533864609 ], [ 55.430222952813864, -21.030852479206285 ], [ 55.43042712013807, -21.030954759747242 ], [ 55.430387398150913, -21.031076714488041 ], [ 55.430324897306029, -21.031130279007339 ], [ 55.43025000313979, -21.031143624898267 ], [ 55.429974596391901, -21.031525541335483 ], [ 55.429804114269487, -21.031360496075788 ], [ 55.4299908595668, -21.031146150415971 ] ] ], [ [ [ 55.430011862675791, -21.030504501553231 ], [ 55.430105443548214, -21.030418351850173 ], [ 55.430216343797085, -21.030488590958786 ], [ 55.430116319079971, -21.030586546172621 ], [ 55.430011862675791, -21.030504501553231 ] ] ], [ [ [ 55.42969469851576, -21.026369265322064 ], [ 55.429696332110225, -21.026363759387522 ], [ 55.429698959734253, -21.0263586031801 ], [ 55.429702499895072, -21.026353953122822 ], [ 55.429706847191881, -21.02634995186828 ], [ 55.429711867590854, -21.026346720125268 ], [ 55.429717409988243, -21.026344354958912 ], [ 55.429723305238817, -21.026342930685018 ], [ 55.42972937491799, -21.026342489014674 ], [ 55.429735434179399, -21.02634304179044 ], [ 55.429741298441634, -21.026344575564778 ], [ 55.429746790216868, -21.026347042629901 ], [ 55.429751741939995, -21.026350366463866 ], [ 55.42975600456051, -21.026354448132963 ], [ 55.429759446618306, -21.026359162670012 ], [ 55.42976196571199, -21.026364366406685 ], [ 55.42976348268909, -21.026369900533105 ], [ 55.429763953104853, -21.026375599333431 ], [ 55.429763363393292, -21.026381288343856 ], [ 55.429761729801001, -21.026386794279173 ], [ 55.429759103131047, -21.026391951399763 ], [ 55.429755562018364, -21.02639660054615 ], [ 55.429751215683339, -21.026400601810796 ], [ 55.429746194311768, -21.026403834449223 ], [ 55.429740652883964, -21.026406198722064 ], [ 55.429734757630982, -21.026407622996398 ], [ 55.429728687939708, -21.026408065569989 ], [ 55.429722628694655, -21.026407510987379 ], [ 55.42971676442076, -21.026405978115491 ], [ 55.429711272644006, -21.026403511049303 ], [ 55.429706319958193, -21.026400187205244 ], [ 55.429702058299895, -21.02639610554381 ], [ 55.429698615271768, -21.02639139190002 ], [ 55.429696097141964, -21.026386188171411 ], [ 55.42969457921474, -21.026380653132438 ], [ 55.429694108801613, -21.026374954332091 ], [ 55.42969469851576, -21.026369265322064 ] ] ], [ [ [ 55.429482133694599, -21.025251952068054 ], [ 55.429487022917577, -21.02517096955469 ], [ 55.429549352012636, -21.025107952289289 ], [ 55.42973139652517, -21.025189034273573 ], [ 55.429697803728153, -21.025337498969765 ], [ 55.429625986456216, -21.025351016786164 ], [ 55.429539679012521, -21.025305958497444 ], [ 55.429482133694599, -21.025251952068054 ] ] ], [ [ [ 55.429751721632499, -21.025030874687779 ], [ 55.429732916578267, -21.024974031975756 ], [ 55.429671301389355, -21.024888459851802 ], [ 55.429597957275746, -21.024792254040868 ], [ 55.429528426326243, -21.024715210072625 ], [ 55.429399921632061, -21.024661300726212 ], [ 55.429301494881486, -21.024591579381948 ], [ 55.42925008288249, -21.024538521106027 ], [ 55.429251420115584, -21.024488669929735 ], [ 55.429311114703154, -21.024456882874695 ], [ 55.429229894563306, -21.024224592121314 ], [ 55.429214326080448, -21.024064560912297 ], [ 55.429232311858819, -21.023993891403613 ], [ 55.429280366263683, -21.023933617584841 ], [ 55.429351980363165, -21.023887729747134 ], [ 55.429436337525132, -21.023860173881356 ], [ 55.429435284175199, -21.023754922383379 ], [ 55.429493712737745, -21.023733198151941 ], [ 55.429605834185899, -21.023730186766187 ], [ 55.429790962260554, -21.02375415919969 ], [ 55.429963243200213, -21.023769917370526 ], [ 55.429975134734597, -21.023913018220231 ], [ 55.430093024916751, -21.024361639171509 ], [ 55.430159099779651, -21.024482271791332 ], [ 55.430009725318016, -21.024824765196811 ], [ 55.430194822499963, -21.024995419856179 ], [ 55.430096604379045, -21.025032034750797 ], [ 55.430022918851463, -21.025069809206339 ], [ 55.429976511479914, -21.025178671141003 ], [ 55.429977924511796, -21.025249519840493 ], [ 55.429715835967436, -21.025164120054374 ], [ 55.429751721632499, -21.025030874687779 ] ] ], [ [ [ 55.432650010113235, -21.107109037549119 ], [ 55.432674645646159, -21.106898346261794 ], [ 55.432919613964863, -21.106947038986743 ], [ 55.432896577013601, -21.107143581338171 ], [ 55.432650010113235, -21.107109037549119 ] ] ], [ [ [ 55.433595889842735, -21.107058446578392 ], [ 55.433595290250558, -21.107115582097016 ], [ 55.433543417201925, -21.107223038259402 ], [ 55.433360753125434, -21.107221349235804 ], [ 55.433191519297196, -21.107229309469385 ], [ 55.43313230635713, -21.107061716392348 ], [ 55.43307901764237, -21.107057972827693 ], [ 55.433029929643098, -21.106985655100615 ], [ 55.433020986100082, -21.106922465070518 ], [ 55.433033500032344, -21.106882400994184 ], [ 55.432994621640809, -21.106807970871266 ], [ 55.432945837932692, -21.106759494064686 ], [ 55.432920789213128, -21.10670517099836 ], [ 55.432915646442112, -21.106584919313992 ], [ 55.432935647949265, -21.106509976629205 ], [ 55.432959481669904, -21.106374967293341 ], [ 55.433058065656688, -21.106364609011091 ], [ 55.433137317546276, -21.106365341572214 ], [ 55.433175483023511, -21.106390486356617 ], [ 55.433206049179084, -21.106468316419896 ], [ 55.433285222903848, -21.106461369224817 ], [ 55.433384267377804, -21.106635610131079 ], [ 55.433334942779176, -21.106657736814618 ], [ 55.433341683281419, -21.106795191293738 ], [ 55.433466502784057, -21.10681013555724 ], [ 55.433473494250208, -21.106914149416724 ], [ 55.433516171542131, -21.106918029651805 ], [ 55.4335429996828, -21.106940499698574 ], [ 55.433566179042984, -21.10698833144771 ], [ 55.433595889842735, -21.107058446578392 ] ] ], [ [ [ 55.432817003442601, -21.106049942985383 ], [ 55.432793586810277, -21.105981470321741 ], [ 55.432903422318532, -21.105889154800121 ], [ 55.433099311805044, -21.105865546664869 ], [ 55.43323583521785, -21.105848083087661 ], [ 55.433361793397189, -21.106140593629782 ], [ 55.433106193287976, -21.106207256119689 ], [ 55.432890083464279, -21.106263619814563 ], [ 55.432817003442601, -21.106049942985383 ] ] ], [ [ [ 55.43200041839458, -21.10582102596349 ], [ 55.432023487523537, -21.10580579289261 ], [ 55.432033046790053, -21.105802989844126 ], [ 55.432040037643532, -21.105797454037873 ], [ 55.432041771628299, -21.105788166975909 ], [ 55.432044388935061, -21.105777080578193 ], [ 55.432042472045957, -21.105767398426995 ], [ 55.432026362595437, -21.10574304094666 ], [ 55.432025922668011, -21.105729845968138 ], [ 55.432027086710555, -21.105719741566656 ], [ 55.43202845658454, -21.105708553300772 ], [ 55.432032777019216, -21.105700373220518 ], [ 55.432045802777729, -21.105688300036949 ], [ 55.432058511332329, -21.105679024152504 ], [ 55.432086983027439, -21.105625990907612 ], [ 55.432074241868968, -21.105610969493018 ], [ 55.432066051574502, -21.105602670986652 ], [ 55.432053938717452, -21.105573655114274 ], [ 55.432053503502104, -21.105560011238293 ], [ 55.432053277888592, -21.105545016155524 ], [ 55.432050733701637, -21.105530537995097 ], [ 55.432050018815566, -21.105507045547427 ], [ 55.432053804440308, -21.105494885993444 ], [ 55.432056773539998, -21.105486964403475 ], [ 55.432064328589107, -21.105482608105401 ], [ 55.432073790596789, -21.105479714726961 ], [ 55.432084882286077, -21.105477738819179 ], [ 55.432095445770322, -21.105471063567968 ], [ 55.43211336937442, -21.105469150846854 ], [ 55.432123598576752, -21.105466807445413 ], [ 55.432139105476963, -21.105465956331379 ], [ 55.432186442114762, -21.105468019170704 ], [ 55.432217539327674, -21.105476889037632 ], [ 55.43224960093135, -21.105485497730736 ], [ 55.432255001910995, -21.105493674682684 ], [ 55.43226038385378, -21.105503481014225 ], [ 55.432264452474556, -21.105510202168446 ], [ 55.432272273933883, -21.105517141399169 ], [ 55.432276151001489, -21.105523770451516 ], [ 55.432283213820362, -21.105529528373992 ], [ 55.432295289311853, -21.105534516971751 ], [ 55.432307874545408, -21.10553698103865 ], [ 55.432322218829782, -21.105536843604281 ], [ 55.432327235568984, -21.105581792209392 ], [ 55.432347760643673, -21.105640328968907 ], [ 55.432357740590483, -21.105702693957866 ], [ 55.432379403215215, -21.105824412716981 ], [ 55.432408314751726, -21.105913366209759 ], [ 55.432405508869032, -21.106062123944824 ], [ 55.432398429444589, -21.106125958020559 ], [ 55.432384860327481, -21.10613495588391 ], [ 55.432378578794676, -21.10614646095615 ], [ 55.432338089972149, -21.106161261086189 ], [ 55.432287902025401, -21.106164589909937 ], [ 55.432259632920434, -21.106170833143469 ], [ 55.43224818741561, -21.1061882531443 ], [ 55.432229545391735, -21.106194311707053 ], [ 55.43220907409804, -21.106191051152138 ], [ 55.43218981669856, -21.106182562674014 ], [ 55.432173903945205, -21.106167149707623 ], [ 55.432172957118887, -21.106156481994766 ], [ 55.432178818086108, -21.106139012155747 ], [ 55.432177849426381, -21.106130331503905 ], [ 55.432170790440956, -21.106105968313791 ], [ 55.432154696151954, -21.106080345458555 ], [ 55.432090790022791, -21.106024110119122 ], [ 55.432057695284406, -21.105995171168388 ], [ 55.432049754767796, -21.105990309322436 ], [ 55.432018581499953, -21.106037973635321 ], [ 55.43192618151398, -21.105947165486374 ], [ 55.431976240412709, -21.105886652987071 ], [ 55.431977879636904, -21.105868151376278 ], [ 55.431985665629369, -21.10585060902012 ], [ 55.431993995093123, -21.105837045312928 ], [ 55.431995614757923, -21.105829111242894 ], [ 55.43200041839458, -21.10582102596349 ] ] ], [ [ [ 55.43250317924133, -21.106017839461273 ], [ 55.432577085635693, -21.105744734871756 ], [ 55.432615225044344, -21.105495106945924 ], [ 55.432695465839721, -21.10534347992202 ], [ 55.432821831811196, -21.105389883725863 ], [ 55.432733105748952, -21.105624758322907 ], [ 55.432713385584847, -21.106053113998108 ], [ 55.432537194336327, -21.106160999373557 ], [ 55.43250317924133, -21.106017839461273 ] ] ], [ [ [ 55.433621277702628, -21.105295619428638 ], [ 55.433560610577956, -21.105137640436116 ], [ 55.433663890336675, -21.105022048918041 ], [ 55.43420548036373, -21.104975415785304 ], [ 55.434219100731411, -21.105002626198768 ], [ 55.434195958530061, -21.105154623367522 ], [ 55.434250469041444, -21.105203895224669 ], [ 55.434280404685673, -21.105264415642271 ], [ 55.434294740719714, -21.105354912586513 ], [ 55.434298377456358, -21.105445311614062 ], [ 55.434302045253297, -21.10553284113703 ], [ 55.434192371074744, -21.10564227488651 ], [ 55.434127998497246, -21.105658892701761 ], [ 55.434069407841356, -21.105707119854124 ], [ 55.433953900364607, -21.105878173389385 ], [ 55.43387050844283, -21.106016540374664 ], [ 55.433832245369707, -21.106102165849844 ], [ 55.43380488666515, -21.10615219899158 ], [ 55.433752551559252, -21.106041269634417 ], [ 55.433728322631303, -21.106019529120029 ], [ 55.433499981704621, -21.105929923568013 ], [ 55.433453294214949, -21.105863510447687 ], [ 55.433532882170738, -21.105707899727452 ], [ 55.43356931440379, -21.105586315925244 ], [ 55.433608897567424, -21.105502765844921 ], [ 55.433614171520951, -21.105390221611515 ], [ 55.433636080823547, -21.105341655687688 ], [ 55.433621277702628, -21.105295619428638 ] ] ], [ [ [ 55.435491079469308, -21.105540915732092 ], [ 55.435533572765287, -21.105334812949426 ], [ 55.435803224094165, -21.105479390765058 ], [ 55.435813482357077, -21.105694561760508 ], [ 55.434899921397239, -21.105726596739682 ], [ 55.434779584101406, -21.105745106299608 ], [ 55.434674420061434, -21.10557380949691 ], [ 55.434672804748871, -21.105418675912805 ], [ 55.434734987462825, -21.105361460421388 ], [ 55.434891753898512, -21.105275322747406 ], [ 55.434956592883474, -21.105260745880472 ], [ 55.435026650888013, -21.105253443587163 ], [ 55.435153739498297, -21.105251093900826 ], [ 55.435293894640587, -21.105333864579958 ], [ 55.43537432822886, -21.105319342968148 ], [ 55.435397911682678, -21.105319289642683 ], [ 55.435416003495348, -21.10533815317461 ], [ 55.435392511580282, -21.105421221745893 ], [ 55.435385752854103, -21.105432359412603 ], [ 55.435384500318847, -21.105441652770644 ], [ 55.435389595678238, -21.10545154489218 ], [ 55.435376858602183, -21.10547274617441 ], [ 55.435491079469308, -21.105540915732092 ] ] ], [ [ [ 55.43331827939474, -21.105669088909664 ], [ 55.433209794100613, -21.105707273299476 ], [ 55.433128037196433, -21.105773365574983 ], [ 55.432911938378837, -21.105766757570613 ], [ 55.432869428693969, -21.105760974590762 ], [ 55.43287740783294, -21.105728783324302 ], [ 55.432944704153563, -21.105453566017179 ], [ 55.432974252207259, -21.105353991804154 ], [ 55.433021019210507, -21.105116688644717 ], [ 55.433086592686777, -21.105148244585333 ], [ 55.433149111744626, -21.1051961346787 ], [ 55.433341340701787, -21.105304307597375 ], [ 55.433380995321258, -21.105254769351024 ], [ 55.433403983807899, -21.105247107712955 ], [ 55.433443800188144, -21.105275438273015 ], [ 55.433476347952038, -21.105304777488943 ], [ 55.433538201269975, -21.105345311128733 ], [ 55.433567115837924, -21.105374592367038 ], [ 55.433517299932682, -21.105510360801791 ], [ 55.433472953731012, -21.105610330421658 ], [ 55.43342871204176, -21.105679330386319 ], [ 55.43331827939474, -21.105669088909664 ] ] ], [ [ [ 55.433379676116111, -21.105252701244801 ], [ 55.433344925994902, -21.105297743014969 ], [ 55.433175235462649, -21.105200759854707 ], [ 55.433091929770626, -21.10513967732113 ], [ 55.433018034536623, -21.105107942387811 ], [ 55.432985532459796, -21.105029146840618 ], [ 55.433003518114006, -21.105005727884702 ], [ 55.433104362930429, -21.104926073756776 ], [ 55.433329130189279, -21.10505362154008 ], [ 55.433278440195593, -21.105115553163195 ], [ 55.433379676116111, -21.105252701244801 ] ] ], [ [ [ 55.432473165962953, -21.10513956552505 ], [ 55.43244262718342, -21.105184956774249 ], [ 55.432412195140266, -21.105220273578695 ], [ 55.432403479707141, -21.105232282773414 ], [ 55.432398116244862, -21.105265816119836 ], [ 55.432389253663075, -21.105291929005705 ], [ 55.432357922317323, -21.105382262091627 ], [ 55.432228021002402, -21.105279110569679 ], [ 55.432140494583038, -21.105212444991931 ], [ 55.43203529857896, -21.10510986417642 ], [ 55.431963970672754, -21.105028295725198 ], [ 55.431872645612437, -21.104901470243057 ], [ 55.431750420350525, -21.104742195920586 ], [ 55.431839369310573, -21.104673399505209 ], [ 55.4320431233241, -21.104746785893074 ], [ 55.432132625462927, -21.104625307567897 ], [ 55.432129859571624, -21.104506740830537 ], [ 55.43222012156965, -21.104503812440967 ], [ 55.432226740614951, -21.104552371912071 ], [ 55.43224506001372, -21.104611294768617 ], [ 55.432369780810205, -21.104572934100204 ], [ 55.432464319037528, -21.104735627531472 ], [ 55.432556257929846, -21.10483749565422 ], [ 55.432598788171568, -21.104855596309406 ], [ 55.43256517317834, -21.104897946634097 ], [ 55.432542542116508, -21.104940051643354 ], [ 55.43253355167829, -21.104978254049424 ], [ 55.432526743865608, -21.105013117257414 ], [ 55.432491445934247, -21.105102794036881 ], [ 55.432473165962953, -21.10513956552505 ] ] ], [ [ [ 55.433528088269753, -21.104205410550822 ], [ 55.433545344604106, -21.104203041658771 ], [ 55.433561484778068, -21.104196776446564 ], [ 55.43357877807636, -21.104190792878029 ], [ 55.433594861782105, -21.104180735078966 ], [ 55.433605391421032, -21.104168004578156 ], [ 55.433613229815982, -21.104154889696314 ], [ 55.433623263026476, -21.104143600793872 ], [ 55.433671398074168, -21.104115771277257 ], [ 55.4339795190538, -21.104458315406056 ], [ 55.433993480479295, -21.104473835739505 ], [ 55.433979630872408, -21.104491518210491 ], [ 55.433927613124141, -21.104557929912069 ], [ 55.433815648022062, -21.104596848599677 ], [ 55.433762445485932, -21.104563594311227 ], [ 55.433706379647795, -21.104581953520796 ], [ 55.433606112125098, -21.104525819087542 ], [ 55.43353519649235, -21.104339675287942 ], [ 55.433521134704442, -21.104309140210528 ], [ 55.433478022393473, -21.104215516560242 ], [ 55.433496052519516, -21.104212702269212 ], [ 55.433510151537469, -21.104208406368709 ], [ 55.433528088269753, -21.104205410550822 ] ] ], [ [ [ 55.434517274191066, -21.104096433886845 ], [ 55.434526539139085, -21.104184471276209 ], [ 55.434403658387083, -21.104244519891743 ], [ 55.434308840238209, -21.10434880395368 ], [ 55.434239723316516, -21.104527892927724 ], [ 55.434127406602663, -21.104584648796543 ], [ 55.43400932890242, -21.104478958429745 ], [ 55.434002760179396, -21.104473079582885 ], [ 55.433789222822611, -21.10423469560391 ], [ 55.433681540057947, -21.104114482026066 ], [ 55.433821651028211, -21.104176048409844 ], [ 55.433921337830078, -21.104190353554607 ], [ 55.434037665613417, -21.10417230793357 ], [ 55.43412179630495, -21.104115725351129 ], [ 55.434171012399787, -21.104085587798785 ], [ 55.434309790178531, -21.104063925659819 ], [ 55.434517274191066, -21.104096433886845 ] ] ], [ [ [ 55.432249347153345, -21.104319474980777 ], [ 55.432155849268327, -21.104367931477391 ], [ 55.432016522613793, -21.104417150986407 ], [ 55.43189163738964, -21.104439921603888 ], [ 55.431751555622398, -21.104454074065504 ], [ 55.431747009252746, -21.104454533340508 ], [ 55.431636538585202, -21.104453511368405 ], [ 55.431519330349175, -21.104284952215849 ], [ 55.431337977920208, -21.104020098319406 ], [ 55.43129618746881, -21.103953252139195 ], [ 55.431206439536567, -21.10386735597195 ], [ 55.431161593080752, -21.103821747904657 ], [ 55.431147988530917, -21.103768455503385 ], [ 55.431154240406883, -21.103712688437799 ], [ 55.431214674579167, -21.103622864261258 ], [ 55.431300656348526, -21.103527959622042 ], [ 55.431414628263276, -21.103465213996788 ], [ 55.431616885531007, -21.103358092881752 ], [ 55.431776429654398, -21.103271843741531 ], [ 55.431955634517756, -21.103201725880655 ], [ 55.432251931740012, -21.103095488169835 ], [ 55.43229978361471, -21.103077563829807 ], [ 55.432404020000519, -21.103026930173538 ], [ 55.43229797753137, -21.102992611477866 ], [ 55.432229414876716, -21.102954225780046 ], [ 55.432098282168795, -21.102854137700021 ], [ 55.432091318214667, -21.102787557776757 ], [ 55.432004920228046, -21.102609919376164 ], [ 55.431998971860232, -21.10254581304973 ], [ 55.432016670541643, -21.102509648654152 ], [ 55.432043476730087, -21.10247930445081 ], [ 55.432080834771391, -21.102511197755739 ], [ 55.432112393146923, -21.102513401897017 ], [ 55.43212700683663, -21.102450184881807 ], [ 55.432236144571178, -21.102495869626342 ], [ 55.432305036805026, -21.102320329406364 ], [ 55.432365210490403, -21.102245381517228 ], [ 55.432566136974167, -21.1022356417349 ], [ 55.432486861129348, -21.102067602848575 ], [ 55.432556606469447, -21.102021819757578 ], [ 55.432677566815769, -21.101998795455291 ], [ 55.432819266723548, -21.10210748082725 ], [ 55.432720076642113, -21.102193727140882 ], [ 55.432714166419721, -21.102242321636044 ], [ 55.432625721148604, -21.102350747112624 ], [ 55.432661302421771, -21.102381947706803 ], [ 55.432712853365487, -21.102409309241541 ], [ 55.432824695365042, -21.102460937048207 ], [ 55.432962731903075, -21.102374581827387 ], [ 55.433004160153978, -21.10240324531507 ], [ 55.433048923946899, -21.102359621264146 ], [ 55.43310518583997, -21.102409822855805 ], [ 55.433157687611036, -21.102457759427892 ], [ 55.433158658636756, -21.102481903728513 ], [ 55.433146760094147, -21.102511162823525 ], [ 55.43311624868057, -21.102546776255444 ], [ 55.433094044170737, -21.10256397495964 ], [ 55.433218604920555, -21.10263772631043 ], [ 55.433228621840293, -21.102771898709339 ], [ 55.433253230948644, -21.102793038475337 ], [ 55.433261693204614, -21.102836137339075 ], [ 55.433239015469759, -21.102873569265324 ], [ 55.433211984301224, -21.102894031134827 ], [ 55.433237926244814, -21.102875363093485 ], [ 55.433261756588102, -21.10283734383302 ], [ 55.433308473359943, -21.102851159773337 ], [ 55.433446616125302, -21.102907552614553 ], [ 55.433446600490129, -21.102907273806824 ], [ 55.433497853185457, -21.102908397265782 ], [ 55.433447377342866, -21.102906352390541 ], [ 55.433306623518781, -21.102849484216492 ], [ 55.433267949379925, -21.102754379476274 ], [ 55.433357873406607, -21.102708796988971 ], [ 55.433412766159734, -21.102806847297554 ], [ 55.433413299470558, -21.102806840181383 ], [ 55.433377879056231, -21.102742080646674 ], [ 55.433362648551977, -21.102714233827516 ], [ 55.433359183873108, -21.102707567961453 ], [ 55.433352731696935, -21.102641973774642 ], [ 55.433394200237288, -21.102576452948238 ], [ 55.433447973637605, -21.102580089703309 ], [ 55.433553575659552, -21.102586571967404 ], [ 55.43358048785705, -21.102602704283299 ], [ 55.433616439370624, -21.102617861440116 ], [ 55.433656991934932, -21.102624589930336 ], [ 55.433710001273127, -21.102627197909651 ], [ 55.433761031769137, -21.102637032075144 ], [ 55.43374941463162, -21.102666269428152 ], [ 55.433695251948947, -21.102802588614697 ], [ 55.433761303639642, -21.102637175501894 ], [ 55.433860258864428, -21.102662945809922 ], [ 55.433945299147304, -21.102711913502102 ], [ 55.434019392455589, -21.102757529958797 ], [ 55.434069836088995, -21.102804600863635 ], [ 55.434024973898097, -21.102900843445358 ], [ 55.43386525980042, -21.103020055627695 ], [ 55.433839434868808, -21.103073694520489 ], [ 55.433909197458, -21.103131897382614 ], [ 55.434037275314836, -21.103183269734316 ], [ 55.434080304356996, -21.103208762721561 ], [ 55.43420468750314, -21.10324815104056 ], [ 55.434188348689361, -21.103310538463706 ], [ 55.434137235619218, -21.103327274287029 ], [ 55.434021898678722, -21.103348197150602 ], [ 55.433936179514852, -21.103405409654421 ], [ 55.433942117138592, -21.103470049140892 ], [ 55.433840092195034, -21.103455789277227 ], [ 55.43377763068905, -21.103457876081844 ], [ 55.433689236148126, -21.103497009775534 ], [ 55.43353039955965, -21.103487551608939 ], [ 55.433456396722697, -21.103510826531842 ], [ 55.433101751658221, -21.103765905675004 ], [ 55.433088371781267, -21.103835679509313 ], [ 55.433088332716814, -21.103835641209589 ], [ 55.433013811249175, -21.103865462343173 ], [ 55.432936662098399, -21.103928549438056 ], [ 55.432914600884168, -21.103940694551817 ], [ 55.432851183325539, -21.103975608991828 ], [ 55.433071372032366, -21.104391654611085 ], [ 55.433035117606039, -21.104458053640382 ], [ 55.433005277659525, -21.104476057037491 ], [ 55.432975942414281, -21.104526402393866 ], [ 55.43291917100634, -21.104590328195751 ], [ 55.43251595000487, -21.104655971244128 ], [ 55.432369780810205, -21.104572934100204 ], [ 55.432249347153345, -21.104319474980777 ] ], [ [ 55.433523089060401, -21.102910191703668 ], [ 55.433532095768008, -21.102920382389691 ], [ 55.433531903288447, -21.102917275678813 ], [ 55.433839434868808, -21.103073694520489 ], [ 55.433523089060401, -21.102910191703668 ] ], [ [ 55.433225680127123, -21.103022951540982 ], [ 55.433266940672858, -21.103022854999011 ], [ 55.433295153829249, -21.103003995528336 ], [ 55.433287745200126, -21.102981939790098 ], [ 55.43323403769454, -21.102954675012189 ], [ 55.43319114781977, -21.102909803792375 ], [ 55.433083054519948, -21.102991627520868 ], [ 55.433061390409556, -21.103014468718165 ], [ 55.433061110040242, -21.103015318900272 ], [ 55.433092878642825, -21.103045366015241 ], [ 55.433092627861207, -21.103044970166863 ], [ 55.43315162479287, -21.103043161419283 ], [ 55.433196365828294, -21.103001171203299 ], [ 55.433225680127123, -21.103022951540982 ] ], [ [ 55.433454398256508, -21.102999186306523 ], [ 55.433463188408531, -21.103058128578304 ], [ 55.433467822526161, -21.103058114143078 ], [ 55.433454398256508, -21.102999186306523 ] ], [ [ 55.433533613709528, -21.102944882681825 ], [ 55.433536316581545, -21.103056282256372 ], [ 55.433520334474331, -21.103057950568939 ], [ 55.433540615036122, -21.103057887395213 ], [ 55.433533613709528, -21.102944882681825 ] ], [ [ 55.432658162297322, -21.103577608442599 ], [ 55.43255605611678, -21.103599608297941 ], [ 55.432517507798515, -21.10358395628085 ], [ 55.432506166769073, -21.103564404240242 ], [ 55.432518802440789, -21.103587169552217 ], [ 55.432556342467116, -21.103601856553496 ], [ 55.432666738340366, -21.103576205410217 ], [ 55.432752605715656, -21.103548319401337 ], [ 55.432813943178019, -21.103485395323023 ], [ 55.43274814407706, -21.103545936797474 ], [ 55.432658162297322, -21.103577608442599 ] ], [ [ 55.432890403028438, -21.103386644786433 ], [ 55.432871088506907, -21.10341461332478 ], [ 55.432891655700388, -21.103388996820733 ], [ 55.432933240741974, -21.103288289439305 ], [ 55.432890403028438, -21.103386644786433 ] ], [ [ 55.433192802836352, -21.10320309220635 ], [ 55.433097062080101, -21.103051969397299 ], [ 55.433191687610353, -21.103203510968118 ], [ 55.433345995896282, -21.103352207725536 ], [ 55.433399865265883, -21.103461115309617 ], [ 55.433402055962155, -21.103462889856985 ], [ 55.433400615625345, -21.103461618156214 ], [ 55.433346419673434, -21.103351726568459 ], [ 55.433192802836352, -21.10320309220635 ] ], [ [ 55.433848475721078, -21.103323566476352 ], [ 55.433847696757681, -21.103335211783154 ], [ 55.433848184968433, -21.103335431309556 ], [ 55.433848475721078, -21.103323566476352 ] ], [ [ 55.433912061335455, -21.10337651413543 ], [ 55.433911904769204, -21.103375296389281 ], [ 55.433872263163906, -21.103346124789244 ], [ 55.43386514056445, -21.103343055477971 ], [ 55.433872116143824, -21.103346192082068 ], [ 55.433911921603126, -21.103375526886847 ], [ 55.433912061335455, -21.10337651413543 ] ], [ [ 55.43387316031712, -21.103260602520013 ], [ 55.433872951634854, -21.103263875806377 ], [ 55.433873128049775, -21.103263678453718 ], [ 55.43387316031712, -21.103260602520013 ] ], [ [ 55.432880695754683, -21.102665260378014 ], [ 55.432636001894643, -21.102858913719139 ], [ 55.432805803064078, -21.102730407964604 ], [ 55.43305685917813, -21.102525842552165 ], [ 55.432880695754683, -21.102665260378014 ] ] ], [ [ [ 55.433764421487901, -21.103606654369212 ], [ 55.433891874257242, -21.103560460827552 ], [ 55.434000728143076, -21.103526797621974 ], [ 55.434073091070836, -21.103511665469036 ], [ 55.434162158130178, -21.103496326246216 ], [ 55.434317115773261, -21.103486304418105 ], [ 55.434475281311578, -21.103468703554139 ], [ 55.434563335848715, -21.103465281068029 ], [ 55.434680469030539, -21.103452345162086 ], [ 55.434732274692827, -21.103447222101543 ], [ 55.434804883335978, -21.103440044573251 ], [ 55.434925957257704, -21.103415364006366 ], [ 55.434933531685431, -21.103410977939191 ], [ 55.434973268135494, -21.103387967295362 ], [ 55.435237070065661, -21.103198665514199 ], [ 55.435264963383965, -21.103180454936776 ], [ 55.435281207667934, -21.103159922846061 ], [ 55.435292937876739, -21.103111147983089 ], [ 55.435309029037469, -21.103066925363684 ], [ 55.435328601056725, -21.103023516224063 ], [ 55.435354918379304, -21.102955817196566 ], [ 55.435356134845705, -21.102886035644815 ], [ 55.435372963633391, -21.10283645420542 ], [ 55.435404093402276, -21.102779544364648 ], [ 55.435445827506669, -21.102730764544752 ], [ 55.435494987893634, -21.102708262572023 ], [ 55.435513069297926, -21.10269465586601 ], [ 55.435662840810004, -21.102812955066728 ], [ 55.435641920840702, -21.102963982147021 ], [ 55.435607603058259, -21.103163275520235 ], [ 55.435551093938507, -21.103287389071319 ], [ 55.435527578018068, -21.103299951090857 ], [ 55.435545862089661, -21.10335648138788 ], [ 55.435553786436792, -21.103440873303459 ], [ 55.435532109985203, -21.10349192576453 ], [ 55.435351265858479, -21.103635254059281 ], [ 55.435171141267297, -21.103808166520025 ], [ 55.434877603596412, -21.103924187797972 ], [ 55.434907682827813, -21.103656994923217 ], [ 55.434804118702729, -21.103702572431931 ], [ 55.434675405836515, -21.103705358580097 ], [ 55.434671883200011, -21.103930328739871 ], [ 55.434344215699319, -21.103922288740534 ], [ 55.434197615960393, -21.103921927524063 ], [ 55.434155997171864, -21.103931925679337 ], [ 55.433908469967186, -21.104039394975455 ], [ 55.433877176097276, -21.103991997277859 ], [ 55.433877177387878, -21.103991999595486 ], [ 55.433750203620065, -21.104025989402182 ], [ 55.433737339741505, -21.104031009440639 ], [ 55.433708408549812, -21.104028471245901 ], [ 55.433600328931, -21.104057107290714 ], [ 55.433559652151345, -21.103986862843097 ], [ 55.433504413315553, -21.103891475916168 ], [ 55.43358952035242, -21.103764411639983 ], [ 55.433640569450887, -21.103688194769379 ], [ 55.433662260427056, -21.103666464809915 ], [ 55.433687628539438, -21.103651613140222 ], [ 55.433764421487901, -21.103606654369212 ] ] ], [ [ [ 55.435462127155091, -21.104014956096432 ], [ 55.435542020163808, -21.103886700863086 ], [ 55.435690088924531, -21.103737500188071 ], [ 55.435889272206289, -21.103582782961197 ], [ 55.435948055478072, -21.10335946697403 ], [ 55.435842975383672, -21.103179248819721 ], [ 55.435890203973251, -21.103047039948397 ], [ 55.436349372743791, -21.102872428756861 ], [ 55.4361444014515, -21.102684324081466 ], [ 55.436133734126756, -21.102644707986197 ], [ 55.436105484110634, -21.102619155820271 ], [ 55.435984348935641, -21.102580017457893 ], [ 55.43595312840138, -21.102514863261266 ], [ 55.435986828754906, -21.102474236462996 ], [ 55.436028567246971, -21.10244807613277 ], [ 55.436078817861862, -21.102419700898633 ], [ 55.436053778876015, -21.102385083818536 ], [ 55.436042582701084, -21.10238878976654 ], [ 55.436030161720552, -21.102392900837927 ], [ 55.436036821040339, -21.102356866282214 ], [ 55.436038694164928, -21.102303851547759 ], [ 55.436036686910398, -21.102226319700776 ], [ 55.436027175656783, -21.102191210906561 ], [ 55.436017881887821, -21.102147837992682 ], [ 55.435962458581983, -21.102146873260875 ], [ 55.435989878951595, -21.102030343592102 ], [ 55.435987006924215, -21.101991902332482 ], [ 55.436015709392663, -21.101909189693423 ], [ 55.436016642883367, -21.101820074817546 ], [ 55.436010888748704, -21.101749942587414 ], [ 55.435994855967159, -21.10171088762328 ], [ 55.435973034778904, -21.101678487189094 ], [ 55.435972742186081, -21.101638236018019 ], [ 55.435986127737692, -21.101588718479569 ], [ 55.435991112186784, -21.101522353621551 ], [ 55.435990160666634, -21.10147672984791 ], [ 55.43603390896498, -21.101463045490725 ], [ 55.436085239803681, -21.101457236505652 ], [ 55.436102095646127, -21.101456218593782 ], [ 55.436136889738187, -21.101451932684583 ], [ 55.43615397785333, -21.101447302794302 ], [ 55.436172503019563, -21.101443048381505 ], [ 55.436229192902253, -21.101434355756332 ], [ 55.436255484948013, -21.101433244200337 ], [ 55.436185968957332, -21.101743076433589 ], [ 55.436258483963748, -21.10171166987724 ], [ 55.436343739742348, -21.101783200172584 ], [ 55.436401552234273, -21.101911725981083 ], [ 55.436416061025604, -21.101912577008665 ], [ 55.436424399743267, -21.101821594632042 ], [ 55.436512991370499, -21.101575500923278 ], [ 55.436580908536115, -21.101646263288512 ], [ 55.436492966740488, -21.101554636943273 ], [ 55.436619138270956, -21.101282795076752 ], [ 55.436731669103189, -21.101105785269173 ], [ 55.436955847405542, -21.100823657474752 ], [ 55.436742465120389, -21.10067857084778 ], [ 55.436758460539515, -21.100420832439156 ], [ 55.436684274294336, -21.100379790657559 ], [ 55.436535125474769, -21.100246377762783 ], [ 55.43642372212549, -21.100013888038692 ], [ 55.436366411423577, -21.099749256230201 ], [ 55.436808269436682, -21.09952780351384 ], [ 55.436994302964159, -21.098974602837288 ], [ 55.437302279313812, -21.098776342542973 ], [ 55.437677824842297, -21.098826865265671 ], [ 55.437828256323222, -21.099032433140422 ], [ 55.438244532435888, -21.09932982799813 ], [ 55.438402710719991, -21.099653879988963 ], [ 55.439090634496992, -21.099944097425148 ], [ 55.439194931662144, -21.100161195644514 ], [ 55.439534899761185, -21.100354133422023 ], [ 55.439346207834902, -21.100859832367192 ], [ 55.43923892007853, -21.101140754261309 ], [ 55.439081998935713, -21.101631907555625 ], [ 55.439025641841006, -21.101880655428523 ], [ 55.439017300864052, -21.102073463836149 ], [ 55.438977093699492, -21.102289717666213 ], [ 55.438733531686111, -21.102538187817416 ], [ 55.438713069166923, -21.102559062618102 ], [ 55.438652309148807, -21.102621046016957 ], [ 55.438858300969862, -21.102763417526333 ], [ 55.439036823500835, -21.102928272049617 ], [ 55.439124396403336, -21.103021068987893 ], [ 55.439141008192387, -21.103549430665577 ], [ 55.438812039693637, -21.10386095182859 ], [ 55.438393576384591, -21.103960959593532 ], [ 55.437684648073208, -21.104016744114215 ], [ 55.437535568799625, -21.10424811531982 ], [ 55.437541848733716, -21.104255847663225 ], [ 55.437399319076462, -21.104082066299309 ], [ 55.437374498796046, -21.103792808491548 ], [ 55.437165033395949, -21.103556712564576 ], [ 55.43663568859823, -21.103643028568467 ], [ 55.436766738059013, -21.103889332931306 ], [ 55.436453235787177, -21.104517949957742 ], [ 55.436645978861236, -21.105130632176625 ], [ 55.436136333923208, -21.104537609446979 ], [ 55.435698022722754, -21.104654661362929 ], [ 55.435462127155091, -21.104014956096432 ] ], [ [ 55.436905262812324, -21.101865797400247 ], [ 55.437274173366937, -21.102115488313572 ], [ 55.436580908536115, -21.101646263288512 ], [ 55.436905262812324, -21.101865797400247 ] ], [ [ 55.436910433155397, -21.102757340328466 ], [ 55.437305471010461, -21.103399945314184 ], [ 55.437684648073208, -21.104016744114215 ], [ 55.436910433155397, -21.102757340328466 ] ] ], [ [ [ 55.434201348438243, -21.103011892199767 ], [ 55.434143364059999, -21.102945702843847 ], [ 55.434108423969093, -21.102834192653013 ], [ 55.434163816636783, -21.102800835846875 ], [ 55.434127798496633, -21.102731539665655 ], [ 55.434204029745956, -21.102689140849346 ], [ 55.434249776359763, -21.102706804673417 ], [ 55.434293519304489, -21.102696432252248 ], [ 55.434374275724785, -21.102660540984473 ], [ 55.434412726058234, -21.102716929708318 ], [ 55.434396402840186, -21.102740485240442 ], [ 55.43449471600421, -21.102782340687131 ], [ 55.434491719975099, -21.102849121268541 ], [ 55.434596719436868, -21.102910435015126 ], [ 55.434598540506862, -21.102955709088469 ], [ 55.434535566709059, -21.10305789633059 ], [ 55.434421368080578, -21.103121935580599 ], [ 55.434327961244918, -21.103097776823187 ], [ 55.434265118430922, -21.103064368643317 ], [ 55.434201348438243, -21.103011892199767 ] ] ], [ [ [ 55.433757457599384, -21.102614559222967 ], [ 55.433684489922349, -21.102602412274273 ], [ 55.433635141166867, -21.102596699132416 ], [ 55.433598327247374, -21.102585663909238 ], [ 55.433566047103696, -21.102566740478004 ], [ 55.433529019544359, -21.102560930675921 ], [ 55.433363233504927, -21.102551986308416 ], [ 55.433339310751684, -21.102548458258866 ], [ 55.433286618403649, -21.102540688916793 ], [ 55.433246199217336, -21.102521254822655 ], [ 55.433212705788314, -21.102487059730251 ], [ 55.433174830663539, -21.102440116485123 ], [ 55.43312452294365, -21.102395176575616 ], [ 55.433032812575959, -21.102317027099605 ], [ 55.432948642777617, -21.102225803327972 ], [ 55.433053642348263, -21.102130164738323 ], [ 55.433100557109505, -21.101986778189964 ], [ 55.433333317297503, -21.101983602399752 ], [ 55.433494936703248, -21.10199841224869 ], [ 55.433639568185285, -21.102083621935538 ], [ 55.433736166252025, -21.102140532640501 ], [ 55.433853166411737, -21.102209463212926 ], [ 55.43389851874111, -21.10224680282407 ], [ 55.433994122260593, -21.102316691885353 ], [ 55.434012018811543, -21.102431577485863 ], [ 55.434010939990749, -21.102432706887509 ], [ 55.43407113330553, -21.10243432303724 ], [ 55.434104579934953, -21.102532745945897 ], [ 55.434103013621332, -21.10266317826925 ], [ 55.43407949642058, -21.102780668572901 ], [ 55.434033002416314, -21.102739459548818 ], [ 55.433965704088976, -21.102696773848482 ], [ 55.433871504903614, -21.102644949326283 ], [ 55.433757457599384, -21.102614559222967 ] ], [ [ 55.433667945967628, -21.102521299165556 ], [ 55.433774799337208, -21.102495757237872 ], [ 55.433914861149482, -21.102480201785681 ], [ 55.433924329222513, -21.102479770663646 ], [ 55.433912373622711, -21.102480129126128 ], [ 55.433773808842169, -21.102495389476609 ], [ 55.433667332570323, -21.102521412734436 ], [ 55.433600552181538, -21.102550670667689 ], [ 55.433667945967628, -21.102521299165556 ] ], [ [ 55.433754084880995, -21.102332755586399 ], [ 55.433801395837804, -21.102358648605826 ], [ 55.433639998885127, -21.102261959530427 ], [ 55.43363999888355, -21.102261959532413 ], [ 55.433754084880995, -21.102332755586399 ] ] ], [ [ [ 55.431779739120458, -21.102061174760813 ], [ 55.43184001806712, -21.101925629143992 ], [ 55.432159775751195, -21.101900970635675 ], [ 55.432302135738873, -21.101955545710126 ], [ 55.432295837507027, -21.102322058172938 ], [ 55.432237652902245, -21.10249147365511 ], [ 55.431796294411598, -21.102326775715603 ], [ 55.431779739120458, -21.102061174760813 ] ] ], [ [ [ 55.435566707316632, -21.100602149284057 ], [ 55.435624853853518, -21.100499689367904 ], [ 55.435910705371761, -21.100452887842135 ], [ 55.435918363009876, -21.100533443691464 ], [ 55.435993929007182, -21.100647767250187 ], [ 55.436008358214451, -21.100705828274691 ], [ 55.436038627207246, -21.100762548569936 ], [ 55.436039084869883, -21.100794487266388 ], [ 55.436023606541227, -21.100836675985089 ], [ 55.435964566700378, -21.100882176349248 ], [ 55.435949127235496, -21.100920651938729 ], [ 55.435952601734982, -21.10096672896049 ], [ 55.435966199936551, -21.10102849489715 ], [ 55.435949787159387, -21.101159793058041 ], [ 55.435974703444131, -21.101274391908895 ], [ 55.435963286191658, -21.101457723044355 ], [ 55.435842850229477, -21.101482224256529 ], [ 55.435891439755054, -21.101582533562148 ], [ 55.435834973880148, -21.101666773170113 ], [ 55.435662318128436, -21.101567379617794 ], [ 55.435626628657552, -21.101484769362568 ], [ 55.435616934240926, -21.101436837378575 ], [ 55.435552972394213, -21.101393590528406 ], [ 55.435469188953718, -21.10126483566323 ], [ 55.435420609588256, -21.101095708217461 ], [ 55.435729990960553, -21.101077356927036 ], [ 55.435566707316632, -21.100602149284057 ] ] ], [ [ [ 55.436475237581654, -21.100527154819517 ], [ 55.43646780267197, -21.100848150045902 ], [ 55.436157805480185, -21.100891156306982 ], [ 55.436080905889931, -21.100844580890765 ], [ 55.436089731900694, -21.100779685900282 ], [ 55.436046293157098, -21.10064933061701 ], [ 55.436002175867131, -21.100583946369223 ], [ 55.435931231272896, -21.100357783225256 ], [ 55.436023549794335, -21.100098726479651 ], [ 55.436142656394857, -21.100004270045286 ], [ 55.436308670626246, -21.100097534308063 ], [ 55.436490336702676, -21.100252096382576 ], [ 55.436475237581654, -21.100527154819517 ] ] ], [ [ [ 55.436351571593868, -21.098727704583709 ], [ 55.436285000102806, -21.098724999531445 ], [ 55.436271518993372, -21.098784326121365 ], [ 55.43621646869056, -21.098788120870548 ], [ 55.436194014846016, -21.09874345952333 ], [ 55.436199124638925, -21.098693317306552 ], [ 55.436210345162934, -21.098643230541249 ], [ 55.436225894660218, -21.098617562049181 ], [ 55.436235212343767, -21.0986033080376 ], [ 55.436259885274552, -21.098582026113604 ], [ 55.436290638901703, -21.098563667345974 ], [ 55.436355727459734, -21.098476793471836 ], [ 55.43640661377021, -21.098432809338878 ], [ 55.436420981081, -21.098374147604687 ], [ 55.436389374720932, -21.098327968343295 ], [ 55.436391593739756, -21.098262025069353 ], [ 55.436418333320042, -21.09822666702658 ], [ 55.43633491412082, -21.098129574938529 ], [ 55.436428506926596, -21.098093153216837 ], [ 55.436521666477397, -21.098066666494926 ], [ 55.436618770028154, -21.098025152592257 ], [ 55.436759999622438, -21.097928333274677 ], [ 55.436861666552346, -21.09789500005882 ], [ 55.436861666396524, -21.097830000132369 ], [ 55.436946253597881, -21.097794184311638 ], [ 55.437088333332298, -21.0977783329364 ], [ 55.437083520630004, -21.098094890211641 ], [ 55.437020169618023, -21.098120374734755 ], [ 55.436908573975785, -21.098422208432083 ], [ 55.436896779987947, -21.098465769023033 ], [ 55.4368700819143, -21.098534594021906 ], [ 55.436815000046622, -21.098531666295163 ], [ 55.43656333381589, -21.098548332599496 ], [ 55.436544408991516, -21.098553100983935 ], [ 55.436530372940382, -21.098580217909252 ], [ 55.436536019241686, -21.098624724244981 ], [ 55.436489325850893, -21.098706030926611 ], [ 55.436449658942728, -21.098699929187543 ], [ 55.436420508780387, -21.098711132346406 ], [ 55.436351571593868, -21.098727704583709 ] ] ], [ [ [ 55.435289217112363, -21.098029398950022 ], [ 55.434774253775295, -21.097412891575988 ], [ 55.435235006752045, -21.097169732743982 ], [ 55.435318657892616, -21.097119440888719 ], [ 55.435510022376491, -21.097097647460185 ], [ 55.435619079606859, -21.097610847334874 ], [ 55.435528677974048, -21.097634390758405 ], [ 55.43558540175917, -21.097762539995543 ], [ 55.435527040649887, -21.097790681440177 ], [ 55.435505304367673, -21.097823463209174 ], [ 55.435428758481649, -21.097837096901475 ], [ 55.435385645444754, -21.097868246970084 ], [ 55.435289217112363, -21.098029398950022 ] ] ], [ [ [ 55.435838060596808, -21.09530870915394 ], [ 55.436746725313284, -21.096569948374992 ], [ 55.43598810674802, -21.096959925468997 ], [ 55.435613641183615, -21.096413625751641 ], [ 55.434772622443575, -21.096903259126304 ], [ 55.434229807666988, -21.095923834281916 ], [ 55.434441345566725, -21.095844473756845 ], [ 55.435026450192197, -21.095746785727794 ], [ 55.435395556096331, -21.095585911369927 ], [ 55.435574289569971, -21.095417867497559 ], [ 55.435838060596808, -21.09530870915394 ] ] ], [ [ [ 55.438124696348261, -21.094614515298989 ], [ 55.438104091856772, -21.094665454372585 ], [ 55.438085775272896, -21.094719157849404 ], [ 55.438072378893771, -21.094758437509153 ], [ 55.438041660733887, -21.094854314049822 ], [ 55.438031096691859, -21.094916457130935 ], [ 55.438020214291591, -21.095015391573064 ], [ 55.438003695797207, -21.095133783667674 ], [ 55.437992780416351, -21.095203470613932 ], [ 55.43798874491528, -21.095297121454696 ], [ 55.437986076127345, -21.095454837284642 ], [ 55.437691901263989, -21.095279577394436 ], [ 55.437675882068525, -21.095340822886548 ], [ 55.437651175850149, -21.095365451498669 ], [ 55.437608354943109, -21.095368880684244 ], [ 55.437591139495808, -21.095359162410769 ], [ 55.437568849805523, -21.095347485091043 ], [ 55.437554479179965, -21.095357868958221 ], [ 55.437534535435475, -21.095402019376717 ], [ 55.43752677137671, -21.095365141813559 ], [ 55.43750848670593, -21.09536019306287 ], [ 55.437484674613181, -21.095348023857845 ], [ 55.437432362250384, -21.095333679756799 ], [ 55.437382151447871, -21.095313141175666 ], [ 55.437402025395556, -21.095263612764075 ], [ 55.437332562780163, -21.095172331569032 ], [ 55.437272302420119, -21.095090039014654 ], [ 55.437270464657402, -21.095046643611941 ], [ 55.437237233253647, -21.095046337387377 ], [ 55.437217295724068, -21.095016756534399 ], [ 55.437152540876241, -21.094962385205541 ], [ 55.437016284581695, -21.094853579398595 ], [ 55.436997417632845, -21.094809357701841 ], [ 55.436993775053907, -21.094807365767448 ], [ 55.436896822221811, -21.094800018983474 ], [ 55.43678479771863, -21.094760507482672 ], [ 55.436623601307915, -21.094613471304399 ], [ 55.436454307105329, -21.094376352422746 ], [ 55.436423263595465, -21.094161731529482 ], [ 55.43632514372451, -21.094122102799208 ], [ 55.436299043334394, -21.094103743681199 ], [ 55.436219732241135, -21.094047956028941 ], [ 55.436122841014303, -21.093979803501956 ], [ 55.436028184796264, -21.093913221603721 ], [ 55.435841184904099, -21.093781685062801 ], [ 55.435725063793448, -21.093700004141873 ], [ 55.435601395371599, -21.093613015271931 ], [ 55.43589687702611, -21.093459321790913 ], [ 55.436029286125518, -21.093287544822157 ], [ 55.436562957525439, -21.093099114821555 ], [ 55.43691535481652, -21.093378892250747 ], [ 55.436968562636544, -21.093305562005771 ], [ 55.4370079060824, -21.093439764456058 ], [ 55.437043822622861, -21.093819087682459 ], [ 55.437127802831526, -21.094114510235109 ], [ 55.437223653779199, -21.094322719006932 ], [ 55.437323851229543, -21.094398674298592 ], [ 55.437262642729102, -21.0944074113503 ], [ 55.43732056082257, -21.094533221844618 ], [ 55.436995012624124, -21.094517745385133 ], [ 55.436941458629605, -21.094454996481193 ], [ 55.436925269300353, -21.094463034053867 ], [ 55.436980755677638, -21.094544128672077 ], [ 55.437329182909323, -21.094544384833046 ], [ 55.437412981363515, -21.094459470425463 ], [ 55.437483959648986, -21.09449656548599 ], [ 55.437585111748454, -21.094458101599486 ], [ 55.437659654483966, -21.094541378337816 ], [ 55.437678839788909, -21.094565579358189 ], [ 55.43775953567998, -21.094638961038484 ], [ 55.437841799838019, -21.094600322104853 ], [ 55.437882336962254, -21.094559291642614 ], [ 55.437884046786905, -21.094558245105986 ], [ 55.437890703861648, -21.094554916323215 ], [ 55.437917197660013, -21.094541668601646 ], [ 55.437958175200485, -21.094537122121597 ], [ 55.438046930804525, -21.094580290110962 ], [ 55.438134414123873, -21.094590491988317 ], [ 55.438124696348261, -21.094614515298989 ] ], [ [ 55.436019022047127, -21.093628288384618 ], [ 55.436019023801556, -21.093628290097055 ], [ 55.43589687702611, -21.093459321790913 ], [ 55.436019022047127, -21.093628288384618 ] ], [ [ 55.437833458312809, -21.09479847720079 ], [ 55.4378341651272, -21.094795318533354 ], [ 55.437884046786905, -21.094558245105986 ], [ 55.437833458312809, -21.09479847720079 ] ] ], [ [ [ 55.438252056431438, -21.094276222765718 ], [ 55.438209938961357, -21.094407284676898 ], [ 55.437989818798179, -21.094512807563913 ], [ 55.437741514352076, -21.094391020472742 ], [ 55.437846746856692, -21.094069341255235 ], [ 55.438316692681006, -21.094183608692507 ], [ 55.438252056431438, -21.094276222765718 ] ] ], [ [ [ 55.437447520123534, -21.093926552821081 ], [ 55.437841698484469, -21.094065004058574 ], [ 55.437736440966077, -21.09438907408871 ], [ 55.437297852726864, -21.094198613020698 ], [ 55.437447520123534, -21.093926552821081 ] ] ], [ [ [ 55.432325393289389, -21.075844654972901 ], [ 55.432394567998735, -21.075774055739092 ], [ 55.43243768550272, -21.075815327619967 ], [ 55.432372291640895, -21.075881291710818 ], [ 55.432325393289389, -21.075844654972901 ] ] ], [ [ [ 55.450061281952749, -21.062499479237033 ], [ 55.450034504849746, -21.062482027637618 ], [ 55.449997855758589, -21.062480680486139 ], [ 55.44989273270874, -21.062531343295134 ], [ 55.449887100061943, -21.062554572917342 ], [ 55.449861044147823, -21.062571542228696 ], [ 55.449815811423136, -21.062566068034386 ], [ 55.44978527641247, -21.062494935335845 ], [ 55.449837220442625, -21.062477189764365 ], [ 55.449867746405545, -21.062445079309942 ], [ 55.449885479894185, -21.06239867911356 ], [ 55.450101086671289, -21.062300441094141 ], [ 55.450169570932509, -21.062247419416188 ], [ 55.450241069087319, -21.062215681036616 ], [ 55.450289725494571, -21.062202966566854 ], [ 55.450338559668317, -21.062135181513543 ], [ 55.450343334121534, -21.062128554130517 ], [ 55.450390106658233, -21.062089505359921 ], [ 55.450405834265219, -21.061820405142356 ], [ 55.450419087985978, -21.061790159466341 ], [ 55.450399250841272, -21.061727222676996 ], [ 55.450359824243712, -21.061661989753922 ], [ 55.450307865489236, -21.061596827632034 ], [ 55.450250385703328, -21.061524437395395 ], [ 55.450196590856102, -21.06140855561118 ], [ 55.450210421151695, -21.061322645929881 ], [ 55.450246495454799, -21.061275402260321 ], [ 55.450315920603309, -21.061235547616462 ], [ 55.45038190199358, -21.061215905632007 ], [ 55.450381703831134, -21.061130879619419 ], [ 55.450437845719939, -21.061124306359414 ], [ 55.450512409641426, -21.06110879128051 ], [ 55.450606456160806, -21.061086369258998 ], [ 55.450745024065633, -21.061033987648418 ], [ 55.450894311824975, -21.060987775772997 ], [ 55.450941690993808, -21.060994280947092 ], [ 55.450965065259751, -21.06102789773735 ], [ 55.450976150398176, -21.061102900567523 ], [ 55.45078755533244, -21.061196326819317 ], [ 55.45066519199375, -21.06124582027596 ], [ 55.450514910066879, -21.061283924670775 ], [ 55.45041438381557, -21.061307299212622 ], [ 55.450356954500215, -21.061334104828056 ], [ 55.450345763814738, -21.061373478322999 ], [ 55.450354122570104, -21.061416035539942 ], [ 55.450381407297151, -21.061471987241163 ], [ 55.45047694979155, -21.061648854010951 ], [ 55.45055177326865, -21.061795729623981 ], [ 55.450571367492941, -21.061967899845815 ], [ 55.450568813914238, -21.061992016643732 ], [ 55.450555774561629, -21.062115208724475 ], [ 55.45058126644745, -21.062165139728524 ], [ 55.450538660926846, -21.062218396825216 ], [ 55.450482037408449, -21.062271526893902 ], [ 55.450412537465674, -21.062318465567728 ], [ 55.450291136433755, -21.062379101692326 ], [ 55.450165285270863, -21.062452855644107 ], [ 55.450140161291436, -21.062484004656316 ], [ 55.450093662511918, -21.062504969744801 ], [ 55.450061281952749, -21.062499479237033 ] ] ], [ [ [ 55.43260035761147, -21.036601012470381 ], [ 55.432919120118264, -21.03670404366094 ], [ 55.43297244870535, -21.036773612227371 ], [ 55.433279202136639, -21.036934236305942 ], [ 55.433438971454798, -21.036962588691154 ], [ 55.433766124399313, -21.037221529982521 ], [ 55.433971223339533, -21.037353838640652 ], [ 55.434729380800547, -21.037553416946874 ], [ 55.435007114003305, -21.037667066125113 ], [ 55.434948689189639, -21.037850882670242 ], [ 55.433676379248645, -21.037513519474402 ], [ 55.433216858144128, -21.037473666648136 ], [ 55.433128916991564, -21.037733531791957 ], [ 55.432706292286419, -21.037673397878123 ], [ 55.432612182493273, -21.037723605789299 ], [ 55.432524247567407, -21.037704138813794 ], [ 55.432277173671686, -21.037494628484211 ], [ 55.432445340447032, -21.037352385522297 ], [ 55.432574486321514, -21.037147969146112 ], [ 55.432255455041044, -21.037079661575561 ], [ 55.432250917190579, -21.036768739888075 ], [ 55.432585509236972, -21.036752777675506 ], [ 55.43260035761147, -21.036601012470381 ] ] ] ] } }
]
}
