{
    "type": "FeatureCollection",
    "features": [
        {
            "type": "Feature",
            "geometry": {
                "type": "Polygon",
                "coordinates": [
                    [
                        [
                            55.38593726486772,
                            -21.18097333422973
                        ],
                        [
                            55.38771244634722,
                            -21.17436008463476
                        ],
                        [
                            55.367468404049795,
                            -21.16010916117143
                        ],
                        [
                            55.3669293929453,
                            -21.154022208390685
                        ],
                        [
                            55.36594899596415,
                            -21.081304066269517
                        ],
                        [
                            55.36468550185577,
                            -21.072983144364482
                        ],
                        [
                            55.37825454476965,
                            -21.047357520632552
                        ],
                        [
                            55.37685007720308,
                            -21.043613614639224
                        ],
                        [
                            55.37909520074591,
                            -21.039039375880634
                        ],
                        [
                            55.37368747594716,
                            -21.03545955781646
                        ],
                        [
                            55.369894789965315,
                            -21.042254248493673
                        ],
                        [
                            55.35715944527199,
                            -21.032708732587693
                        ],
                        [
                            55.358933722639115,
                            -21.027889865110552
                        ],
                        [
                            55.36200721318954,
                            -21.02619729757373
                        ],
                        [
                            55.36474108288817,
                            -21.02071599835154
                        ],
                        [
                            55.36971711084839,
                            -21.020823658875383
                        ],
                        [
                            55.37134330539343,
                            -21.01778024850552
                        ],
                        [
                            55.363760474182634,
                            -21.007842122405098
                        ],
                        [
                            55.35223078255707,
                            -20.997489143848
                        ],
                        [
                            55.36100061069382,
                            -20.989123723112876
                        ],
                        [
                            55.35602528326109,
                            -20.98272284639611
                        ],
                        [
                            55.34880596231678,
                            -20.978263131032023
                        ],
                        [
                            55.35312158965787,
                            -20.976242882148703
                        ],
                        [
                            55.35727078803278,
                            -20.97796504655864
                        ],
                        [
                            55.36010784005594,
                            -20.981978689758293
                        ],
                        [
                            55.36436297364454,
                            -20.97491955300577
                        ],
                        [
                            55.36919965024862,
                            -20.978024198324658
                        ],
                        [
                            55.36916102018077,
                            -20.980334000487765
                        ],
                        [
                            55.3757883021963,
                            -20.983159688829033
                        ],
                        [
                            55.37750681456903,
                            -20.98676016341909
                        ],
                        [
                            55.38181888922009,
                            -20.990176991452188
                        ],
                        [
                            55.38619893116036,
                            -20.989212196626003
                        ],
                        [
                            55.389675587002436,
                            -20.990694272977397
                        ],
                        [
                            55.400777847078714,
                            -20.98366164403414
                        ],
                        [
                            55.402578078815495,
                            -20.97864026988376
                        ],
                        [
                            55.39910749047062,
                            -20.973675111783304
                        ],
                        [
                            55.39201073430729,
                            -20.97442423589673
                        ],
                        [
                            55.3895451174186,
                            -20.976648268665116
                        ],
                        [
                            55.38110750481669,
                            -20.978601800875406
                        ],
                        [
                            55.37565375643807,
                            -20.975489700333473
                        ],
                        [
                            55.36944492066942,
                            -20.97501740482579
                        ],
                        [
                            55.372267688726765,
                            -20.97019984653964
                        ],
                        [
                            55.36680087680762,
                            -20.968663337843466
                        ],
                        [
                            55.366669634770375,
                            -20.965606328817536
                        ],
                        [
                            55.35968521462523,
                            -20.963464572243378
                        ],
                        [
                            55.35665077049608,
                            -20.960569021724904
                        ],
                        [
                            55.35843622414092,
                            -20.959418359309527
                        ],
                        [
                            55.37044027317712,
                            -20.964411231516173
                        ],
                        [
                            55.37248926019562,
                            -20.961537733459874
                        ],
                        [
                            55.361396013696634,
                            -20.953481218891287
                        ],
                        [
                            55.35304634563251,
                            -20.950052278997802
                        ],
                        [
                            55.36277375961757,
                            -20.949861496727866
                        ],
                        [
                            55.36880721186353,
                            -20.9527001991675
                        ],
                        [
                            55.36881250380935,
                            -20.949541876504508
                        ],
                        [
                            55.371692853772615,
                            -20.947086509935154
                        ],
                        [
                            55.369659372989254,
                            -20.943353993521253
                        ],
                        [
                            55.372446041835474,
                            -20.94444604392434
                        ],
                        [
                            55.37843231966157,
                            -20.940184020080313
                        ],
                        [
                            55.37845044272189,
                            -20.937554685782295
                        ],
                        [
                            55.38117660913952,
                            -20.9384223592826
                        ],
                        [
                            55.38867097156689,
                            -20.934835644981202
                        ],
                        [
                            55.38831693868749,
                            -20.9320600618327
                        ],
                        [
                            55.3836648276667,
                            -20.927992392631246
                        ],
                        [
                            55.378774969483665,
                            -20.92104235389436
                        ],
                        [
                            55.38028684678542,
                            -20.92054380857864
                        ],
                        [
                            55.37889883853998,
                            -20.918321158207863
                        ],
                        [
                            55.37319077516827,
                            -20.912114218387384
                        ],
                        [
                            55.36761239243872,
                            -20.91839112883955
                        ],
                        [
                            55.368785845880865,
                            -20.918862935380197
                        ],
                        [
                            55.36793708866119,
                            -20.920909286515904
                        ],
                        [
                            55.35663735205332,
                            -20.920323684712525
                        ],
                        [
                            55.35408689353236,
                            -20.92165170862461
                        ],
                        [
                            55.36542102934451,
                            -20.913158677575602
                        ],
                        [
                            55.37561524876606,
                            -20.902317044842732
                        ],
                        [
                            55.37915669390576,
                            -20.910924653850014
                        ],
                        [
                            55.37725350412056,
                            -20.900964108036476
                        ],
                        [
                            55.3892303433441,
                            -20.89301189145454
                        ],
                        [
                            55.39128973277309,
                            -20.8943146180207
                        ],
                        [
                            55.39442753064941,
                            -20.901413062316212
                        ],
                        [
                            55.39778614373907,
                            -20.902727290225034
                        ],
                        [
                            55.38854038923356,
                            -20.905647715413885
                        ],
                        [
                            55.38977820406222,
                            -20.906977312118684
                        ],
                        [
                            55.389457214597584,
                            -20.91163182545587
                        ],
                        [
                            55.386295973538786,
                            -20.915660175214718
                        ],
                        [
                            55.39236106024698,
                            -20.923306150287083
                        ],
                        [
                            55.39453370147613,
                            -20.932913659043198
                        ],
                        [
                            55.39875552496237,
                            -20.935053695101445
                        ],
                        [
                            55.40429636267922,
                            -20.941015587260985
                        ],
                        [
                            55.409990975518646,
                            -20.932511513592328
                        ],
                        [
                            55.41450912344778,
                            -20.91846547501192
                        ],
                        [
                            55.423207482096664,
                            -20.910910552483603
                        ],
                        [
                            55.425032065079506,
                            -20.9063970644841
                        ],
                        [
                            55.43195732443138,
                            -20.903895430180793
                        ],
                        [
                            55.43228833280276,
                            -20.90170023542087
                        ],
                        [
                            55.43535825648745,
                            -20.904386852847882
                        ],
                        [
                            55.43362828928453,
                            -20.906292184737453
                        ],
                        [
                            55.433168490364956,
                            -20.90817961305146
                        ],
                        [
                            55.43399320404648,
                            -20.90647791090457
                        ],
                        [
                            55.43573257902316,
                            -20.90706727579186
                        ],
                        [
                            55.42801378662643,
                            -20.91654377985278
                        ],
                        [
                            55.424723060172006,
                            -20.917903479756692
                        ],
                        [
                            55.42741183315011,
                            -20.922130679947205
                        ],
                        [
                            55.42669735725168,
                            -20.936911214290358
                        ],
                        [
                            55.42416120978849,
                            -20.936960888672633
                        ],
                        [
                            55.42284185910698,
                            -20.942693689414096
                        ],
                        [
                            55.42527299104395,
                            -20.94333473896452
                        ],
                        [
                            55.42536730034055,
                            -20.945515308661786
                        ],
                        [
                            55.4287609533463,
                            -20.94746280763953
                        ],
                        [
                            55.42945823115627,
                            -20.949588679962588
                        ],
                        [
                            55.436434210355166,
                            -20.953594406810403
                        ],
                        [
                            55.44115291615456,
                            -20.93939080951154
                        ],
                        [
                            55.442834390568784,
                            -20.941629147241404
                        ],
                        [
                            55.443539684268316,
                            -20.948837308589663
                        ],
                        [
                            55.45221157203906,
                            -20.93848049130864
                        ],
                        [
                            55.45030561698376,
                            -20.938199239397044
                        ],
                        [
                            55.453309908435,
                            -20.932276027859373
                        ],
                        [
                            55.455872321010325,
                            -20.932415670471585
                        ],
                        [
                            55.455214354235956,
                            -20.935276058532466
                        ],
                        [
                            55.460733971783235,
                            -20.930853744023636
                        ],
                        [
                            55.46388878725031,
                            -20.931565084525502
                        ],
                        [
                            55.4635152417923,
                            -20.943006345099807
                        ],
                        [
                            55.46747289535899,
                            -20.944583023989345
                        ],
                        [
                            55.466940510692105,
                            -20.9499599976405
                        ],
                        [
                            55.46952228227479,
                            -20.95064866846827
                        ],
                        [
                            55.47327340518647,
                            -20.947935897355286
                        ],
                        [
                            55.47377859081191,
                            -20.938521480781073
                        ],
                        [
                            55.47942714918013,
                            -20.933489581931493
                        ],
                        [
                            55.48246450997409,
                            -20.936417224662527
                        ],
                        [
                            55.47915610328549,
                            -20.939040135145408
                        ],
                        [
                            55.48009700366377,
                            -20.95045724702422
                        ],
                        [
                            55.47812788096218,
                            -20.952958083247157
                        ],
                        [
                            55.47494459033996,
                            -20.95277481296245
                        ],
                        [
                            55.473558685150536,
                            -20.954281090399757
                        ],
                        [
                            55.47415187859458,
                            -20.9569976527826
                        ],
                        [
                            55.471270458968185,
                            -20.959465569704452
                        ],
                        [
                            55.469990400220155,
                            -20.963621769032336
                        ],
                        [
                            55.483158864697096,
                            -20.965989389728442
                        ],
                        [
                            55.489799767043905,
                            -20.959660979820896
                        ],
                        [
                            55.4990088741563,
                            -20.936744498902247
                        ],
                        [
                            55.50053191842064,
                            -20.936652289341243
                        ],
                        [
                            55.50100021765447,
                            -20.939914569189238
                        ],
                        [
                            55.49923350858464,
                            -20.944258008120944
                        ],
                        [
                            55.49676137075179,
                            -20.94523813244952
                        ],
                        [
                            55.49656649782079,
                            -20.950490134238795
                        ],
                        [
                            55.49437018978391,
                            -20.951483849877437
                        ],
                        [
                            55.4946414617903,
                            -20.95398369827215
                        ],
                        [
                            55.493023184262604,
                            -20.955799019913915
                        ],
                        [
                            55.494713489492106,
                            -20.95927950813165
                        ],
                        [
                            55.489852944187675,
                            -20.961730356570126
                        ],
                        [
                            55.48830646652931,
                            -20.968538439680266
                        ],
                        [
                            55.4913445912331,
                            -20.96931765790626
                        ],
                        [
                            55.488149699988874,
                            -20.973827053682395
                        ],
                        [
                            55.48880955737148,
                            -20.97503424890544
                        ],
                        [
                            55.49123065275602,
                            -20.972812458861927
                        ],
                        [
                            55.491757165900054,
                            -20.96926178013433
                        ],
                        [
                            55.49127739574628,
                            -20.962700774949877
                        ],
                        [
                            55.49567132742896,
                            -20.96058759192045
                        ],
                        [
                            55.49381382489828,
                            -20.955313146022707
                        ],
                        [
                            55.49643816969582,
                            -20.954238573250993
                        ],
                        [
                            55.49815684835545,
                            -20.94570986237692
                        ],
                        [
                            55.502230223570464,
                            -20.94235345836935
                        ],
                        [
                            55.502727272769015,
                            -20.93568972662705
                        ],
                        [
                            55.5051863392031,
                            -20.931143178936388
                        ],
                        [
                            55.50614086495354,
                            -20.930587128445318
                        ],
                        [
                            55.50306038284513,
                            -20.93630556565879
                        ],
                        [
                            55.50357123023279,
                            -20.93970407701193
                        ],
                        [
                            55.50019258844597,
                            -20.94681692956047
                        ],
                        [
                            55.49843910540378,
                            -20.95594237422723
                        ],
                        [
                            55.49929545107432,
                            -20.957814582215363
                        ],
                        [
                            55.507171791088076,
                            -20.957060786518205
                        ],
                        [
                            55.506934165450716,
                            -20.979703323154894
                        ],
                        [
                            55.5124183768724,
                            -20.98008318934964
                        ],
                        [
                            55.51525758542648,
                            -20.977436331553026
                        ],
                        [
                            55.51560313918128,
                            -20.97418632369405
                        ],
                        [
                            55.525352692515455,
                            -20.979845332994074
                        ],
                        [
                            55.528225524675925,
                            -20.973575404861304
                        ],
                        [
                            55.533756044766506,
                            -20.9709890184992
                        ],
                        [
                            55.53381165916141,
                            -20.96947774670002
                        ],
                        [
                            55.54040389938649,
                            -20.96470205190734
                        ],
                        [
                            55.54113925229158,
                            -20.961151770373547
                        ],
                        [
                            55.54563634120936,
                            -20.95900218929084
                        ],
                        [
                            55.54587053044946,
                            -20.955418875586656
                        ],
                        [
                            55.55467168741347,
                            -20.955494337443266
                        ],
                        [
                            55.55168682891961,
                            -20.969125533993644
                        ],
                        [
                            55.549935890840324,
                            -20.97005681500045
                        ],
                        [
                            55.549607207503804,
                            -20.971905707079898
                        ],
                        [
                            55.552226176053665,
                            -20.971054437201246
                        ],
                        [
                            55.55210335573171,
                            -20.972991715609187
                        ],
                        [
                            55.55369990697472,
                            -20.973844217559506
                        ],
                        [
                            55.557250885624015,
                            -20.972370058106197
                        ],
                        [
                            55.56252890258447,
                            -20.975549395579478
                        ],
                        [
                            55.56855922028715,
                            -20.97394070029064
                        ],
                        [
                            55.56805647788565,
                            -20.97667725871717
                        ],
                        [
                            55.563509319144565,
                            -20.980234240803963
                        ],
                        [
                            55.566900402525796,
                            -20.979427018498154
                        ],
                        [
                            55.577063201776404,
                            -20.983217423908826
                        ],
                        [
                            55.578963380648645,
                            -20.988168334849505
                        ],
                        [
                            55.57830670157276,
                            -20.991276728187206
                        ],
                        [
                            55.58154044417241,
                            -20.992024395852187
                        ],
                        [
                            55.58521247047999,
                            -20.988698784292712
                        ],
                        [
                            55.59104165266931,
                            -20.986962431640325
                        ],
                        [
                            55.59924890366665,
                            -20.98710077659891
                        ],
                        [
                            55.60226796987589,
                            -20.992253260438265
                        ],
                        [
                            55.60139482968138,
                            -20.993109797206827
                        ],
                        [
                            55.58599743616108,
                            -21.00010317206258
                        ],
                        [
                            55.57783397203333,
                            -20.997141259853667
                        ],
                        [
                            55.57703078595808,
                            -20.998780282508697
                        ],
                        [
                            55.572386370879826,
                            -21.00011973447284
                        ],
                        [
                            55.571688991787646,
                            -21.002580855416305
                        ],
                        [
                            55.56313928826736,
                            -21.004965287115475
                        ],
                        [
                            55.563494609894576,
                            -21.007220704036396
                        ],
                        [
                            55.56099249670238,
                            -21.006679414415867
                        ],
                        [
                            55.55972622405622,
                            -21.010074242819897
                        ],
                        [
                            55.55419903064953,
                            -21.013470479972636
                        ],
                        [
                            55.548811202002796,
                            -21.010700113440393
                        ],
                        [
                            55.5396419205683,
                            -21.012117960530755
                        ],
                        [
                            55.538873336461364,
                            -21.0083357449992
                        ],
                        [
                            55.537578450867606,
                            -21.00816915582837
                        ],
                        [
                            55.526462519861404,
                            -21.012406583138425
                        ],
                        [
                            55.5181483348416,
                            -21.018576973053044
                        ],
                        [
                            55.51609547016856,
                            -21.015931180132142
                        ],
                        [
                            55.512512249734385,
                            -21.015556708230793
                        ],
                        [
                            55.50903396155969,
                            -21.005420198482344
                        ],
                        [
                            55.50482567423675,
                            -21.00504136511148
                        ],
                        [
                            55.49999778620715,
                            -21.005944127341245
                        ],
                        [
                            55.499457530597674,
                            -21.010705796819853
                        ],
                        [
                            55.486812148388594,
                            -21.008059788145673
                        ],
                        [
                            55.478428074552546,
                            -21.009727991499318
                        ],
                        [
                            55.47722640514802,
                            -21.011654692844434
                        ],
                        [
                            55.47931425365942,
                            -21.013478572593655
                        ],
                        [
                            55.47902238982914,
                            -21.014501599015183
                        ],
                        [
                            55.47315533410302,
                            -21.012836880804883
                        ],
                        [
                            55.471018671008885,
                            -21.013743778206862
                        ],
                        [
                            55.47126836814447,
                            -21.01582474856091
                        ],
                        [
                            55.47306101081287,
                            -21.016063699018783
                        ],
                        [
                            55.471715902168455,
                            -21.021385558486173
                        ],
                        [
                            55.46977540383238,
                            -21.02394817693687
                        ],
                        [
                            55.467091685039456,
                            -21.02268329578373
                        ],
                        [
                            55.460981170296684,
                            -21.03214068147826
                        ],
                        [
                            55.46188389495614,
                            -21.03485483075135
                        ],
                        [
                            55.458738409294675,
                            -21.040306038409714
                        ],
                        [
                            55.46138851358745,
                            -21.042280042140355
                        ],
                        [
                            55.458555009794864,
                            -21.045831584866544
                        ],
                        [
                            55.46054494123071,
                            -21.049992595062104
                        ],
                        [
                            55.46000855564099,
                            -21.053287364812387
                        ],
                        [
                            55.46511222119817,
                            -21.05413940753351
                        ],
                        [
                            55.46933032505051,
                            -21.052990059361033
                        ],
                        [
                            55.466190442947166,
                            -21.061295829640315
                        ],
                        [
                            55.468585760871136,
                            -21.062548850500733
                        ],
                        [
                            55.47175003293566,
                            -21.060966652063897
                        ],
                        [
                            55.47550054460561,
                            -21.06456395867131
                        ],
                        [
                            55.48192312233671,
                            -21.054149566206338
                        ],
                        [
                            55.486924883316625,
                            -21.056057932317533
                        ],
                        [
                            55.48940639479023,
                            -21.06082337580638
                        ],
                        [
                            55.48768180670368,
                            -21.062268880374912
                        ],
                        [
                            55.48881935359741,
                            -21.063788009674187
                        ],
                        [
                            55.49239240973278,
                            -21.065142419959795
                        ],
                        [
                            55.49302954916588,
                            -21.067372512742075
                        ],
                        [
                            55.495074640732135,
                            -21.06464319007281
                        ],
                        [
                            55.50550186993661,
                            -21.072483768418596
                        ],
                        [
                            55.508368711317345,
                            -21.083404025430717
                        ],
                        [
                            55.512267663294004,
                            -21.084583498116732
                        ],
                        [
                            55.51433483367242,
                            -21.088716004911344
                        ],
                        [
                            55.514997827077266,
                            -21.08461861783889
                        ],
                        [
                            55.5183345367535,
                            -21.084704880947797
                        ],
                        [
                            55.52208065154051,
                            -21.075986706777286
                        ],
                        [
                            55.528193323774346,
                            -21.071628031144552
                        ],
                        [
                            55.527135255887366,
                            -21.06232173135588
                        ],
                        [
                            55.53541425503232,
                            -21.05394405564846
                        ],
                        [
                            55.5368817161811,
                            -21.048406855951725
                        ],
                        [
                            55.535119741630325,
                            -21.04705491189005
                        ],
                        [
                            55.535255919610385,
                            -21.040264597933085
                        ],
                        [
                            55.53761649547971,
                            -21.040574266343107
                        ],
                        [
                            55.53920753287166,
                            -21.03671604788727
                        ],
                        [
                            55.54370859165506,
                            -21.03248050328795
                        ],
                        [
                            55.54330394576777,
                            -21.028793654055594
                        ],
                        [
                            55.545013073012576,
                            -21.03075960147612
                        ],
                        [
                            55.54640685631905,
                            -21.029708648843922
                        ],
                        [
                            55.5504769030316,
                            -21.025666506971188
                        ],
                        [
                            55.54849043441122,
                            -21.02422119254607
                        ],
                        [
                            55.553563710776956,
                            -21.018246680611227
                        ],
                        [
                            55.563007665766726,
                            -21.010572543084855
                        ],
                        [
                            55.580405481326316,
                            -21.000416254499267
                        ],
                        [
                            55.58313210198794,
                            -21.002761505958603
                        ],
                        [
                            55.584794542746835,
                            -21.00169862422247
                        ],
                        [
                            55.59170279097435,
                            -21.004209359508128
                        ],
                        [
                            55.59847729162381,
                            -21.003184951183027
                        ],
                        [
                            55.600723154354576,
                            -21.005313414762455
                        ],
                        [
                            55.605870308851664,
                            -21.006299582526328
                        ],
                        [
                            55.61157301773815,
                            -21.000474596215213
                        ],
                        [
                            55.61702780420088,
                            -20.997841419565162
                        ],
                        [
                            55.618805424340835,
                            -20.993168360690078
                        ],
                        [
                            55.622929762748555,
                            -20.993661311778315
                        ],
                        [
                            55.62378814411034,
                            -20.995987474871207
                        ],
                        [
                            55.62216787570376,
                            -20.998359988205532
                        ],
                        [
                            55.623395576233236,
                            -21.00101137382255
                        ],
                        [
                            55.61781512960136,
                            -21.006068191317915
                        ],
                        [
                            55.61773335039223,
                            -21.014213640092624
                        ],
                        [
                            55.60994141392699,
                            -21.029818906234006
                        ],
                        [
                            55.61105306815511,
                            -21.03068546344308
                        ],
                        [
                            55.62085951453903,
                            -21.01752166771793
                        ],
                        [
                            55.62353874613862,
                            -21.010741546845328
                        ],
                        [
                            55.62740408416975,
                            -21.006979160347356
                        ],
                        [
                            55.63038868220312,
                            -21.006591541092767
                        ],
                        [
                            55.633257833216405,
                            -21.003340245898745
                        ],
                        [
                            55.640226745833175,
                            -21.00460577346254
                        ],
                        [
                            55.640826736264756,
                            -21.008028481721094
                        ],
                        [
                            55.63832374677317,
                            -21.009272651744144
                        ],
                        [
                            55.640082959442594,
                            -21.008879750610717
                        ],
                        [
                            55.64159261185262,
                            -21.013373987995855
                        ],
                        [
                            55.63843848796507,
                            -21.01502127911658
                        ],
                        [
                            55.64089113351089,
                            -21.018005941840592
                        ],
                        [
                            55.63359994396763,
                            -21.026646173568025
                        ],
                        [
                            55.637111832731506,
                            -21.025599526131185
                        ],
                        [
                            55.638173289784675,
                            -21.02768542233978
                        ],
                        [
                            55.63528637328397,
                            -21.028670257438577
                        ],
                        [
                            55.63629022130904,
                            -21.029663346672148
                        ],
                        [
                            55.64078181317526,
                            -21.03136928515553
                        ],
                        [
                            55.644649745685484,
                            -21.0300181845132
                        ],
                        [
                            55.64578687760216,
                            -21.031389893118302
                        ],
                        [
                            55.64636416855533,
                            -21.0350891047373
                        ],
                        [
                            55.64284596340815,
                            -21.034710725447734
                        ],
                        [
                            55.6378180209478,
                            -21.03751233222681
                        ],
                        [
                            55.64009804858824,
                            -21.04095589907193
                        ],
                        [
                            55.652870757834336,
                            -21.03918312082939
                        ],
                        [
                            55.663700632005636,
                            -21.03417455822615
                        ],
                        [
                            55.65325747352116,
                            -21.042127752007723
                        ],
                        [
                            55.65320894781929,
                            -21.04454922215541
                        ],
                        [
                            55.649634116476854,
                            -21.047179206258217
                        ],
                        [
                            55.653060765050924,
                            -21.050688727556334
                        ],
                        [
                            55.65198373945998,
                            -21.05240860791694
                        ],
                        [
                            55.64102109138832,
                            -21.060552852642356
                        ],
                        [
                            55.64230565724633,
                            -21.062411600660557
                        ],
                        [
                            55.641226271123735,
                            -21.063848718101095
                        ],
                        [
                            55.63971322990649,
                            -21.064626328127655
                        ],
                        [
                            55.63718929799175,
                            -21.067416825742153
                        ],
                        [
                            55.635328994630676,
                            -21.069846211346697
                        ],
                        [
                            55.635279631063156,
                            -21.07095261859936
                        ],
                        [
                            55.63226857279674,
                            -21.071261997843354
                        ],
                        [
                            55.63229645101387,
                            -21.074538275471888
                        ],
                        [
                            55.62805503628634,
                            -21.074643163195308
                        ],
                        [
                            55.625402413600796,
                            -21.079977466948684
                        ],
                        [
                            55.62994614929438,
                            -21.080498234019416
                        ],
                        [
                            55.6349554329515,
                            -21.07349867781137
                        ],
                        [
                            55.63738423727847,
                            -21.072492781702397
                        ],
                        [
                            55.63689089097254,
                            -21.071023921823244
                        ],
                        [
                            55.6342472088233,
                            -21.071395637002173
                        ],
                        [
                            55.63547104247031,
                            -21.071039164048933
                        ],
                        [
                            55.63983400621527,
                            -21.06476460756955
                        ],
                        [
                            55.64059163210428,
                            -21.064678079649166
                        ],
                        [
                            55.64153786465492,
                            -21.063470802743897
                        ],
                        [
                            55.64630554283763,
                            -21.06452065191314
                        ],
                        [
                            55.64877515609091,
                            -21.059685789417973
                        ],
                        [
                            55.653788833192365,
                            -21.057646855639543
                        ],
                        [
                            55.6601074146461,
                            -21.051857768705695
                        ],
                        [
                            55.66281563278987,
                            -21.05462437486786
                        ],
                        [
                            55.658466937436934,
                            -21.059404526469397
                        ],
                        [
                            55.65986990110501,
                            -21.06098376963844
                        ],
                        [
                            55.66427557269886,
                            -21.05927686233143
                        ],
                        [
                            55.666081386809886,
                            -21.05681517313554
                        ],
                        [
                            55.6687324902014,
                            -21.05711023805667
                        ],
                        [
                            55.67062855268041,
                            -21.05455299295191
                        ],
                        [
                            55.67869036030507,
                            -21.0554287546367
                        ],
                        [
                            55.68091033328616,
                            -21.057547541866967
                        ],
                        [
                            55.673113709564845,
                            -21.0580296510288
                        ],
                        [
                            55.666405959658015,
                            -21.06829673315955
                        ],
                        [
                            55.670122319870366,
                            -21.072454401986036
                        ],
                        [
                            55.67436990916079,
                            -21.070693249064362
                        ],
                        [
                            55.67698305170091,
                            -21.07215452166264
                        ],
                        [
                            55.67243373633415,
                            -21.07504016041913
                        ],
                        [
                            55.68003730384666,
                            -21.083432216042308
                        ],
                        [
                            55.675376778004214,
                            -21.088046835346027
                        ],
                        [
                            55.67510537767781,
                            -21.091417737951744
                        ],
                        [
                            55.66837257860964,
                            -21.094209285863677
                        ],
                        [
                            55.6606508550897,
                            -21.095065405727368
                        ],
                        [
                            55.652460519842094,
                            -21.09242565682
                        ],
                        [
                            55.65360694168306,
                            -21.09677499581571
                        ],
                        [
                            55.662799604431726,
                            -21.10308460021585
                        ],
                        [
                            55.663169244875164,
                            -21.100839929040728
                        ],
                        [
                            55.66560145319038,
                            -21.102673779388752
                        ],
                        [
                            55.664771472249726,
                            -21.10564168402421
                        ],
                        [
                            55.65807410024566,
                            -21.108062497795586
                        ],
                        [
                            55.66218994445727,
                            -21.11267719098548
                        ],
                        [
                            55.67456211032944,
                            -21.107846859740423
                        ],
                        [
                            55.68006412977607,
                            -21.1024352125377
                        ],
                        [
                            55.683575755587455,
                            -21.105741677852915
                        ],
                        [
                            55.679855399945524,
                            -21.10812069336133
                        ],
                        [
                            55.67774209240961,
                            -21.11305245184657
                        ],
                        [
                            55.68072892162056,
                            -21.112840398823746
                        ],
                        [
                            55.68703237610677,
                            -21.107274773727283
                        ],
                        [
                            55.69015213716121,
                            -21.110539412463034
                        ],
                        [
                            55.68352164880567,
                            -21.11823809769895
                        ],
                        [
                            55.686933260297316,
                            -21.12079293535159
                        ],
                        [
                            55.68570335735349,
                            -21.121606193233326
                        ],
                        [
                            55.686073137161365,
                            -21.126254123276336
                        ],
                        [
                            55.69041617748243,
                            -21.124637467514006
                        ],
                        [
                            55.693660362717665,
                            -21.121175751717068
                        ],
                        [
                            55.693293459591914,
                            -21.127712374683814
                        ],
                        [
                            55.69564595508621,
                            -21.127579461438422
                        ],
                        [
                            55.69518357442675,
                            -21.123434097875396
                        ],
                        [
                            55.69857350771028,
                            -21.117244026223393
                        ],
                        [
                            55.69959535968674,
                            -21.120052706506286
                        ],
                        [
                            55.70290049690268,
                            -21.122035392593858
                        ],
                        [
                            55.700983503324565,
                            -21.12876325147196
                        ],
                        [
                            55.72309484057451,
                            -21.140340121246233
                        ],
                        [
                            55.735613321931616,
                            -21.125798482680803
                        ],
                        [
                            55.737236016191176,
                            -21.127545542706777
                        ],
                        [
                            55.73770766615365,
                            -21.13261209408993
                        ],
                        [
                            55.74033738178461,
                            -21.134229767182514
                        ],
                        [
                            55.74040805836067,
                            -21.129511535169822
                        ],
                        [
                            55.746402086666045,
                            -21.125978398195702
                        ],
                        [
                            55.748328546825974,
                            -21.129474852725966
                        ],
                        [
                            55.74466693896658,
                            -21.132145365879733
                        ],
                        [
                            55.74467263477516,
                            -21.13397314500161
                        ],
                        [
                            55.74655592022876,
                            -21.13630067483235
                        ],
                        [
                            55.752987242000515,
                            -21.135933050007655
                        ],
                        [
                            55.752425256373996,
                            -21.142919346140182
                        ],
                        [
                            55.75425908094079,
                            -21.14371545748716
                        ],
                        [
                            55.756372294416124,
                            -21.142363983378303
                        ],
                        [
                            55.75733796637884,
                            -21.137810482143326
                        ],
                        [
                            55.7604217369944,
                            -21.14189293119729
                        ],
                        [
                            55.780477322850864,
                            -21.15542638197205
                        ],
                        [
                            55.779663434348244,
                            -21.160893193691546
                        ],
                        [
                            55.78479773909046,
                            -21.15734429895591
                        ],
                        [
                            55.79202876217061,
                            -21.162855855903633
                        ],
                        [
                            55.7909386646537,
                            -21.16368334982463
                        ],
                        [
                            55.79270720555138,
                            -21.16594914613393
                        ],
                        [
                            55.799520459385015,
                            -21.164905609668775
                        ],
                        [
                            55.80366165271992,
                            -21.170362759614328
                        ],
                        [
                            55.80714306852926,
                            -21.17932821627333
                        ],
                        [
                            55.805804715931814,
                            -21.183021260632422
                        ],
                        [
                            55.807535606885196,
                            -21.183984217989146
                        ],
                        [
                            55.8045874992093,
                            -21.18431454526409
                        ],
                        [
                            55.80677904045392,
                            -21.18990662328797
                        ],
                        [
                            55.80527158608394,
                            -21.192787660653767
                        ],
                        [
                            55.79933039923537,
                            -21.1942832204085
                        ],
                        [
                            55.7977493619302,
                            -21.19751995798647
                        ],
                        [
                            55.804062256854635,
                            -21.199445096144558
                        ],
                        [
                            55.802908455405806,
                            -21.214112596066627
                        ],
                        [
                            55.79884766992642,
                            -21.215179933919035
                        ],
                        [
                            55.80608346847481,
                            -21.21747159083334
                        ],
                        [
                            55.80916081415227,
                            -21.216942345301632
                        ],
                        [
                            55.81268102235191,
                            -21.213487432625755
                        ],
                        [
                            55.8141275580391,
                            -21.214091401474562
                        ],
                        [
                            55.81333140396637,
                            -21.220576270120546
                        ],
                        [
                            55.808518372944,
                            -21.227240141627426
                        ],
                        [
                            55.808079243808656,
                            -21.23872099575042
                        ],
                        [
                            55.80572355357836,
                            -21.24239559915102
                        ],
                        [
                            55.80465702752027,
                            -21.251571932342863
                        ],
                        [
                            55.80136949778479,
                            -21.26008563525463
                        ],
                        [
                            55.804018638349405,
                            -21.27167417656043
                        ],
                        [
                            55.80307939322046,
                            -21.276980338993184
                        ],
                        [
                            55.80828679990239,
                            -21.28812895826461
                        ],
                        [
                            55.80595566455138,
                            -21.292428828007505
                        ],
                        [
                            55.803461778296025,
                            -21.290536141374666
                        ],
                        [
                            55.7973757340548,
                            -21.290626023508114
                        ],
                        [
                            55.7908354081406,
                            -21.28788555096834
                        ],
                        [
                            55.78535056803657,
                            -21.28830462740388
                        ],
                        [
                            55.78530734148735,
                            -21.293660475154102
                        ],
                        [
                            55.79030440097438,
                            -21.296344099743273
                        ],
                        [
                            55.79036039154777,
                            -21.30639184301109
                        ],
                        [
                            55.7857876043699,
                            -21.306633892904003
                        ],
                        [
                            55.78550676831044,
                            -21.31021250904797
                        ],
                        [
                            55.780211315875114,
                            -21.30920468659791
                        ],
                        [
                            55.78062468622146,
                            -21.31101579883891
                        ],
                        [
                            55.78533706184793,
                            -21.311986969922955
                        ],
                        [
                            55.78550015643198,
                            -21.315331018745315
                        ],
                        [
                            55.79041383568283,
                            -21.31667624286832
                        ],
                        [
                            55.79184285447005,
                            -21.33091188339106
                        ],
                        [
                            55.789176838410924,
                            -21.330402164427362
                        ],
                        [
                            55.78266102643584,
                            -21.33896908423053
                        ],
                        [
                            55.781485367166106,
                            -21.338323952958934
                        ],
                        [
                            55.77650977555761,
                            -21.34161321749514
                        ],
                        [
                            55.760597267122144,
                            -21.34454800097733
                        ],
                        [
                            55.761407031848826,
                            -21.346192056987686
                        ],
                        [
                            55.750349710143226,
                            -21.347049490083197
                        ],
                        [
                            55.749181783295356,
                            -21.341467915715363
                        ],
                        [
                            55.7461188341972,
                            -21.343061482404902
                        ],
                        [
                            55.746992496840235,
                            -21.347763978817717
                        ],
                        [
                            55.74421957027995,
                            -21.34930934898729
                        ],
                        [
                            55.74677448953481,
                            -21.357833000671185
                        ],
                        [
                            55.74262903203653,
                            -21.358639430120554
                        ],
                        [
                            55.739000086838416,
                            -21.356172589005563
                        ],
                        [
                            55.738621768786,
                            -21.35384168580851
                        ],
                        [
                            55.735394037334245,
                            -21.35432212130863
                        ],
                        [
                            55.73406256937367,
                            -21.340749335529047
                        ],
                        [
                            55.723665243011695,
                            -21.34114674927584
                        ],
                        [
                            55.72301355699757,
                            -21.33996218695266
                        ],
                        [
                            55.72588732847837,
                            -21.339447856552002
                        ],
                        [
                            55.72314487656638,
                            -21.33619824017427
                        ],
                        [
                            55.71815577446819,
                            -21.33859147566792
                        ],
                        [
                            55.71093886260601,
                            -21.3388782791952
                        ],
                        [
                            55.71111319255935,
                            -21.341614446524577
                        ],
                        [
                            55.709468249558185,
                            -21.339197891464583
                        ],
                        [
                            55.70753372687656,
                            -21.34001501579817
                        ],
                        [
                            55.703707832130206,
                            -21.33837838000833
                        ],
                        [
                            55.70224664725682,
                            -21.340135061774216
                        ],
                        [
                            55.703382469750714,
                            -21.334346171719197
                        ],
                        [
                            55.697952360435124,
                            -21.326649234488393
                        ],
                        [
                            55.69653890066009,
                            -21.327277225364796
                        ],
                        [
                            55.69656632545195,
                            -21.330503325273735
                        ],
                        [
                            55.69974300694603,
                            -21.334256534901296
                        ],
                        [
                            55.69810741917,
                            -21.338807538454706
                        ],
                        [
                            55.69857282272896,
                            -21.34469885657654
                        ],
                        [
                            55.69480578603852,
                            -21.345725562488884
                        ],
                        [
                            55.69624379605413,
                            -21.334062756827453
                        ],
                        [
                            55.690464759433276,
                            -21.324064299686945
                        ],
                        [
                            55.68113281277968,
                            -21.319950565225252
                        ],
                        [
                            55.68029739987629,
                            -21.310030336070287
                        ],
                        [
                            55.650136052108515,
                            -21.30997068329402
                        ],
                        [
                            55.64962397004054,
                            -21.31413587484051
                        ],
                        [
                            55.64655579549216,
                            -21.31530913785701
                        ],
                        [
                            55.64610403538424,
                            -21.318044170387594
                        ],
                        [
                            55.64824451299102,
                            -21.32271018108602
                        ],
                        [
                            55.647787511219654,
                            -21.33438149822529
                        ],
                        [
                            55.65010736940085,
                            -21.342516143821886
                        ],
                        [
                            55.64989151914271,
                            -21.345776559785122
                        ],
                        [
                            55.648153489756375,
                            -21.345786159539085
                        ],
                        [
                            55.64568337983948,
                            -21.336444319935325
                        ],
                        [
                            55.6460325763838,
                            -21.331131505349397
                        ],
                        [
                            55.64313481831452,
                            -21.32608121884145
                        ],
                        [
                            55.64468660955261,
                            -21.324499697487166
                        ],
                        [
                            55.641899317543505,
                            -21.31881911855254
                        ],
                        [
                            55.641948931863546,
                            -21.31074055901829
                        ],
                        [
                            55.64367859124594,
                            -21.310085407591327
                        ],
                        [
                            55.64363110869266,
                            -21.307760539094865
                        ],
                        [
                            55.64673557787209,
                            -21.30411443495003
                        ],
                        [
                            55.64725545959894,
                            -21.298247227174407
                        ],
                        [
                            55.65137071243308,
                            -21.291722040826016
                        ],
                        [
                            55.64967326770991,
                            -21.289605438966007
                        ],
                        [
                            55.652737719400534,
                            -21.28668362872684
                        ],
                        [
                            55.65444581949712,
                            -21.281422267455365
                        ],
                        [
                            55.650267869128946,
                            -21.28648073789405
                        ],
                        [
                            55.64548135800697,
                            -21.289178355099292
                        ],
                        [
                            55.64279100474915,
                            -21.30087506566976
                        ],
                        [
                            55.63677235522907,
                            -21.31193780044229
                        ],
                        [
                            55.63835906324431,
                            -21.321499249571573
                        ],
                        [
                            55.640524774870904,
                            -21.323110088827377
                        ],
                        [
                            55.642083961789275,
                            -21.328866228771673
                        ],
                        [
                            55.6422824301569,
                            -21.340887149659753
                        ],
                        [
                            55.64450303252071,
                            -21.345770654943976
                        ],
                        [
                            55.642029854654936,
                            -21.34578220711496
                        ],
                        [
                            55.63814300391558,
                            -21.33399558249338
                        ],
                        [
                            55.638079052756225,
                            -21.3273760167646
                        ],
                        [
                            55.63400167565235,
                            -21.3190466572125
                        ],
                        [
                            55.634560485670725,
                            -21.307165842691006
                        ],
                        [
                            55.63171900330908,
                            -21.300447098239314
                        ],
                        [
                            55.63442567842083,
                            -21.298429517841917
                        ],
                        [
                            55.63841578959348,
                            -21.300778925292985
                        ],
                        [
                            55.640876608505394,
                            -21.298423203668523
                        ],
                        [
                            55.64092750744614,
                            -21.28935339753293
                        ],
                        [
                            55.64495196605071,
                            -21.28022951266103
                        ],
                        [
                            55.63929567543501,
                            -21.27811226122976
                        ],
                        [
                            55.639490951487545,
                            -21.27519702346767
                        ],
                        [
                            55.63014011207201,
                            -21.275138127006635
                        ],
                        [
                            55.62613042611546,
                            -21.279022092129967
                        ],
                        [
                            55.625792017396975,
                            -21.28544624855275
                        ],
                        [
                            55.62005918431153,
                            -21.291698981443087
                        ],
                        [
                            55.625019534095834,
                            -21.29627416189328
                        ],
                        [
                            55.62672643871982,
                            -21.302952854627097
                        ],
                        [
                            55.63203190690841,
                            -21.30698477697659
                        ],
                        [
                            55.63292180273067,
                            -21.30968803316677
                        ],
                        [
                            55.62993878557473,
                            -21.320372768257336
                        ],
                        [
                            55.630994297801266,
                            -21.330511591092595
                        ],
                        [
                            55.62650922028908,
                            -21.336294118078083
                        ],
                        [
                            55.628723168307026,
                            -21.34579010016272
                        ],
                        [
                            55.62620492967785,
                            -21.3457854235476
                        ],
                        [
                            55.624755622530884,
                            -21.334656661458975
                        ],
                        [
                            55.627644263873144,
                            -21.332726175584984
                        ],
                        [
                            55.62586667475814,
                            -21.321252814472963
                        ],
                        [
                            55.628287115822815,
                            -21.31070395928019
                        ],
                        [
                            55.62541437198432,
                            -21.306510422922
                        ],
                        [
                            55.62379593532385,
                            -21.309368725274457
                        ],
                        [
                            55.6207836862181,
                            -21.30662925295034
                        ],
                        [
                            55.622074942378504,
                            -21.30350624226165
                        ],
                        [
                            55.62052460864949,
                            -21.29800313627719
                        ],
                        [
                            55.61394941312542,
                            -21.293525196735438
                        ],
                        [
                            55.616245436069406,
                            -21.29008041769643
                        ],
                        [
                            55.615567518365935,
                            -21.28840583568246
                        ],
                        [
                            55.62147215160822,
                            -21.283921236160896
                        ],
                        [
                            55.62176846273357,
                            -21.280173170841334
                        ],
                        [
                            55.619904011338456,
                            -21.278900180444698
                        ],
                        [
                            55.62144589527888,
                            -21.277937200251937
                        ],
                        [
                            55.621877018560866,
                            -21.277024288686178
                        ],
                        [
                            55.61931353860899,
                            -21.278699406045348
                        ],
                        [
                            55.61809223484552,
                            -21.282979983284207
                        ],
                        [
                            55.6153563116828,
                            -21.282664103338494
                        ],
                        [
                            55.61251407751997,
                            -21.27240127217265
                        ],
                        [
                            55.617278544567064,
                            -21.27341361683274
                        ],
                        [
                            55.618051261751255,
                            -21.271640737864963
                        ],
                        [
                            55.614195956619845,
                            -21.26952488069155
                        ],
                        [
                            55.61701562489653,
                            -21.266782201477437
                        ],
                        [
                            55.62101397711852,
                            -21.26607811680816
                        ],
                        [
                            55.62103260134944,
                            -21.26434755544303
                        ],
                        [
                            55.617011410130694,
                            -21.263282080571003
                        ],
                        [
                            55.61257247209771,
                            -21.254311732458355
                        ],
                        [
                            55.613988608471374,
                            -21.253417149921685
                        ],
                        [
                            55.61491385960047,
                            -21.254748873221544
                        ],
                        [
                            55.61731292062031,
                            -21.248801628744634
                        ],
                        [
                            55.61622551332659,
                            -21.243011221884572
                        ],
                        [
                            55.61384665878269,
                            -21.24354977065526
                        ],
                        [
                            55.614397877852554,
                            -21.248912476563813
                        ],
                        [
                            55.60955148986845,
                            -21.25256697102216
                        ],
                        [
                            55.60801731366146,
                            -21.256853665672576
                        ],
                        [
                            55.608600654173266,
                            -21.263720609762814
                        ],
                        [
                            55.61289808299345,
                            -21.26508385931907
                        ],
                        [
                            55.61000112067528,
                            -21.269731785265513
                        ],
                        [
                            55.611728525101135,
                            -21.288515684609504
                        ],
                        [
                            55.60962798060848,
                            -21.292033919175225
                        ],
                        [
                            55.61444985677333,
                            -21.29858520650758
                        ],
                        [
                            55.617082626184356,
                            -21.29868635607306
                        ],
                        [
                            55.61815707172925,
                            -21.302741594567905
                        ],
                        [
                            55.61672063140427,
                            -21.304056071503346
                        ],
                        [
                            55.61812653076492,
                            -21.303976748485127
                        ],
                        [
                            55.618479073559335,
                            -21.30571640070366
                        ],
                        [
                            55.61790647031796,
                            -21.308612584912666
                        ],
                        [
                            55.615551020961036,
                            -21.306766308357297
                        ],
                        [
                            55.615648045580784,
                            -21.30812924812832
                        ],
                        [
                            55.62050515414998,
                            -21.313477069893434
                        ],
                        [
                            55.620410978922564,
                            -21.31578757620679
                        ],
                        [
                            55.62226464741636,
                            -21.31597079284764
                        ],
                        [
                            55.61882880447167,
                            -21.33706151355801
                        ],
                        [
                            55.61924325440373,
                            -21.34033146745289
                        ],
                        [
                            55.62144884618047,
                            -21.341177303854774
                        ],
                        [
                            55.6204384293675,
                            -21.344087232384215
                        ],
                        [
                            55.622384466430155,
                            -21.34584636674316
                        ],
                        [
                            55.61927063983467,
                            -21.34579921236085
                        ],
                        [
                            55.616430327765165,
                            -21.34075195497491
                        ],
                        [
                            55.617786380873355,
                            -21.32312143938413
                        ],
                        [
                            55.61209793939197,
                            -21.309786884984426
                        ],
                        [
                            55.608689739171666,
                            -21.30983930752999
                        ],
                        [
                            55.60861240339997,
                            -21.312707115549628
                        ],
                        [
                            55.608006559641545,
                            -21.311833908333888
                        ],
                        [
                            55.608855480381706,
                            -21.30836200994482
                        ],
                        [
                            55.606114407228446,
                            -21.307360286642194
                        ],
                        [
                            55.606143812414096,
                            -21.314224510885172
                        ],
                        [
                            55.60279248864321,
                            -21.3098950334603
                        ],
                        [
                            55.596076442192846,
                            -21.30990930422911
                        ],
                        [
                            55.59965489295134,
                            -21.304699082635995
                        ],
                        [
                            55.598766834721346,
                            -21.296339114565882
                        ],
                        [
                            55.592833714081685,
                            -21.300058670493772
                        ],
                        [
                            55.58761502578314,
                            -21.300181885357823
                        ],
                        [
                            55.58831480854065,
                            -21.298166105545697
                        ],
                        [
                            55.592213879574366,
                            -21.295933213674132
                        ],
                        [
                            55.59389164068535,
                            -21.29019662820142
                        ],
                        [
                            55.60251009324307,
                            -21.288161373012343
                        ],
                        [
                            55.603499045140914,
                            -21.285864623494597
                        ],
                        [
                            55.60233700306394,
                            -21.284329428640877
                        ],
                        [
                            55.59843567923751,
                            -21.28690935072422
                        ],
                        [
                            55.587425791280175,
                            -21.288724627529486
                        ],
                        [
                            55.589568159072144,
                            -21.287448568222313
                        ],
                        [
                            55.58874338704049,
                            -21.28562207668046
                        ],
                        [
                            55.59580895317158,
                            -21.28323239607858
                        ],
                        [
                            55.59368035083137,
                            -21.28178510727118
                        ],
                        [
                            55.58945071390794,
                            -21.282511961828476
                        ],
                        [
                            55.588895880652615,
                            -21.281316632435093
                        ],
                        [
                            55.59523909738814,
                            -21.276183356760857
                        ],
                        [
                            55.59334588793756,
                            -21.27428609279815
                        ],
                        [
                            55.587791096286075,
                            -21.27759928472002
                        ],
                        [
                            55.58677895148677,
                            -21.276044291175683
                        ],
                        [
                            55.58792514302919,
                            -21.27423775554344
                        ],
                        [
                            55.59114614653945,
                            -21.27384811003312
                        ],
                        [
                            55.59117701928749,
                            -21.271232676608783
                        ],
                        [
                            55.58848359070125,
                            -21.264884451104987
                        ],
                        [
                            55.590068875813856,
                            -21.263830615404135
                        ],
                        [
                            55.58856489289915,
                            -21.25852864497703
                        ],
                        [
                            55.58384922016241,
                            -21.25485588372408
                        ],
                        [
                            55.59009803924682,
                            -21.252628519947724
                        ],
                        [
                            55.59813158506792,
                            -21.26337937001275
                        ],
                        [
                            55.601902463737254,
                            -21.2622387579103
                        ],
                        [
                            55.600198381579254,
                            -21.258385832261965
                        ],
                        [
                            55.60100177670695,
                            -21.246885783014548
                        ],
                        [
                            55.60486302480292,
                            -21.241644980015444
                        ],
                        [
                            55.605014174750835,
                            -21.22947100175372
                        ],
                        [
                            55.607579716322526,
                            -21.22291947280893
                        ],
                        [
                            55.61362157675258,
                            -21.214541906670046
                        ],
                        [
                            55.6150905660523,
                            -21.209807783115536
                        ],
                        [
                            55.63459964823753,
                            -21.195071464955472
                        ],
                        [
                            55.63153513487151,
                            -21.193463726137328
                        ],
                        [
                            55.623889544871886,
                            -21.193524033148144
                        ],
                        [
                            55.626625798301035,
                            -21.190086189748826
                        ],
                        [
                            55.62513714468015,
                            -21.18860785500735
                        ],
                        [
                            55.61487136329191,
                            -21.191609681097148
                        ],
                        [
                            55.61101759544868,
                            -21.1902505777465
                        ],
                        [
                            55.60441684113988,
                            -21.19228770715585
                        ],
                        [
                            55.6043782851146,
                            -21.193459840179514
                        ],
                        [
                            55.59909091964476,
                            -21.191988439196436
                        ],
                        [
                            55.59805211537141,
                            -21.188135645173002
                        ],
                        [
                            55.59972333229009,
                            -21.18627713950243
                        ],
                        [
                            55.596710981878815,
                            -21.183286838382017
                        ],
                        [
                            55.59640323914654,
                            -21.180012823394833
                        ],
                        [
                            55.60002917731944,
                            -21.177035925713323
                        ],
                        [
                            55.59982615080436,
                            -21.175132973359993
                        ],
                        [
                            55.5902727534053,
                            -21.175958467722435
                        ],
                        [
                            55.58934970212768,
                            -21.17262773284326
                        ],
                        [
                            55.58756382542588,
                            -21.17242655567005
                        ],
                        [
                            55.5861625218604,
                            -21.169563539641704
                        ],
                        [
                            55.58830735997943,
                            -21.165508147007518
                        ],
                        [
                            55.58632684031679,
                            -21.162655043291526
                        ],
                        [
                            55.58044023006923,
                            -21.1662652417098
                        ],
                        [
                            55.57283515317043,
                            -21.159159038626893
                        ],
                        [
                            55.57180750912423,
                            -21.15268661252615
                        ],
                        [
                            55.57874765264836,
                            -21.14835697018171
                        ],
                        [
                            55.57816073717793,
                            -21.144937949576786
                        ],
                        [
                            55.574529876526434,
                            -21.144265949751844
                        ],
                        [
                            55.560273442434905,
                            -21.148012662146968
                        ],
                        [
                            55.55548567783356,
                            -21.15200561998564
                        ],
                        [
                            55.55848669938345,
                            -21.16049040376408
                        ],
                        [
                            55.55428744945346,
                            -21.162481198359
                        ],
                        [
                            55.55231118470401,
                            -21.16677427740804
                        ],
                        [
                            55.5452820040095,
                            -21.17105329102391
                        ],
                        [
                            55.54344561878309,
                            -21.17437871744665
                        ],
                        [
                            55.54361986020161,
                            -21.178252066825728
                        ],
                        [
                            55.54758681553959,
                            -21.178737046975392
                        ],
                        [
                            55.548789641754375,
                            -21.18112665798506
                        ],
                        [
                            55.54663618424452,
                            -21.18438669933494
                        ],
                        [
                            55.541876264712016,
                            -21.18213905272888
                        ],
                        [
                            55.53559514318641,
                            -21.18189658942849
                        ],
                        [
                            55.53891484881437,
                            -21.180939064835584
                        ],
                        [
                            55.53749284285757,
                            -21.17910222830154
                        ],
                        [
                            55.53914674480234,
                            -21.176725782390903
                        ],
                        [
                            55.538325064551636,
                            -21.173801294067154
                        ],
                        [
                            55.54122420408546,
                            -21.170484918865014
                        ],
                        [
                            55.54239774177262,
                            -21.165987515066195
                        ],
                        [
                            55.53751348408318,
                            -21.171586363247684
                        ],
                        [
                            55.534822457086015,
                            -21.16908506138072
                        ],
                        [
                            55.53522872437089,
                            -21.166360080711282
                        ],
                        [
                            55.53826121254047,
                            -21.16515535103563
                        ],
                        [
                            55.540220204763145,
                            -21.16079572992357
                        ],
                        [
                            55.53802085460763,
                            -21.15927142972276
                        ],
                        [
                            55.533502020456375,
                            -21.167814469055457
                        ],
                        [
                            55.53215985193566,
                            -21.16786081897454
                        ],
                        [
                            55.535666008751605,
                            -21.17552143593349
                        ],
                        [
                            55.534835091253846,
                            -21.17999482536411
                        ],
                        [
                            55.53109200153856,
                            -21.1818680851527
                        ],
                        [
                            55.53196647038118,
                            -21.183454061625334
                        ],
                        [
                            55.52980644815458,
                            -21.1839747920629
                        ],
                        [
                            55.53008726120855,
                            -21.18627127666718
                        ],
                        [
                            55.52753731888649,
                            -21.183334133356194
                        ],
                        [
                            55.52060117178393,
                            -21.189979921776093
                        ],
                        [
                            55.52169253605171,
                            -21.19301252661796
                        ],
                        [
                            55.52021541704193,
                            -21.193810506570042
                        ],
                        [
                            55.51971820398883,
                            -21.19857739560864
                        ],
                        [
                            55.51666834437893,
                            -21.203589351604858
                        ],
                        [
                            55.50776037278043,
                            -21.208809454948092
                        ],
                        [
                            55.505296488517004,
                            -21.213062866759408
                        ],
                        [
                            55.505975736357094,
                            -21.21593364828976
                        ],
                        [
                            55.50238920909893,
                            -21.22014282913386
                        ],
                        [
                            55.503531197446534,
                            -21.222320185118797
                        ],
                        [
                            55.49946286654291,
                            -21.2240680109216
                        ],
                        [
                            55.49839021377879,
                            -21.227285726582338
                        ],
                        [
                            55.49593555818053,
                            -21.227966368079557
                        ],
                        [
                            55.495044997736876,
                            -21.23151493507829
                        ],
                        [
                            55.492472954377774,
                            -21.232333403054017
                        ],
                        [
                            55.49252716527586,
                            -21.23511336530714
                        ],
                        [
                            55.48461821158574,
                            -21.23560941523722
                        ],
                        [
                            55.486208463569774,
                            -21.245747124265733
                        ],
                        [
                            55.47966850972437,
                            -21.2524028001447
                        ],
                        [
                            55.47180736130425,
                            -21.256066680728356
                        ],
                        [
                            55.47098282190785,
                            -21.254572192251327
                        ],
                        [
                            55.478023129805905,
                            -21.25148167050833
                        ],
                        [
                            55.484688366579405,
                            -21.244034626291814
                        ],
                        [
                            55.48298405244259,
                            -21.24045143270106
                        ],
                        [
                            55.48327192443686,
                            -21.23573524991081
                        ],
                        [
                            55.48488202947171,
                            -21.234268479869318
                        ],
                        [
                            55.48866478924752,
                            -21.234719650051186
                        ],
                        [
                            55.49642092689103,
                            -21.225533383946438
                        ],
                        [
                            55.49431913776456,
                            -21.220001114105088
                        ],
                        [
                            55.49379986201168,
                            -21.21133581658336
                        ],
                        [
                            55.49546152254414,
                            -21.21155026368221
                        ],
                        [
                            55.49641580598926,
                            -21.214391638321153
                        ],
                        [
                            55.49754021177417,
                            -21.21379173334572
                        ],
                        [
                            55.49687539297137,
                            -21.223391168234393
                        ],
                        [
                            55.500800233618776,
                            -21.22160066878527
                        ],
                        [
                            55.50238981075626,
                            -21.215204787224643
                        ],
                        [
                            55.49825314184627,
                            -21.20392758696128
                        ],
                        [
                            55.49696703466986,
                            -21.19559311525519
                        ],
                        [
                            55.497956476817365,
                            -21.19268376156724
                        ],
                        [
                            55.49963175711973,
                            -21.19116698716461
                        ],
                        [
                            55.50125945005463,
                            -21.193324546223426
                        ],
                        [
                            55.50248712245118,
                            -21.205643268405723
                        ],
                        [
                            55.5048559757451,
                            -21.202786478569593
                        ],
                        [
                            55.50100311819707,
                            -21.190701034266798
                        ],
                        [
                            55.50272571060539,
                            -21.187647112747264
                        ],
                        [
                            55.5052833250552,
                            -21.190813926171572
                        ],
                        [
                            55.50637778662248,
                            -21.199677634628124
                        ],
                        [
                            55.51029388219721,
                            -21.196984291188894
                        ],
                        [
                            55.50275217099737,
                            -21.180075302336437
                        ],
                        [
                            55.50426182224724,
                            -21.17960891557768
                        ],
                        [
                            55.50618604006535,
                            -21.183029448804184
                        ],
                        [
                            55.50798661349862,
                            -21.183365759391254
                        ],
                        [
                            55.50762572995877,
                            -21.186944135615125
                        ],
                        [
                            55.51179504215671,
                            -21.19182241618197
                        ],
                        [
                            55.51342513350001,
                            -21.18900242354197
                        ],
                        [
                            55.515417294939994,
                            -21.189308186296806
                        ],
                        [
                            55.51545553915552,
                            -21.18708951851482
                        ],
                        [
                            55.51153596980529,
                            -21.183846093544634
                        ],
                        [
                            55.50963829084382,
                            -21.17942650780183
                        ],
                        [
                            55.515255516796955,
                            -21.185727181649412
                        ],
                        [
                            55.5187054734752,
                            -21.183161943923494
                        ],
                        [
                            55.511797015803054,
                            -21.179666297261598
                        ],
                        [
                            55.51086530655708,
                            -21.176780208690367
                        ],
                        [
                            55.4973274200801,
                            -21.17213716229458
                        ],
                        [
                            55.49469114419509,
                            -21.179350073177744
                        ],
                        [
                            55.479902411976376,
                            -21.189024055446858
                        ],
                        [
                            55.485627156656925,
                            -21.19211635854492
                        ],
                        [
                            55.489855088598496,
                            -21.191051979576134
                        ],
                        [
                            55.4906056952287,
                            -21.19221835743868
                        ],
                        [
                            55.49114327260468,
                            -21.20158678993223
                        ],
                        [
                            55.488739838647234,
                            -21.20584057576463
                        ],
                        [
                            55.4890044602894,
                            -21.212636008487415
                        ],
                        [
                            55.49142054791398,
                            -21.212921832725165
                        ],
                        [
                            55.49139248227583,
                            -21.21157899302838
                        ],
                        [
                            55.493561356583704,
                            -21.21419212326149
                        ],
                        [
                            55.49336445023339,
                            -21.22136634755534
                        ],
                        [
                            55.48921974299414,
                            -21.22334096366189
                        ],
                        [
                            55.48876307644775,
                            -21.22034448734918
                        ],
                        [
                            55.48578213913252,
                            -21.21761444296515
                        ],
                        [
                            55.48091598531098,
                            -21.227803542701345
                        ],
                        [
                            55.47676230249168,
                            -21.228283689086698
                        ],
                        [
                            55.47447756265085,
                            -21.22457359746331
                        ],
                        [
                            55.477161917419274,
                            -21.216438927537165
                        ],
                        [
                            55.47688785592067,
                            -21.209809629389575
                        ],
                        [
                            55.475537550026374,
                            -21.210865510940604
                        ],
                        [
                            55.4761519762228,
                            -21.216840004045462
                        ],
                        [
                            55.47238161456821,
                            -21.222224387638605
                        ],
                        [
                            55.47210142634171,
                            -21.217624762898982
                        ],
                        [
                            55.46900449832197,
                            -21.218545801430402
                        ],
                        [
                            55.4678310139974,
                            -21.22142210471937
                        ],
                        [
                            55.465775790171776,
                            -21.22029201308353
                        ],
                        [
                            55.4654313526059,
                            -21.224980714322097
                        ],
                        [
                            55.4607380632288,
                            -21.221545940307458
                        ],
                        [
                            55.46108672982853,
                            -21.22668473998401
                        ],
                        [
                            55.4632651864103,
                            -21.224876543294545
                        ],
                        [
                            55.46497113864205,
                            -21.227206053436845
                        ],
                        [
                            55.46442942304269,
                            -21.233365419639213
                        ],
                        [
                            55.46149349095247,
                            -21.23292206833348
                        ],
                        [
                            55.45929263735325,
                            -21.235209275484443
                        ],
                        [
                            55.45934029886405,
                            -21.242119028688457
                        ],
                        [
                            55.462264045381524,
                            -21.246344239859546
                        ],
                        [
                            55.46164099048733,
                            -21.2492805938299
                        ],
                        [
                            55.45639403733446,
                            -21.242986077346583
                        ],
                        [
                            55.45820655420009,
                            -21.23791267409435
                        ],
                        [
                            55.45590258438554,
                            -21.238931833001892
                        ],
                        [
                            55.45814602342529,
                            -21.23590463421371
                        ],
                        [
                            55.459081273412735,
                            -21.229746278954046
                        ],
                        [
                            55.457061264273754,
                            -21.22596802385226
                        ],
                        [
                            55.4576126674648,
                            -21.220727162509487
                        ],
                        [
                            55.456120297872786,
                            -21.217979596587604
                        ],
                        [
                            55.45725016010048,
                            -21.21130118158412
                        ],
                        [
                            55.45541800938587,
                            -21.209389400503508
                        ],
                        [
                            55.45352987910048,
                            -21.21046140483134
                        ],
                        [
                            55.45396698854534,
                            -21.207985312575488
                        ],
                        [
                            55.45114635796903,
                            -21.20513729152908
                        ],
                        [
                            55.45161441697609,
                            -21.201671383992
                        ],
                        [
                            55.45007739634668,
                            -21.201282327441778
                        ],
                        [
                            55.45022856626645,
                            -21.1990812938362
                        ],
                        [
                            55.448138318583595,
                            -21.198626442918872
                        ],
                        [
                            55.45450989183374,
                            -21.191829808648563
                        ],
                        [
                            55.456595398339836,
                            -21.192827146380456
                        ],
                        [
                            55.46838679040316,
                            -21.18929223426776
                        ],
                        [
                            55.46263593747672,
                            -21.18253262394323
                        ],
                        [
                            55.4635596238899,
                            -21.180728092043992
                        ],
                        [
                            55.46725239325123,
                            -21.179379289268905
                        ],
                        [
                            55.47274433473311,
                            -21.183610493873736
                        ],
                        [
                            55.47975735905943,
                            -21.18289298933363
                        ],
                        [
                            55.48647195764562,
                            -21.178523050655492
                        ],
                        [
                            55.48692465668935,
                            -21.17653087489093
                        ],
                        [
                            55.489885326393896,
                            -21.176658698004932
                        ],
                        [
                            55.49067823884409,
                            -21.17422873070829
                        ],
                        [
                            55.48896667596343,
                            -21.169857217554462
                        ],
                        [
                            55.48622964386345,
                            -21.168425197809604
                        ],
                        [
                            55.49006326843301,
                            -21.16084290814571
                        ],
                        [
                            55.48660763026354,
                            -21.160215118975877
                        ],
                        [
                            55.4847600144718,
                            -21.158128819524894
                        ],
                        [
                            55.489298141355626,
                            -21.15602592887568
                        ],
                        [
                            55.48948139806345,
                            -21.14532572089887
                        ],
                        [
                            55.500184987266174,
                            -21.1392932358129
                        ],
                        [
                            55.501479468294356,
                            -21.134435441608627
                        ],
                        [
                            55.498387493851276,
                            -21.132895352516485
                        ],
                        [
                            55.4964429204197,
                            -21.125104403401636
                        ],
                        [
                            55.493374743637126,
                            -21.127074470486654
                        ],
                        [
                            55.48709292153736,
                            -21.123598340606794
                        ],
                        [
                            55.47258304156191,
                            -21.120961443769364
                        ],
                        [
                            55.46758208229889,
                            -21.124626814465174
                        ],
                        [
                            55.47073881074404,
                            -21.129640446925226
                        ],
                        [
                            55.46766256912302,
                            -21.12959195671237
                        ],
                        [
                            55.46166669681166,
                            -21.1276893433172
                        ],
                        [
                            55.46291784814999,
                            -21.12487370568247
                        ],
                        [
                            55.461170416334426,
                            -21.125662779036798
                        ],
                        [
                            55.45645436167228,
                            -21.123983529353335
                        ],
                        [
                            55.45915663315833,
                            -21.12033329115456
                        ],
                        [
                            55.45447058665966,
                            -21.120626368216843
                        ],
                        [
                            55.45693649109508,
                            -21.114472927386615
                        ],
                        [
                            55.44698929491507,
                            -21.11888530706352
                        ],
                        [
                            55.4477432818886,
                            -21.121900944357062
                        ],
                        [
                            55.44514554540804,
                            -21.122126073311698
                        ],
                        [
                            55.44741424426196,
                            -21.123730192241613
                        ],
                        [
                            55.4446457634839,
                            -21.122554077790127
                        ],
                        [
                            55.446723640069216,
                            -21.124269999148034
                        ],
                        [
                            55.44742585078535,
                            -21.128524043956727
                        ],
                        [
                            55.44510126961849,
                            -21.13187465950578
                        ],
                        [
                            55.44163163692493,
                            -21.132801351090247
                        ],
                        [
                            55.44150892496746,
                            -21.139886801610054
                        ],
                        [
                            55.43162043916471,
                            -21.14083156559647
                        ],
                        [
                            55.42709233164595,
                            -21.1397275492809
                        ],
                        [
                            55.423044480396314,
                            -21.144215942477842
                        ],
                        [
                            55.42230506818334,
                            -21.148710347869546
                        ],
                        [
                            55.418646110686524,
                            -21.152048099517014
                        ],
                        [
                            55.42251294931664,
                            -21.156018937855823
                        ],
                        [
                            55.42111630118219,
                            -21.157418660151947
                        ],
                        [
                            55.42124118346031,
                            -21.161360168404023
                        ],
                        [
                            55.42424664822741,
                            -21.162301150497438
                        ],
                        [
                            55.42392826586257,
                            -21.16490409430114
                        ],
                        [
                            55.4299580910411,
                            -21.162971391022996
                        ],
                        [
                            55.43122143937033,
                            -21.16492465582488
                        ],
                        [
                            55.43049088398492,
                            -21.167228416118782
                        ],
                        [
                            55.432085287556085,
                            -21.168292744134583
                        ],
                        [
                            55.44073434875184,
                            -21.166019078465236
                        ],
                        [
                            55.44219055873637,
                            -21.172727925378307
                        ],
                        [
                            55.444784488921115,
                            -21.172565182292526
                        ],
                        [
                            55.44586983754709,
                            -21.174335239862536
                        ],
                        [
                            55.445951088436146,
                            -21.17572083432329
                        ],
                        [
                            55.43835700400206,
                            -21.176311168801703
                        ],
                        [
                            55.43717074918394,
                            -21.180054575550212
                        ],
                        [
                            55.443013378292505,
                            -21.182507018015887
                        ],
                        [
                            55.44461193064348,
                            -21.18581335246214
                        ],
                        [
                            55.44939770507843,
                            -21.187736192027327
                        ],
                        [
                            55.449600325595135,
                            -21.191108710164887
                        ],
                        [
                            55.445356809394816,
                            -21.192278059882977
                        ],
                        [
                            55.44769274495967,
                            -21.193518176388164
                        ],
                        [
                            55.44449374654629,
                            -21.19440930355947
                        ],
                        [
                            55.44761355162331,
                            -21.19422075627283
                        ],
                        [
                            55.446173581294914,
                            -21.19596226360949
                        ],
                        [
                            55.44648132354504,
                            -21.201838600390992
                        ],
                        [
                            55.44951583535653,
                            -21.20240774040287
                        ],
                        [
                            55.44740560399185,
                            -21.203178558731487
                        ],
                        [
                            55.44780943026794,
                            -21.204456370612984
                        ],
                        [
                            55.45072559489926,
                            -21.20692963884575
                        ],
                        [
                            55.45247182256591,
                            -21.211299997152114
                        ],
                        [
                            55.45400417375318,
                            -21.21141719208939
                        ],
                        [
                            55.452012526921465,
                            -21.212204865046143
                        ],
                        [
                            55.45021909505322,
                            -21.209025879401597
                        ],
                        [
                            55.44941648314604,
                            -21.2138130277248
                        ],
                        [
                            55.45246971590005,
                            -21.215364544387757
                        ],
                        [
                            55.44969223604686,
                            -21.217100577308972
                        ],
                        [
                            55.453270704143186,
                            -21.22020036936393
                        ],
                        [
                            55.451762415084694,
                            -21.224379008634696
                        ],
                        [
                            55.45595230671478,
                            -21.234175892644366
                        ],
                        [
                            55.45483577988066,
                            -21.23846427275587
                        ],
                        [
                            55.450426771622375,
                            -21.244386013641797
                        ],
                        [
                            55.45163935562606,
                            -21.230058615208648
                        ],
                        [
                            55.44951017277722,
                            -21.227268475855368
                        ],
                        [
                            55.44870951456559,
                            -21.220466531781387
                        ],
                        [
                            55.44394792606789,
                            -21.214293035651863
                        ],
                        [
                            55.442652443891454,
                            -21.225374075500362
                        ],
                        [
                            55.4388238564236,
                            -21.224201815162225
                        ],
                        [
                            55.43566903782826,
                            -21.23269252493753
                        ],
                        [
                            55.43405362910031,
                            -21.232557851741024
                        ],
                        [
                            55.432636737923,
                            -21.23566356928693
                        ],
                        [
                            55.43135363036808,
                            -21.234569321690305
                        ],
                        [
                            55.429079010034826,
                            -21.23619078266668
                        ],
                        [
                            55.43022167184477,
                            -21.232012873879665
                        ],
                        [
                            55.4292385823295,
                            -21.229375877590833
                        ],
                        [
                            55.42277042031685,
                            -21.228890449096465
                        ],
                        [
                            55.42260056708012,
                            -21.225901332111203
                        ],
                        [
                            55.414757729842684,
                            -21.225679876779996
                        ],
                        [
                            55.41397541539831,
                            -21.23120757525485
                        ],
                        [
                            55.41046795082835,
                            -21.221377292079833
                        ],
                        [
                            55.40797165554541,
                            -21.218932062846015
                        ],
                        [
                            55.407315133736695,
                            -21.214956394678207
                        ],
                        [
                            55.409347960207086,
                            -21.213108384672374
                        ],
                        [
                            55.42014029619905,
                            -21.211584531477342
                        ],
                        [
                            55.420948612100965,
                            -21.21317654953605
                        ],
                        [
                            55.412934657645835,
                            -21.215004080845056
                        ],
                        [
                            55.41345612558309,
                            -21.21647934908576
                        ],
                        [
                            55.41590060042851,
                            -21.216429321287993
                        ],
                        [
                            55.43859196854724,
                            -21.20495276065428
                        ],
                        [
                            55.438490446293855,
                            -21.19257235524521
                        ],
                        [
                            55.43750861259342,
                            -21.189922586611655
                        ],
                        [
                            55.43204612900019,
                            -21.19013764546051
                        ],
                        [
                            55.4338167398465,
                            -21.185557561360536
                        ],
                        [
                            55.430263540810785,
                            -21.18157160907432
                        ],
                        [
                            55.42744304697173,
                            -21.18133167228951
                        ],
                        [
                            55.42714797441843,
                            -21.184707329773623
                        ],
                        [
                            55.43074584084007,
                            -21.19037768355706
                        ],
                        [
                            55.429316549586886,
                            -21.19350045248981
                        ],
                        [
                            55.429555582446774,
                            -21.190987548278173
                        ],
                        [
                            55.42539213329113,
                            -21.191406226572834
                        ],
                        [
                            55.425220939361374,
                            -21.184492015772193
                        ],
                        [
                            55.42102691662731,
                            -21.18420601558931
                        ],
                        [
                            55.41925622530285,
                            -21.186498542231156
                        ],
                        [
                            55.417519180907824,
                            -21.182938141124456
                        ],
                        [
                            55.41644738712656,
                            -21.183223478115526
                        ],
                        [
                            55.41736184331124,
                            -21.185739573240838
                        ],
                        [
                            55.40850246962601,
                            -21.181558527726327
                        ],
                        [
                            55.4082318705616,
                            -21.18608939109712
                        ],
                        [
                            55.41121471568398,
                            -21.185335665322015
                        ],
                        [
                            55.41151446452143,
                            -21.18727088436447
                        ],
                        [
                            55.415015954487096,
                            -21.188080589286407
                        ],
                        [
                            55.41501445600285,
                            -21.191345959770157
                        ],
                        [
                            55.41378281863828,
                            -21.19344402826803
                        ],
                        [
                            55.41281177438686,
                            -21.19162932910972
                        ],
                        [
                            55.40980600323578,
                            -21.19484693296313
                        ],
                        [
                            55.405510716488635,
                            -21.192199208660977
                        ],
                        [
                            55.4040111931502,
                            -21.196546645462544
                        ],
                        [
                            55.40189708791083,
                            -21.195714698047706
                        ],
                        [
                            55.404179220181376,
                            -21.200657809910197
                        ],
                        [
                            55.40307528974195,
                            -21.201938257246013
                        ],
                        [
                            55.39799633856869,
                            -21.201213872141718
                        ],
                        [
                            55.39811811613828,
                            -21.204774675916575
                        ],
                        [
                            55.39595561402577,
                            -21.204679809579385
                        ],
                        [
                            55.39769413611016,
                            -21.20943094723567
                        ],
                        [
                            55.396755330920286,
                            -21.21209845284268
                        ],
                        [
                            55.39887305495515,
                            -21.216042126989162
                        ],
                        [
                            55.398450882256554,
                            -21.218983625954625
                        ],
                        [
                            55.397080296923924,
                            -21.21867668833504
                        ],
                        [
                            55.39635656379724,
                            -21.22075232230197
                        ],
                        [
                            55.401260861864884,
                            -21.22952859623465
                        ],
                        [
                            55.39806119251106,
                            -21.230334049410924
                        ],
                        [
                            55.399023517956294,
                            -21.23293270208438
                        ],
                        [
                            55.39576591542933,
                            -21.23432098350611
                        ],
                        [
                            55.39569742103471,
                            -21.2363951588194
                        ],
                        [
                            55.39207749617736,
                            -21.23630504780335
                        ],
                        [
                            55.38876402172052,
                            -21.230303505506278
                        ],
                        [
                            55.38765733496153,
                            -21.23056319247883
                        ],
                        [
                            55.38800365825818,
                            -21.228413561286413
                        ],
                        [
                            55.382780097984714,
                            -21.228427059262103
                        ],
                        [
                            55.38544650141693,
                            -21.219544773645964
                        ],
                        [
                            55.3756943952242,
                            -21.225700666990537
                        ],
                        [
                            55.37355930389482,
                            -21.23016248885932
                        ],
                        [
                            55.3721142573584,
                            -21.229333441435752
                        ],
                        [
                            55.37065933878113,
                            -21.223203631137867
                        ],
                        [
                            55.369821372290346,
                            -21.224821061942666
                        ],
                        [
                            55.36317604752166,
                            -21.224462629556797
                        ],
                        [
                            55.36477560040837,
                            -21.216892493030514
                        ],
                        [
                            55.37051084411839,
                            -21.212995516448245
                        ],
                        [
                            55.37420247656693,
                            -21.205215553433597
                        ],
                        [
                            55.3689359626036,
                            -21.20938456907375
                        ],
                        [
                            55.36110460873308,
                            -21.207751682060742
                        ],
                        [
                            55.36139837673023,
                            -21.206243546094495
                        ],
                        [
                            55.35920988500664,
                            -21.20711752391872
                        ],
                        [
                            55.35443759928633,
                            -21.204111714055443
                        ],
                        [
                            55.3442309517735,
                            -21.20807058020383
                        ],
                        [
                            55.34313849470853,
                            -21.206685008883955
                        ],
                        [
                            55.34322046795303,
                            -21.204604155804194
                        ],
                        [
                            55.346728959533664,
                            -21.20283291647534
                        ],
                        [
                            55.35242690964203,
                            -21.19505186397338
                        ],
                        [
                            55.358688653519586,
                            -21.19081795416961
                        ],
                        [
                            55.35845815717028,
                            -21.193696870950937
                        ],
                        [
                            55.35391474323404,
                            -21.199298803547535
                        ],
                        [
                            55.355918888869724,
                            -21.199582076900533
                        ],
                        [
                            55.356394173501926,
                            -21.196852963820966
                        ],
                        [
                            55.36334610578062,
                            -21.190387018640255
                        ],
                        [
                            55.36284318171051,
                            -21.18686119815428
                        ],
                        [
                            55.36479119348707,
                            -21.18658730891409
                        ],
                        [
                            55.36542316740619,
                            -21.18473205107303
                        ],
                        [
                            55.367627774625035,
                            -21.18503174794596
                        ],
                        [
                            55.366889966834684,
                            -21.183574416307867
                        ],
                        [
                            55.36921966624067,
                            -21.182899584735065
                        ],
                        [
                            55.3718183660994,
                            -21.18460508973996
                        ],
                        [
                            55.37216597710049,
                            -21.182632164910654
                        ],
                        [
                            55.374159065686314,
                            -21.183329347026653
                        ],
                        [
                            55.37338873302309,
                            -21.18212825760497
                        ],
                        [
                            55.37468834903379,
                            -21.18083010759865
                        ],
                        [
                            55.38593726486772,
                            -21.18097333422973
                        ]
                    ],
                    [
                        [
                            55.659162396191725,
                            -21.117269929585824
                        ],
                        [
                            55.65122857722749,
                            -21.120566583216366
                        ],
                        [
                            55.64862940971502,
                            -21.123411074130956
                        ],
                        [
                            55.649061797059495,
                            -21.125855955328326
                        ],
                        [
                            55.64533507002523,
                            -21.1226114849609
                        ],
                        [
                            55.65084393078407,
                            -21.117747549929824
                        ],
                        [
                            55.64881254099806,
                            -21.11588461467671
                        ],
                        [
                            55.65337722650987,
                            -21.114462463490348
                        ],
                        [
                            55.64929704952799,
                            -21.11190056975149
                        ],
                        [
                            55.64359536502816,
                            -21.11123297921899
                        ],
                        [
                            55.64181501204439,
                            -21.114904716729384
                        ],
                        [
                            55.63636396392741,
                            -21.114625887896423
                        ],
                        [
                            55.63361801440803,
                            -21.118258136715866
                        ],
                        [
                            55.63448944997392,
                            -21.11958876596893
                        ],
                        [
                            55.632388015789594,
                            -21.118802606145508
                        ],
                        [
                            55.62567665494741,
                            -21.120787184609014
                        ],
                        [
                            55.623303690526555,
                            -21.12733035895182
                        ],
                        [
                            55.61574505835806,
                            -21.129053335128194
                        ],
                        [
                            55.61521905073257,
                            -21.12795660877737
                        ],
                        [
                            55.61265279693454,
                            -21.131131042302364
                        ],
                        [
                            55.6097794783134,
                            -21.131476229563383
                        ],
                        [
                            55.60836253170433,
                            -21.12928380937027
                        ],
                        [
                            55.605362429942694,
                            -21.128847746657794
                        ],
                        [
                            55.60560701924933,
                            -21.131901553210096
                        ],
                        [
                            55.60261092729794,
                            -21.131228433535846
                        ],
                        [
                            55.60287327847078,
                            -21.132412000013122
                        ],
                        [
                            55.6014086929707,
                            -21.131869825323545
                        ],
                        [
                            55.598620673508655,
                            -21.133943542564303
                        ],
                        [
                            55.599532854015955,
                            -21.137327176269334
                        ],
                        [
                            55.598417980262205,
                            -21.138296729908458
                        ],
                        [
                            55.602258632538444,
                            -21.142911713678778
                        ],
                        [
                            55.59995867622024,
                            -21.146197247531177
                        ],
                        [
                            55.59643090005966,
                            -21.14269258226164
                        ],
                        [
                            55.59061282025675,
                            -21.14067205890782
                        ],
                        [
                            55.58947586061051,
                            -21.137415151171307
                        ],
                        [
                            55.59086816166606,
                            -21.135245974465555
                        ],
                        [
                            55.586762755017126,
                            -21.135703813765947
                        ],
                        [
                            55.58321216611616,
                            -21.131193462636638
                        ],
                        [
                            55.58395220025559,
                            -21.129803712150704
                        ],
                        [
                            55.580165292314,
                            -21.13137815486806
                        ],
                        [
                            55.579551553622125,
                            -21.133726219291685
                        ],
                        [
                            55.58358555412455,
                            -21.134070758758398
                        ],
                        [
                            55.5849803307795,
                            -21.137842954630358
                        ],
                        [
                            55.583569733832284,
                            -21.144487813226313
                        ],
                        [
                            55.58775835120999,
                            -21.142967701514348
                        ],
                        [
                            55.588581704813635,
                            -21.148387051334737
                        ],
                        [
                            55.5912281792308,
                            -21.149747045463315
                        ],
                        [
                            55.59045273802197,
                            -21.151373114417822
                        ],
                        [
                            55.592451737249014,
                            -21.15080239714394
                        ],
                        [
                            55.59516030860031,
                            -21.15502022426823
                        ],
                        [
                            55.59642498594648,
                            -21.15182284508375
                        ],
                        [
                            55.601107158523575,
                            -21.154655037332297
                        ],
                        [
                            55.602383097613334,
                            -21.152737293541666
                        ],
                        [
                            55.60171967595782,
                            -21.157796343347183
                        ],
                        [
                            55.603947484910734,
                            -21.159223241285087
                        ],
                        [
                            55.60140478901308,
                            -21.165317810632015
                        ],
                        [
                            55.60310950993801,
                            -21.16784880425442
                        ],
                        [
                            55.60758182236132,
                            -21.166754872683423
                        ],
                        [
                            55.61285460093693,
                            -21.17122533664002
                        ],
                        [
                            55.614649736862106,
                            -21.17089090769029
                        ],
                        [
                            55.62051118387742,
                            -21.16446151868132
                        ],
                        [
                            55.61733532542822,
                            -21.170143051629985
                        ],
                        [
                            55.62001467006309,
                            -21.17035644755521
                        ],
                        [
                            55.618471162435,
                            -21.17408669956239
                        ],
                        [
                            55.6205197718614,
                            -21.175979234687667
                        ],
                        [
                            55.62282385293805,
                            -21.172504574883625
                        ],
                        [
                            55.628641590703516,
                            -21.168635997163598
                        ],
                        [
                            55.63386021204027,
                            -21.16881572388232
                        ],
                        [
                            55.63738933142549,
                            -21.166953649866006
                        ],
                        [
                            55.639514951884365,
                            -21.15714114226717
                        ],
                        [
                            55.6414302063576,
                            -21.15814083174689
                        ],
                        [
                            55.64306793381328,
                            -21.151913836670243
                        ],
                        [
                            55.646696011600994,
                            -21.148917351450038
                        ],
                        [
                            55.64515321206885,
                            -21.147398202193823
                        ],
                        [
                            55.646729518351115,
                            -21.146437530778744
                        ],
                        [
                            55.64639868468501,
                            -21.143127317028032
                        ],
                        [
                            55.64233377226571,
                            -21.13856757223368
                        ],
                        [
                            55.64980600002751,
                            -21.134664448870225
                        ],
                        [
                            55.65049077576833,
                            -21.136101648536833
                        ],
                        [
                            55.65339374428547,
                            -21.135835321096877
                        ],
                        [
                            55.656676635926786,
                            -21.13251523951615
                        ],
                        [
                            55.651703383917585,
                            -21.128152938686473
                        ],
                        [
                            55.655037173528314,
                            -21.124767339440456
                        ],
                        [
                            55.657191850692904,
                            -21.12667888233424
                        ],
                        [
                            55.660913145716194,
                            -21.123825152454607
                        ],
                        [
                            55.65894069516241,
                            -21.122076168924192
                        ],
                        [
                            55.662279457780905,
                            -21.118768049836728
                        ],
                        [
                            55.659162396191725,
                            -21.117269929585824
                        ]
                    ]
                ]
            },
            "properties": {
                "id": 1,
                "type": "Coeur du Parc national"
            }
        }
    ]
}